{"avg_loss": [0.23974892745508272, 0.015576969425247247, 0.013407223190215166, 0.01247965290328117, 0.01210568312581465, 0.012956154130004364, 0.011944758788971818, 0.012402651810930952, 0.012113948100179048, 0.011513599407349386, 0.01202457913640139, 0.011651692333400451, 0.011873103135728744, 0.011660248067577192, 0.01172739586689394, 0.01145964695740346, 0.011587521003360265, 0.011427051995950009, 0.011329218677584988, 0.011266368228205472, 0.01155519956859524, 0.011572322615653649, 0.011128854606943912, 0.011382570934816094, 0.011525769325035955, 0.011476376570459686, 0.012019096645259061, 0.010972895213551465, 0.011383280626948747, 0.011249668991488892, 0.011218957165068788, 0.012131260246801286, 0.011437663735076804, 0.011349725410912444, 0.011928725299036144, 0.011513772242706357, 0.01136357233660086, 0.011171776150775685, 0.011542868622898796, 0.011579372955915724, 0.011170509018409363, 0.011186153104216855, 0.011106736494484085, 0.011031081345113148, 0.011103172455686944, 0.011266882445923488, 0.011252158317918374, 0.010902037183941334, 0.01113793225055452, 0.011246954468024133, 0.011370650519892297, 0.01133961466165681, 0.011249560331889483, 0.011010353603770359, 0.011125898075101802, 0.010967862751452508, 0.011320526293718467, 0.010883442060190544, 0.011014228811480472, 0.010884807537213577], "test_loss": [0.01800364143630281, 0.016406950870351527, 0.013274745502865115, 0.013064569293709668, 0.011787666541742596, 0.01178613444637621, 0.011353887554207668, 0.010480955197832108, 0.011146739655201902, 0.010520307055885315, 0.011529054518835458, 0.012963186088568794, 0.011263978065181167, 0.011245715037169793, 0.010522627259767601, 0.010717723053592315, 0.01066805726801492, 0.010587675208803216, 0.011149230129641063, 0.011194330621285156, 0.015179336820501679, 0.01068901020091695, 0.010777333420540068, 0.010673123162976885, 0.010654191108664269, 0.012896651746597237, 0.011168485154296892, 0.010705336794951531, 0.010340735541408892, 0.010604040498130239, 0.011180792285188784, 0.010377572232551605, 0.01072270076229999, 0.010801891001514128, 0.011437300374157971, 0.010795943047117241, 0.010757850707353016, 0.010182727178196956, 0.011289359776403749, 0.010947766006866696, 0.010847072151052668, 0.010897066985319429, 0.011214125932767995, 0.010799386940358273, 0.010655765299262222, 0.010416998988838784, 0.011322111279164356, 0.011042757655281815, 0.010527587383277063, 0.010465816145146713, 0.010149613285036205, 0.011011416452309386, 0.009902190346719686, 0.011311609188026879, 0.010546805237344614, 0.010437814181980153, 0.010392880593646594, 0.011698978073772218, 0.011315185374351321, 0.011192815973094806], "tot_time": 10.016612768173218, "tot_iterations": 240, "rho": [0.0001, 0.00015000000000000001, 0.00022500000000000002, 0.0003375, 0.00050625, 0.000759375, 0.0011390624999999999, 0.0017085937499999998, 0.0017085937499999998, 0.0025628906249999996, 0.0017085937499999996, 0.0011390624999999997, 0.0007593749999999997, 0.0005062499999999998, 0.0003374999999999998, 0.00022499999999999986, 0.0001499999999999999, 9.999999999999994e-05, 6.666666666666662e-05, 4.4444444444444406e-05, 2.9629629629629603e-05, 1.9753086419753066e-05, 1.3168724279835376e-05, 8.77914951989025e-06, 5.8527663465935e-06, 3.901844231062333e-06, 2.6012294873748884e-06, 1.734152991583259e-06, 1.1561019943888392e-06, 1e-06, 1e-06, 1e-06, 1e-06, 1e-06, 1e-06, 1e-06, 1e-06, 1e-06, 1e-06, 1e-06, 1e-06, 1e-06, 1e-06, 1e-06, 1e-06, 1e-06, 1e-06, 1e-06, 1e-06, 1e-06, 1e-06, 1e-06, 1e-06, 1e-06, 1e-06, 1e-06, 1e-06, 1e-06, 1e-06, 1e-06, 1e-06, 1e-06, 1e-06, 1e-06, 1e-06, 1e-06, 1e-06, 1e-06, 1e-06, 1e-06, 1e-06, 1e-06, 1e-06, 1e-06, 1e-06, 1e-06, 1e-06, 1e-06, 1e-06, 1e-06, 1e-06, 1e-06, 1e-06, 1e-06, 1e-06, 1e-06, 1e-06, 1e-06, 1e-06, 1e-06, 1e-06, 1e-06, 1e-06, 1e-06, 1e-06, 1e-06, 1e-06, 1e-06, 1e-06, 1e-06, 1e-06, 1e-06, 1e-06, 1e-06, 1e-06, 1e-06, 1e-06, 1e-06, 1e-06, 1e-06, 1e-06, 1e-06, 1e-06, 1e-06, 1e-06, 1e-06, 1e-06, 1e-06, 1e-06, 1e-06, 1e-06, 1e-06, 1e-06, 1e-06, 1e-06, 1e-06, 1e-06, 1e-06, 1e-06, 1e-06, 1e-06, 1e-06, 1e-06, 1e-06, 1e-06, 1e-06, 1e-06, 1e-06, 1e-06, 1e-06, 1e-06, 1e-06, 1e-06, 1e-06, 1e-06, 1e-06, 1e-06, 1e-06, 1e-06, 1e-06, 1e-06, 1e-06, 1e-06, 1e-06, 1e-06, 1e-06, 1e-06, 1e-06, 1e-06, 1e-06, 1e-06, 1e-06, 1e-06, 1e-06, 1e-06, 1e-06, 1e-06, 1e-06, 1e-06, 1e-06, 1e-06, 1e-06, 1e-06, 1e-06, 1e-06, 1e-06, 1e-06, 1e-06, 1e-06, 1e-06, 1e-06, 1e-06, 1e-06, 1e-06, 1e-06, 1e-06, 1e-06, 1e-06, 1e-06, 1e-06, 1e-06, 1e-06, 1e-06, 1e-06, 1e-06, 1e-06, 1e-06, 1e-06, 1e-06, 1e-06, 1e-06, 1e-06, 1e-06, 1e-06, 1e-06, 1e-06, 1e-06, 1e-06, 1e-06, 1e-06, 1e-06, 1e-06, 1e-06, 1e-06, 1e-06, 1e-06, 1e-06, 1e-06, 1e-06, 1e-06, 1e-06, 1e-06, 1e-06, 1e-06, 1e-06, 1e-06, 1e-06, 1e-06, 1e-06, 1e-06, 1e-06, 1e-06, 1e-06, 1e-06, 1e-06, 1e-06, 1e-06, 1e-06, 1e-06, 1e-06], "alpha": [0.5, 0.5, 0.25, 0.125, 0.25, 0.25, 0.5, 1.0, 0.5, 1.0, 1.0, 1.0, 1.0, 1.0, 1.0, 1.0, 1.0, 1.0, 1.0, 1.0, 1.0, 1.0, 1.0, 1.0, 1.0, 1.0, 1.0, 1.0, 1.0, 1.0, 1.0, 1.0, 1.0, 1.0, 1.0, 1.0, 1.0, 1.0, 1.0, 1.0, 1.0, 1.0, 1.0, 1.0, 1.0, 1.0, 1.0, 1.0, 1.0, 1.0, 1.0, 1.0, 1.0, 1.0, 1.0, 1.0, 1.0, 1.0, 1.0, 1.0, 1.0, 1.0, 1.0, 1.0, 1.0, 1.0, 1.0, 1.0, 1.0, 1.0, 1.0, 1.0, 1.0, 1.0, 1.0, 1.0, 1.0, 1.0, 1.0, 1.0, 1.0, 1.0, 1.0, 1.0, 1.0, 1.0, 1.0, 1.0, 1.0, 1.0, 1.0, 1.0, 1.0, 1.0, 1.0, 1.0, 1.0, 1.0, 1.0, 1.0, 1.0, 1.0, 1.0, 1.0, 1.0, 1.0, 1.0, 1.0, 1.0, 1.0, 1.0, 1.0, 1.0, 1.0, 1.0, 1.0, 1.0, 1.0, 1.0, 1.0, 1.0, 1.0, 1.0, 1.0, 1.0, 1.0, 1.0, 1.0, 1.0, 1.0, 1.0, 1.0, 1.0, 1.0, 1.0, 1.0, 1.0, 1.0, 1.0, 1.0, 1.0, 1.0, 1.0, 1.0, 1.0, 1.0, 1.0, 1.0, 1.0, 1.0, 1.0, 1.0, 1.0, 1.0, 1.0, 1.0, 1.0, 1.0, 1.0, 1.0, 1.0, 1.0, 1.0, 1.0, 1.0, 1.0, 1.0, 1.0, 1.0, 1.0, 1.0, 1.0, 1.0, 1.0, 1.0, 1.0, 1.0, 1.0, 1.0, 1.0, 1.0, 1.0, 1.0, 1.0, 1.0, 1.0, 1.0, 1.0, 1.0, 1.0, 1.0, 1.0, 1.0, 1.0, 1.0, 1.0, 1.0, 1.0, 1.0, 1.0, 1.0, 1.0, 1.0, 1.0, 1.0, 1.0, 1.0, 1.0, 1.0, 1.0, 1.0, 1.0, 1.0, 1.0, 1.0, 1.0, 1.0, 1.0, 1.0, 1.0, 1.0, 1.0, 1.0, 1.0, 1.0, 1.0, 1.0, 1.0, 1.0, 1.0, 1.0, 1.0, 1.0, 1.0, 1.0, 1.0, 1.0, 1.0, 1.0, 1.0]}