{"avg_loss": [2.099281642484533, 1.2919420573115774, 0.7750352525218659, 0.6859776138299849, 0.6398541838167937, 0.602959551672573, 0.5816720178574538, 0.5572908256644749, 0.5412472987369898, 0.531676928537384, 0.5113307982046229, 0.5002093456529993, 0.4923728922321876, 0.4830973588221918, 0.4771288778890373, 0.4644510865534971, 0.4583468294359794, 0.45195969754091003, 0.4514393614157458, 0.443281402381489, 0.4364162237567468, 0.4285524060598428, 0.42634051785643506, 0.42796920935539107, 0.4176147844020481, 0.41494212891805454, 0.40897203953148314, 0.4090772286981589, 0.4041778777299748, 0.40230500927361734, 0.39778651470603577, 0.3957590394343187, 0.396466115937635, 0.38923982249683087, 0.3910588922990559, 0.3842443105048779, 0.3817430779185439, 0.3801871172385261, 0.38108689389347844, 0.3817184345974303, 0.3750606716251567, 0.37756698734971983, 0.3701756508933022, 0.3679699895423025, 0.3673557659514584, 0.36383297009914783, 0.3617338883227615, 0.35984570905468355, 0.35871472621951894, 0.3589333061240939, 0.35946472105053995, 0.3535172074240008, 0.3507597302935582, 0.3573747053591193, 0.3471680571597543, 0.35004939877563146, 0.34477907484162185, 0.344625430597092, 0.34141825921577146, 0.3433988687125747, 0.34172435571931736, 0.3418321853439813, 0.33659889718431985, 0.3382611476072539, 0.33838731345423256, 0.3369901743241754, 0.3343847504490039, 0.33139020542972825, 0.3362724961281176, 0.3294990774708501, 0.332453722431661, 0.3261633381002809, 0.33152974372972493, 0.32574881249178117, 0.3241106564931358, 0.3237607870313494, 0.32032302257800843, 0.3220157852147402, 0.32153917396153453, 0.3225672605477111, 0.3208046021178319, 0.3182560722053514, 0.3161322514874461, 0.31677772763306583, 0.31685806958565527, 0.3162389184203158, 0.31540466811307877, 0.3128652556938028, 0.313365147806467, 0.3083213094527293, 0.31294855950423633, 0.3114571910252576, 0.30808245835388287, 0.30856502837992894, 0.30742904051575787, 0.30778154798977925, 0.3035142880933576, 0.3067247640710122, 0.3042846732076109, 0.30058582734405037], "acc": [0.29140000000000005, 0.5976333333333331, 0.7241333333333336, 0.7466500000000001, 0.7609333333333334, 0.7765833333333335, 0.7850499999999999, 0.7964333333333332, 0.8007833333333332, 0.8037666666666667, 0.8124833333333338, 0.8168833333333332, 0.82005, 0.8229666666666663, 0.8261166666666669, 0.8319000000000002, 0.8329166666666666, 0.8374499999999997, 0.8358499999999999, 0.8400499999999999, 0.8411833333333334, 0.8449333333333334, 0.8459999999999999, 0.8438166666666664, 0.8485666666666668, 0.8501833333333331, 0.853, 0.8510000000000003, 0.8534666666666663, 0.8543166666666663, 0.8559333333333334, 0.8565833333333333, 0.8550333333333332, 0.8597333333333332, 0.8583666666666664, 0.8607833333333328, 0.8612499999999998, 0.8618333333333333, 0.8602166666666666, 0.8602666666666664, 0.8627666666666663, 0.8621166666666665, 0.8652833333333335, 0.8656000000000003, 0.8656499999999998, 0.8668333333333328, 0.8681833333333333, 0.8692666666666665, 0.8695333333333333, 0.8688666666666667, 0.8703833333333334, 0.8713666666666665, 0.87245, 0.8691166666666665, 0.8744833333333334, 0.8736833333333335, 0.8745166666666665, 0.8747666666666666, 0.8765333333333333, 0.8760499999999998, 0.8748833333333336, 0.8764833333333333, 0.8776833333333337, 0.8775499999999998, 0.8759500000000002, 0.8769333333333333, 0.8783666666666665, 0.8805999999999999, 0.8771000000000001, 0.8807833333333333, 0.8789833333333334, 0.88265, 0.8783000000000001, 0.8817666666666665, 0.8829666666666667, 0.8826666666666666, 0.8837500000000001, 0.8832666666666665, 0.8832166666666664, 0.8826666666666667, 0.8831000000000002, 0.8837666666666667, 0.8852166666666668, 0.8841500000000001, 0.8860833333333333, 0.8848999999999999, 0.8852666666666665, 0.8860833333333334, 0.8867833333333334, 0.8890333333333336, 0.8856500000000003, 0.8863666666666669, 0.8876333333333335, 0.8881000000000001, 0.888516666666667, 0.8877166666666667, 0.8897000000000002, 0.8881833333333337, 0.8892500000000001, 0.890916666666667], "test_acc": [0.4499, 0.694, 0.7345, 0.7491, 0.74, 0.7568, 0.7887, 0.7952, 0.7884, 0.7998, 0.815, 0.8039, 0.8154, 0.819, 0.8249, 0.8157, 0.8304, 0.8342, 0.8211, 0.8289, 0.8372, 0.833, 0.8385, 0.8389, 0.8386, 0.8381, 0.8431, 0.8448, 0.8472, 0.8475, 0.8471, 0.8329, 0.8492, 0.8521, 0.8459, 0.855, 0.8513, 0.853, 0.843, 0.8481, 0.8558, 0.8501, 0.8525, 0.8469, 0.8598, 0.8554, 0.8494, 0.8579, 0.8573, 0.845, 0.8535, 0.8589, 0.8523, 0.8627, 0.8589, 0.8578, 0.862, 0.8621, 0.8635, 0.8544, 0.8586, 0.8619, 0.8646, 0.8637, 0.8627, 0.8642, 0.8686, 0.8593, 0.8686, 0.8659, 0.8697, 0.8704, 0.8636, 0.8591, 0.8694, 0.8715, 0.862, 0.8704, 0.8676, 0.8735, 0.8703, 0.8704, 0.8689, 0.8743, 0.8707, 0.8733, 0.8704, 0.8731, 0.8731, 0.8721, 0.8747, 0.8687, 0.8758, 0.8694, 0.861, 0.8659, 0.8726, 0.8716, 0.8713, 0.875], "tot_time": 323.81337237358093, "tot_iterations": 6000, "tot_epochs": 100}