{"avg_loss": [0.883270828144992, 0.5099075714444681, 0.5080663633523802, 0.5076863768987482, 0.5097771014636339, 0.5071606631831413, 0.5066355119053868, 0.5067837056158442, 0.5036369248100386, 0.5001083736591113, 0.5020329364604582, 0.49796666243917825, 0.49955724364161014, 0.5006714109946323, 0.5017977041643633, 0.4994136726102208, 0.4980521705476776, 0.49723872709992045, 0.49335019106511835, 0.4934716900897335, 0.4931254077750205, 0.49216284566730933, 0.4900911065863056, 0.48442115198775465, 0.48209699426036406, 0.47698032580321703, 0.47335223429007656, 0.4682107409639547, 0.4643303830780778, 0.4622034781303845, 0.4552802213368959, 0.4523038821529884, 0.44960725790137, 0.4478690678034235, 0.4470525158359745, 0.44880725020827456, 0.44287588279918977, 0.4389276217306683, 0.4354425848875071, 0.4322281346609123, 0.4301941178609993, 0.42706662230822967, 0.42593660597443905, 0.420065429052686, 0.41525819333749764, 0.41346929731798726, 0.41419012556399987, 0.4083716963776704, 0.40561252681044496, 0.40415497751174684, 0.40274524619959967, 0.39939618611603295, 0.3991477988415005, 0.3948911952968613, 0.39196035295047643, 0.39178649220949124, 0.38829670424360224, 0.388082793648889, 0.38304432193363647, 0.3805601722911135, 0.37787994891175775, 0.37164568970255835, 0.36569718365289233, 0.36332568408984584, 0.3593006275134948, 0.35478525085006457, 0.3534129865866555], "test_loss": [0.5074802836670701, 0.5078293412201489, 0.5007454722520503, 0.5137726731838114, 0.4991269542249384, 0.4996094606459457, 0.5023684707108231, 0.4978569086867345, 0.4961168587479533, 0.5007481202640752, 0.493537998220982, 0.4944858581042826, 0.5003215688896833, 0.4924549359258457, 0.5143762429252668, 0.4932322433878692, 0.5001390431298423, 0.48961850458051975, 0.4891175299499023, 0.48875424713663385, 0.4891324200574799, 0.4836784700823411, 0.48099587353009093, 0.4778368307369523, 0.47293256758640884, 0.467332529591143, 0.4623683308230771, 0.45959506593111676, 0.4548445147205181, 0.4486452589541136, 0.44359900242559075, 0.446651169791719, 0.4369980075766583, 0.43657987712144564, 0.4395278722225713, 0.4334490180257025, 0.43247476469474344, 0.42644661139116896, 0.4254441662821164, 0.423917649963957, 0.41970994426087654, 0.41768299072592685, 0.43824987242126745, 0.41057531043947076, 0.4122978340630389, 0.4073547614535294, 0.4118120929683749, 0.40258415078898724, 0.405799338949889, 0.40588693703762607, 0.3971078572740233, 0.39557950109302337, 0.39175022801560466, 0.3871768825553518, 0.38523189430853655, 0.38217132865962733, 0.3829838666868761, 0.37831505465597715, 0.37777211515375575, 0.3724382925619652, 0.3712763902771353, 0.36579179669402545, 0.36770649570308866, 0.35691461616971676, 0.3577167964083303, 0.3486829047958457, 0.35095593962646315], "tot_time": 100.50563478469849, "tot_iterations": 469, "rho": [0.0001, 6.666666666666667e-05, 4.4444444444444447e-05, 6.666666666666667e-05, 0.0001, 0.00015000000000000001, 0.00022500000000000002, 0.0003375, 0.00050625, 0.00033749999999999996, 0.00050625, 0.000759375, 0.000759375, 0.000759375, 0.0011390624999999999, 0.0011390624999999999, 0.0007593749999999999, 0.0011390624999999999, 0.0007593749999999999, 0.0005062499999999999, 0.0007593749999999999, 0.0005062499999999999, 0.0005062499999999999, 0.0005062499999999999, 0.0005062499999999999, 0.0003374999999999999, 0.0005062499999999999, 0.0007593749999999999, 0.0007593749999999999, 0.0007593749999999999, 0.0011390624999999999, 0.0011390624999999999, 0.0011390624999999999, 0.0007593749999999999, 0.0007593749999999999, 0.0011390624999999999, 0.0007593749999999999, 0.0007593749999999999, 0.0005062499999999999, 0.0007593749999999999, 0.0005062499999999999, 0.0005062499999999999, 0.0003374999999999999, 0.0005062499999999999, 0.0005062499999999999, 0.0007593749999999999, 0.0007593749999999999, 0.0011390624999999999, 0.0011390624999999999, 0.0007593749999999999, 0.0005062499999999999, 0.0007593749999999999, 0.0007593749999999999, 0.0011390624999999999, 0.0007593749999999999, 0.0007593749999999999, 0.0007593749999999999, 0.0007593749999999999, 0.0005062499999999999, 0.0007593749999999999, 0.0007593749999999999, 0.0011390624999999999, 0.0011390624999999999, 0.0007593749999999999, 0.0011390624999999999, 0.0007593749999999999, 0.0011390624999999999, 0.0011390624999999999, 0.0017085937499999998, 0.0011390624999999999, 0.0017085937499999998, 0.0017085937499999998, 0.0017085937499999998, 0.0025628906249999996, 0.0038443359374999994, 0.0025628906249999996, 0.0017085937499999996, 0.0011390624999999997, 0.0017085937499999996, 0.0025628906249999996, 0.0038443359374999994, 0.0025628906249999996, 0.0017085937499999996, 0.0025628906249999996, 0.0025628906249999996, 0.0017085937499999996, 0.0017085937499999996, 0.0025628906249999996, 0.0038443359374999994, 0.0025628906249999996, 0.0025628906249999996, 0.0038443359374999994, 0.0025628906249999996, 0.0038443359374999994, 0.0025628906249999996, 0.0017085937499999996, 0.0017085937499999996, 0.0025628906249999996, 0.0017085937499999996, 0.0017085937499999996, 0.0017085937499999996, 0.0017085937499999996, 0.0017085937499999996, 0.0017085937499999996, 0.0017085937499999996, 0.0025628906249999996, 0.0038443359374999994, 0.0025628906249999996, 0.0038443359374999994, 0.0038443359374999994, 0.0025628906249999996, 0.0017085937499999996, 0.0011390624999999997, 0.0017085937499999996, 0.0025628906249999996, 0.0038443359374999994, 0.0025628906249999996, 0.0038443359374999994, 0.0025628906249999996, 0.0038443359374999994, 0.0025628906249999996, 0.0017085937499999996, 0.0011390624999999997, 0.0017085937499999996, 0.0011390624999999997, 0.0017085937499999996, 0.0025628906249999996, 0.0017085937499999996, 0.0025628906249999996, 0.0038443359374999994, 0.0025628906249999996, 0.0025628906249999996, 0.0038443359374999994, 0.0025628906249999996, 0.0038443359374999994, 0.00576650390625, 0.00576650390625, 0.00576650390625, 0.00576650390625, 0.0038443359374999994, 0.0038443359374999994, 0.00576650390625, 0.0038443359374999994, 0.00576650390625, 0.00576650390625, 0.008649755859375, 0.00576650390625, 0.0038443359374999994, 0.0025628906249999996, 0.0025628906249999996, 0.0038443359374999994, 0.0038443359374999994, 0.0025628906249999996, 0.0038443359374999994, 0.0038443359374999994, 0.0038443359374999994, 0.00576650390625, 0.0038443359374999994, 0.0025628906249999996, 0.0025628906249999996, 0.0038443359374999994, 0.00576650390625, 0.00576650390625, 0.0038443359374999994, 0.00576650390625, 0.0038443359374999994, 0.0038443359374999994, 0.0025628906249999996, 0.0038443359374999994, 0.00576650390625, 0.0038443359374999994, 0.0025628906249999996, 0.0038443359374999994, 0.0038443359374999994, 0.00576650390625, 0.00576650390625, 0.00576650390625, 0.00576650390625, 0.008649755859375, 0.00576650390625, 0.0038443359374999994, 0.00576650390625, 0.008649755859375, 0.008649755859375, 0.008649755859375, 0.0129746337890625, 0.0129746337890625, 0.01946195068359375, 0.012974633789062499, 0.012974633789062499, 0.008649755859374999, 0.008649755859374999, 0.008649755859374999, 0.008649755859374999, 0.005766503906249999, 0.003844335937499999, 0.003844335937499999, 0.005766503906249999, 0.003844335937499999, 0.003844335937499999, 0.005766503906249999, 0.003844335937499999, 0.003844335937499999, 0.003844335937499999, 0.005766503906249999, 0.003844335937499999, 0.003844335937499999, 0.002562890624999999, 0.0038443359374999986, 0.0038443359374999986, 0.0025628906249999988, 0.0025628906249999988, 0.003844335937499998, 0.0025628906249999988, 0.0025628906249999988, 0.003844335937499998, 0.005766503906249997, 0.0038443359374999977, 0.0025628906249999983, 0.0017085937499999987, 0.002562890624999998, 0.0017085937499999985, 0.0017085937499999985, 0.002562890624999998, 0.002562890624999998, 0.003844335937499997, 0.005766503906249995, 0.003844335937499997, 0.002562890624999998, 0.002562890624999998, 0.0017085937499999985, 0.002562890624999998, 0.003844335937499997, 0.005766503906249995, 0.008649755859374993, 0.005766503906249995, 