{"avg_loss": [1.0914968654939678, 0.5917007015435198, 0.5066029483815727, 0.467741600186992, 0.4356484577555191, 0.4165483511479315, 0.3924839878776477, 0.3738833191533676, 0.37143030054534326, 0.3536441045404386, 0.3498256643243876, 0.34257899997202684, 0.33350642979102363, 0.32206233371461473, 0.3238239635755355, 0.3153617020603423, 0.30669540976240184, 0.30180332420777584, 0.29755823264449793, 0.2936756253991433, 0.2911263252400683, 0.28675868411404964, 0.28676645136254764, 0.2765754664903352, 0.27271280238974, 0.27481377730574963, 0.2708022249762806, 0.2671746527127488, 0.26975715790281996, 0.2611190297129655, 0.2615359554187852, 0.25671031839534336, 0.2548189108298151, 0.24692858947919413, 0.25331603717544726, 0.24614251493340863, 0.24799057254667498, 0.2428135699976046, 0.24219645778917764, 0.23674192944666578, 0.24656249776609762, 0.23307647670486156, 0.23711360333235706, 0.23398010037893666, 0.2330591480176878, 0.22916264586021448, 0.22789869941479463, 0.2221655318254602, 0.22486273817189678, 0.22039191586161191, 0.22575967728640686, 0.21789526456347316, 0.22319078863275216, 0.2115826067597442, 0.21505324569707474, 0.21157385051260696, 0.21394721592121396, 0.2068182153393376, 0.20770957561954356, 0.20397853088578127, 0.21271332546069852, 0.20209320846201234, 0.20244128623676294, 0.19675678282961026, 0.2005243688333112, 0.19832335598675693, 0.19497111539409065, 0.36316907819747685, 0.24324073928347903, 0.2188455751971682, 0.20980111350578007, 0.20376306915696618, 0.1982070460948608, 0.19474351344233126, 0.19591983619928038, 0.19254791861502227, 0.18861451069435872, 0.18768071767369646, 0.18848791405989399, 0.18187881715935278, 0.18654782673332007, 0.1820873451659639, 0.1796473788592435, 0.1767021770861492, 0.18109068023191197, 0.17318004998763828, 0.17841137794984965, 0.1710123270799441, 0.17165729493455756, 0.16956826347384055, 0.16902502823561857, 0.16651591105831126, 0.1690065142973808, 0.16731561139565634, 0.16158072020786368, 0.16337449419903152, 0.16045328656265254, 0.16010801694261723, 0.160261456899291, 0.15768608546139942], "acc": [0.6021833333333334, 0.77295, 0.8126, 0.8262166666666666, 0.8383666666666667, 0.8455666666666665, 0.8553333333333334, 0.8619166666666666, 0.8629666666666669, 0.8690666666666668, 0.8698999999999996, 0.8717833333333334, 0.8757666666666668, 0.8803833333333336, 0.879866666666667, 0.8828000000000004, 0.8854833333333334, 0.8875666666666671, 0.8895666666666668, 0.8904333333333334, 0.8911, 0.8945666666666666, 0.8934000000000002, 0.8967666666666668, 0.8997333333333334, 0.8980666666666668, 0.8995333333333334, 0.9014166666666666, 0.8996666666666666, 0.9025166666666669, 0.9030666666666668, 0.9042833333333335, 0.9055833333333335, 0.9095333333333334, 0.9053666666666668, 0.9089666666666666, 0.9071666666666668, 0.9095333333333334, 0.9103333333333335, 0.9125, 0.9081999999999998, 0.9130333333333333, 0.9127999999999994, 0.9124166666666667, 0.9119333333333334, 0.9147833333333331, 0.9153666666666666, 0.9175499999999998, 0.9160833333333331, 0.9176499999999997, 0.9154999999999998, 0.9192833333333333, 0.9170333333333331, 0.9218333333333332, 0.9202666666666666, 0.9218499999999996, 0.9198166666666665, 0.9233999999999999, 0.9234833333333334, 0.9246166666666665, 0.9217999999999998, 0.9246166666666666, 0.9247333333333333, 0.9273333333333333, 0.9260166666666668, 0.9254666666666665, 0.9278499999999998, 0.8866000000000002, 0.9095999999999997, 0.9182499999999997, 0.9208166666666665, 0.9234333333333332, 0.9261999999999999, 0.9270666666666665, 0.9267500000000002, 0.9282499999999997, 0.9301166666666666, 0.9299666666666664, 0.9287666666666665, 0.932283333333333, 0.9297166666666663, 0.9313333333333333, 0.9333166666666667, 0.9342500000000001, 0.9317833333333331, 0.9362333333333333, 0.93275, 0.9361333333333335, 0.9356333333333332, 0.9368166666666667, 0.9365833333333329, 0.9376666666666669, 0.9365, 0.9379666666666665, 0.9393666666666669, 0.9390333333333333, 0.9404999999999999, 0.9404333333333332, 0.9403666666666667, 0.9406333333333333], "test_acc": [0.7249, 0.8, 0.8159, 0.8339, 0.8357, 0.8524, 0.8515, 0.8582, 0.8542, 0.8684, 0.8375, 0.8675, 0.8712, 0.8706, 0.8651, 0.8782, 0.8798, 0.8764, 0.8743, 0.8825, 0.8785, 0.8542, 0.88, 0.8839, 0.8811, 0.8796, 0.8841, 0.8754, 0.8813, 0.8821, 0.8797, 0.8858, 0.8856, 0.8908, 0.8873, 0.8893, 0.8851, 0.8861, 0.8918, 0.8885, 0.8902, 0.8759, 0.8915, 0.8944, 0.8902, 0.8872, 0.8946, 0.893, 0.8918, 0.8903, 0.8959, 0.893, 0.8939, 0.8969, 0.8972, 0.8967, 0.8942, 0.8945, 0.8914, 0.8984, 0.8805, 0.8961, 0.8916, 0.8978, 0.8949, 0.8921, 0.8959, 0.8819, 0.8952, 0.8898, 0.8903, 0.8943, 0.8959, 0.8961, 0.8968, 0.8884, 0.8955, 0.8964, 0.9, 0.8984, 0.8924, 0.8943, 0.8993, 0.8926, 0.8994, 0.893, 0.8975, 0.9007, 0.8849, 0.8917, 0.8983, 0.8941, 0.8929, 0.8968, 0.8994, 0.8927, 0.8955, 0.8955, 0.8917, 0.8985], "tot_time": 323.073379278183, "tot_iterations": 6000, "tot_epochs": 100}