{"avg_loss": [2.31567207267496, 2.3028683450216296, 2.3029456266038526, 2.3029398635212557, 2.3029420528984024, 2.302935234527443, 2.302888273087591, 2.302861142743118, 2.3029469297240994, 2.3028806932628587, 2.3029172422277133, 2.302888460276658, 2.302892584528812, 2.3028748478652408, 2.302885229771438, 2.3028610487365566, 2.3028952382340355, 2.302886001366518, 2.302943993246691, 2.3028481718150378, 2.3029347233385162, 2.302880575846216, 2.3029167662456005, 2.3029343411374965, 2.3029434476336865, 2.3029404474803177, 2.302913694666287, 2.302857941306684, 2.3029048446213425, 2.3029283889038923, 2.302897326149328, 2.302855247421413, 2.302874070579796, 2.302889738212362, 2.302908339995149, 2.3028471298806723, 2.3029679717058715, 2.302860644408271, 2.302846885384318, 2.3029412066332235, 2.3028599143859854, 2.302912447231013, 2.302837284382085, 2.3028797831679007, 2.3028827942847077, 2.3028362206700335, 2.3029317212694127, 2.3028618870553763, 2.3028309754843215, 2.3028986863314063, 2.3028523230790117, 2.3028928135440014, 2.3029359195550447, 2.302956004741223, 2.3029373264026565, 2.3028055352550103, 2.3028971081970244, 2.737411981397569, 2.3030398604697258, 2.3030002963242913, 2.3029126131238224, 2.3032392989566954, 2.303010531397944, 2.3030069865086897, 2.3029929523698547, 2.303051667473959, 2.303012214976405, 2.302973590481071, 2.3030674731468745, 2.303052840307976, 2.30291613527632, 2.3030129404898045, 2.3029737116412985, 2.3029765307716987, 2.303010739472483, 2.3028612808549775, 2.3029405620972683, 2.3029500472807176, 2.3028501181087853, 2.3029446882236213, 2.3029818759724607, 2.3029684521448965, 2.303003362666057, 2.30301402620635, 2.3029491089127396, 2.3029487180927375, 2.302948409511091, 2.3029720072791857, 2.302929293375201, 2.303015477887569, 2.3029092462711245, 2.302947422617025, 2.3029306883272227, 2.3029679958196847, 2.3029200456415753, 2.302908311768132, 2.302925164751709, 2.302966112619579, 2.302926884447255, 2.3028942670641377], "acc": [0.10433333333333335, 0.10051666666666671, 0.09851666666666672, 0.09706666666666668, 0.0989666666666667, 0.09870000000000002, 0.10006666666666668, 0.10003333333333336, 0.09876666666666668, 0.09951666666666666, 0.09836666666666669, 0.09861666666666667, 0.09956666666666668, 0.09818333333333337, 0.09963333333333334, 0.10001666666666666, 0.09908333333333334, 0.09720000000000001, 0.09805000000000001, 0.10005000000000003, 0.10030000000000001, 0.09746666666666667, 0.09778333333333336, 0.09798333333333333, 0.09649999999999997, 0.0982666666666667, 0.09753333333333337, 0.09913333333333336, 0.09803333333333335, 0.10041666666666672, 0.09900000000000003, 0.0995, 0.0986, 0.09758333333333334, 0.09873333333333335, 0.09895000000000001, 0.09788333333333336, 0.09960000000000005, 0.09888333333333331, 0.09876666666666667, 0.10111666666666669, 0.0984166666666667, 0.0989166666666667, 0.09935000000000004, 0.09991666666666668, 0.09990000000000004, 0.09993333333333339, 0.09763333333333334, 0.09883333333333337, 0.0981666666666667, 0.09993333333333337, 0.09763333333333336, 0.09841666666666667, 0.09770000000000004, 0.09846666666666669, 0.09926666666666666, 0.09806666666666668, 0.09923333333333334, 0.09871666666666669, 0.09991666666666667, 0.09941666666666668, 0.0994166666666667, 0.09886666666666671, 0.10018333333333336, 0.10018333333333335, 0.09943333333333335, 0.09955000000000001, 0.09916666666666668, 0.0991166666666667, 0.09673333333333338, 0.10010000000000004, 0.09785000000000006, 0.09748333333333335, 0.10008333333333337, 0.0979166666666667, 0.09878333333333335, 0.10191666666666668, 0.09946666666666672, 0.10011666666666667, 0.09980000000000003, 0.09888333333333335, 0.09971666666666668, 0.09936666666666664, 0.09965000000000002, 0.10031666666666669, 0.09955000000000003, 0.09840000000000004, 0.09995000000000002, 0.10013333333333338, 0.09696666666666667, 0.09826666666666671, 0.09991666666666668, 0.09881666666666665, 0.09906666666666669, 0.0997666666666667, 0.09748333333333334, 0.09813333333333335, 0.09768333333333336, 0.09909999999999998, 0.10075000000000005], "test_acc": [0.1001, 0.1, 0.1, 0.1, 0.1, 0.1, 0.1002, 0.1, 0.1, 0.1, 0.1, 0.1, 0.1, 0.1, 0.1001, 0.1, 0.1, 0.1, 0.1, 0.1, 0.1, 0.1, 0.1, 0.1, 0.1, 0.1, 0.1, 0.1, 0.1, 0.1, 0.1002, 0.1, 0.1, 0.1, 0.1, 0.1, 0.1, 0.1, 0.1, 0.1, 0.1, 0.1, 0.1001, 0.1, 0.1, 0.1, 0.1001, 0.1002, 0.1, 0.1, 0.1, 0.1, 0.1, 0.1, 0.1, 0.0999, 0.1001, 0.1, 0.1, 0.1001, 0.1005, 0.1, 0.1, 0.1, 0.1, 0.1, 0.1, 0.1, 0.1, 0.1, 0.1, 0.1, 0.1, 0.1, 0.1, 0.1, 0.1, 0.1, 0.1, 0.1, 0.1, 0.1, 0.1, 0.1, 0.1, 0.1, 0.1, 0.1, 0.1, 0.1, 0.1, 0.1, 0.1, 0.1, 0.1, 0.1, 0.1, 0.1, 0.1, 0.1], "tot_time": 328.75803804397583, "tot_iterations": 6000, "tot_epochs": 100}