{"avg_loss": [2.3027055651413857, 2.3019671799723507, 2.3009415922035474, 2.298565123310308, 2.2878311733481875, 2.1716864796164073, 2.045953778953907, 1.963083001170697, 1.912103270654383, 1.8586241865288613, 1.8195849210015127, 1.7849434251511922, 1.756360140286533, 1.7181354006599832, 1.7027201621675656, 1.6696472443223451, 1.6369859603918693, 1.609313516991051, 1.6012758621972294, 1.559108197968342, 1.5219769266378598, 1.4971431976030751, 1.4611382285239896, 1.4293516711512257, 1.3996090363545717, 1.372989282297623, 1.345635501088628, 1.315997866778134, 1.2898207294908783, 1.270189606052736, 1.234413154881093, 1.2202909089300173, 1.1941998676473569, 1.162996953038751, 1.150143480829193, 1.1332098312432248, 1.1027868709428938, 1.083230291403713, 1.0679669224240729, 1.0558770277881557, 1.0223691046879992, 1.007947421455383, 0.9948530879386468, 0.9650506655936192, 0.9668591329160812, 0.9398825888131138, 0.9239168433111047, 0.9099899959860555, 0.8953540892993719, 0.8804937266307512, 0.8641162898100262, 0.8557549339948584, 0.8352576594878256, 0.8265520899907759, 0.827717794674195, 0.7972124390504942, 0.7728270471564475, 0.7766234403009878, 0.7696744942283799, 0.7416022644104023, 0.747153507600183, 0.7239109709264953, 0.7050627116842889, 0.7111376582603127, 0.6804606516093985, 0.6784034573383039, 0.6679379517384259, 0.6625047073998525, 0.6579373077949924, 0.6410278790189932, 0.6246305622109539, 0.6193035899014108, 0.6130670235035032, 0.5906105645835116, 0.5876820709922028, 0.5792145019505195, 0.5718334691900191, 0.5739302461227356, 0.552905745161112, 0.5548153885532474, 0.5265556193113309, 0.5151367317129195, 0.5161854933308512, 0.49282357430629986, 0.4814104905291341, 0.4919620682340197, 0.48562221166916136, 0.4531080262673995, 0.45897934608972507, 0.4542088909552057, 0.46849740066181356, 0.42779282784684186, 0.4347445621275439, 0.4219716647020632, 0.44080743078599516, 0.3918079616763896, 0.38969643885094013, 0.37875889920128136, 0.388820307840218, 0.34112923474486256], "acc": [0.10000000000000003, 0.10284000000000003, 0.1074, 0.20194000000000004, 0.19295999999999996, 0.21352000000000004, 0.26738, 0.3022199999999999, 0.32136000000000003, 0.3431800000000001, 0.35505999999999993, 0.3666599999999998, 0.38263999999999987, 0.39299999999999996, 0.39898000000000006, 0.40852, 0.42242, 0.4319200000000001, 0.43414, 0.45048, 0.46346000000000004, 0.47210000000000013, 0.48636, 0.49922000000000016, 0.51024, 0.52162, 0.5300799999999999, 0.5411800000000001, 0.5503999999999999, 0.5547799999999998, 0.5706600000000001, 0.57662, 0.58644, 0.5939600000000002, 0.6021600000000001, 0.6056400000000001, 0.61492, 0.62354, 0.6281600000000002, 0.6319199999999999, 0.6434000000000001, 0.6490400000000001, 0.65542, 0.6650000000000001, 0.6620200000000002, 0.6716600000000001, 0.6807599999999999, 0.68304, 0.6897400000000001, 0.6935799999999999, 0.6996399999999998, 0.7041599999999998, 0.71048, 0.71252, 0.71388, 0.7234, 0.7323400000000001, 0.7321, 0.7332199999999999, 0.74142, 0.7414199999999999, 0.7500999999999999, 0.7560400000000002, 0.7533200000000001, 0.7636200000000002, 0.7635600000000001, 0.7683199999999998, 0.7683199999999999, 0.7689800000000001, 0.7762800000000003, 0.78276, 0.7820800000000001, 0.7836600000000001, 0.7951999999999999, 0.7949599999999998, 0.7958, 0.7989799999999999, 0.8011399999999999, 0.8066200000000001, 0.8061800000000001, 0.81528, 0.8190999999999999, 0.8183199999999998, 0.82798, 0.8299799999999997, 0.82536, 0.82872, 0.84032, 0.8379800000000002, 0.8411999999999997, 0.8342799999999998, 0.8517800000000001, 0.8461399999999999, 0.8506800000000001, 0.8486600000000002, 0.86272, 0.86496, 0.8658800000000002, 0.8630199999999999, 0.8787599999999998], "test_acc": [0.1, 0.1, 0.1912, 0.1987, 0.1821, 0.2301, 0.2886, 0.319, 0.3365, 0.3351, 0.3523, 0.3364, 0.3815, 0.3202, 0.3995, 0.3757, 0.3999, 0.3646, 0.4485, 0.439, 0.4595, 0.4661, 0.4769, 0.5033, 0.5031, 0.4998, 0.5339, 0.5442, 0.5318, 0.5013, 0.5185, 0.5496, 0.5472, 0.563, 0.5629, 0.5958, 0.5924, 0.6091, 0.6033, 0.5923, 0.6141, 0.6255, 0.6101, 0.6128, 0.6401, 0.6315, 0.6226, 0.632, 0.6257, 0.6189, 0.6369, 0.6339, 0.6551, 0.5818, 0.6332, 0.6431, 0.6556, 0.6557, 0.6651, 0.6562, 0.6533, 0.6453, 0.6628, 0.655, 0.6688, 0.6686, 0.6566, 0.6692, 0.6565, 0.6453, 0.6745, 0.6691, 0.6759, 0.6737, 0.6578, 0.6575, 0.6597, 0.6269, 0.669, 0.6287, 0.6695, 0.6694, 0.6594, 0.6687, 0.6712, 0.6561, 0.6744, 0.6673, 0.6617, 0.6177, 0.6282, 0.6715, 0.6584, 0.6733, 0.6696, 0.6699, 0.6559, 0.6663, 0.6651, 0.655], "tot_time": 1416.0348734855652, "tot_iterations": 5000, "tot_epochs": 100}