{"avg_loss": [0.8311627296358892, 0.35308649867769776, 0.19944482736763672, 0.06602650186455304, 0.00502108432382707, 0.0006202171637174072, 0.00022194455227765255, 0.0001383657966038395, 0.00011573562067524615, 0.00011054653108711968, 0.0001074887591845888, 0.00010778394147538898, 0.00010801178707735729, 0.0001052329503172305, 0.00010677874641950291, 0.0001057918488703278, 0.00010485177400290375, 0.0001060097871441629, 0.0001047264333613012, 0.00010551292146655127, 0.00010483893955411233, 0.00010586142730767542, 0.00010559983161300279, 0.00010454369625861443, 0.00010500949363933913, 0.00010509090286690575, 0.00010555986942224, 0.00010489775994643329, 0.00010438650078029138, 0.00010501266529412679, 0.00010417968624495811, 0.00010456548770013161, 0.00010487395305636921, 0.00010524078811904746, 0.00010567182383362285, 0.00010497349113885361, 0.00010570353880043274, 0.00010369509621163224, 0.00010494773406961146, 0.00010387961988295357, 0.00010437822811671384, 0.00010460984330046642, 0.00010440549941336444, 0.00010429799715512501, 0.0001043153219720665, 0.0001037490792341521, 0.00010485391044311961, 0.00010438548159281646, 0.00010395382588847595, 0.00010485292748803313, 0.00010425452549384442, 0.00010456185680682542, 0.00010407645379057497, 0.00010363731147104584, 0.0001055464144845914, 0.00010377895619834519, 0.00010390454186104335, 0.00010450287116934295, 0.00010370376569997813, 0.00010413134842597015, 0.00010473178357712889, 0.00010428714994162529, 0.00010616760254884684, 0.00010454197622122124, 0.00010474521540962022, 0.0001050388171691623, 0.00010444093088247087, 0.0001048161000808993], "test_loss": [0.44347099275271884, 0.2766732336794985, 0.10046000002605207, 0.015977161561056778, 0.001031639893308284, 0.000267954969599228, 0.00015118592941619865, 0.00012008859653928862, 0.00010824067110214615, 0.00010777536291712202, 0.00011496060407298159, 0.00010639804871901711, 0.00010505157409793401, 0.00010488275134318761, 0.00010727465444442617, 0.00010338557918840075, 0.00010740699595055598, 0.00010416630739147032, 0.00010349014822930886, 0.00010276368165372058, 0.00010439672953745602, 0.00010454399827197095, 0.000103097679903282, 0.00010419029228206867, 0.00010315701091284939, 0.00010267057880703125, 0.00010373744134673962, 0.00010318779557920726, 0.00010463090328478266, 0.00010526822319662066, 0.00010812679890305631, 0.00010346158485047511, 0.00010447795374894314, 0.00010481795219371149, 0.00010416709610071658, 0.00010525033560023587, 0.0001042158325160297, 0.00010447153797786669, 0.00010281167799132183, 0.00010402092289745744, 0.000105344633371103, 0.00010550512931049668, 0.00010271293976575533, 0.00010444779128422582, 0.0001040296989744538, 0.0001038786749848917, 0.00010430084876574053, 0.00010349108745149477, 0.00010406184581145713, 0.00010477317243372569, 0.00010302169721625165, 0.00010395268500929848, 0.00010339161915800784, 0.00010470993997334438, 0.00010318667500289102, 0.00010373564389162609, 0.00010268500440995932, 0.00010509601535920974, 0.00010318259119528389, 0.00010352244880891202, 0.00010430308103042681, 0.0001040210050057323, 0.00010562403600126962, 0.00010364814597593027, 0.0001052450160955204, 0.00010459659775722196, 0.00010796654608748605, 0.00010456056761069765], "tot_time": 100.90449905395508, "tot_iterations": 476, "rho": [0.0001, 6.666666666666667e-05, 0.0001, 0.00015000000000000001, 0.00022500000000000002, 0.0003375, 0.00050625, 0.000759375, 0.0011390624999999999, 0.0017085937499999998, 0.0025628906249999996, 0.0038443359374999994, 0.00576650390625, 0.008649755859375, 0.0129746337890625, 0.008649755859375, 0.0129746337890625, 0.01946195068359375, 0.029192926025390625, 0.043789389038085935, 0.0656840835571289, 0.043789389038085935, 0.0656840835571289, 0.043789389038085935, 0.02919292602539062, 0.019461950683593746, 0.012974633789062497, 0.012974633789062497, 0.012974633789062497, 0.008649755859374997, 0.005766503906249998, 0.0038443359374999986, 0.0025628906249999988, 0.0017085937499999992, 0.0011390624999999995, 0.0017085937499999992, 0.0011390624999999995, 0.0007593749999999996, 0.0005062499999999998, 0.0003374999999999998, 0.0003374999999999998, 0.0005062499999999998, 0.0003374999999999998, 0.00022499999999999986, 0.0001499999999999999, 0.00022499999999999986, 0.0001499999999999999, 9.999999999999994e-05, 0.0001499999999999999, 9.999999999999994e-05, 9.999999999999994e-05, 6.666666666666662e-05, 4.4444444444444406e-05, 6.666666666666662e-05, 6.666666666666662e-05, 4.4444444444444406e-05, 4.4444444444444406e-05, 4.4444444444444406e-05, 6.666666666666662e-05, 4.4444444444444406e-05, 2.9629629629629603e-05, 1.9753086419753066e-05, 1.9753086419753066e-05, 2.96296296296296e-05, 4.44444444444444e-05, 6.66666666666666e-05, 6.66666666666666e-05, 4.44444444444444e-05, 2.96296296296296e-05, 4.44444444444444e-05, 2.96296296296296e-05, 4.44444444444444e-05, 2.96296296296296e-05, 4.44444444444444e-05, 2.96296296296296e-05, 2.96296296296296e-05, 4.44444444444444e-05, 4.44444444444444e-05, 2.96296296296296e-05, 4.44444444444444e-05, 2.96296296296296e-05, 1.9753086419753066e-05, 2.96296296296296e-05, 1.9753086419753066e-05, 1.3168724279835376e-05, 1.9753086419753066e-05, 1.9753086419753066e-05, 1.3168724279835376e-05, 1.9753086419753066e-05, 2.96296296296296e-05, 4.44444444444444e-05, 2.96296296296296e-05, 4.44444444444444e-05, 2.96296296296296e-05, 2.96296296296296e-05, 1.9753086419753066e-05, 1.3168724279835376e-05, 1.9753086419753066e-05, 1.3168724279835376e-05, 8.77914951989025e-06, 5.8527663465935e-06, 8.779149519890249e-06, 8.779149519890249e-06, 1.3168724279835373e-05, 1.975308641975306e-05, 2.962962962962959e-05, 4.4444444444444386e-05, 2.962962962962959e-05, 1.975308641975306e-05, 1.3168724279835373e-05, 8.779149519890249e-06, 5.852766346593499e-06, 8.779149519890249e-06, 1.3168724279835373e-05, 8.779149519890249e-06, 1.3168724279835373e-05, 1.3168724279835373e-05, 1.975308641975306e-05, 2.962962962962959e-05, 2.962962962962959e-05, 1.975308641975306e-05, 1.3168724279835373e-05, 8.779149519890249e-06, 5.852766346593499e-06, 8.779149519890249e-06, 5.852766346593499e-06, 8.779149519890249e-06, 8.779149519890249e-06, 5.852766346593499e-06, 8.779149519890249e-06, 1.3168724279835373e-05, 8.779149519890249e-06, 1.3168724279835373e-05, 8.779149519890249e-06, 5.852766346593499e-06, 8.779149519890249e-06, 5.852766346593499e-06, 3.901844231062332e-06, 3.901844231062332e-06, 2.601229487374888e-06, 3.901844231062332e-06, 2.601229487374888e-06, 3.901844231062332e-06, 5.852766346593498e-06, 5.852766346593498e-06, 3.901844231062332e-06, 2.601229487374888e-06, 3.901844231062332e-06, 2.601229487374888e-06, 2.601229487374888e-06, 3.901844231062332e-06, 5.852766346593498e-06, 5.852766346593498e-06, 3.901844231062332e-06, 5.852766346593498e-06, 3.901844231062332e-06, 5.852766346593498e-06, 3.901844231062332e-06, 2.601229487374888e-06, 3.901844231062332e-06, 5.852766346593498e-06, 3.901844231062332e-06, 2.601229487374888e-06, 2.601229487374888e-06, 1.7341529915832585e-06, 1.156101994388839e-06, 1e-06, 1e-06, 1.5e-06, 1e-06, 1e-06, 1e-06, 1e-06, 1.5e-06, 2.25e-06, 1.5e-06, 2.25e-06, 3.375e-06, 3.375e-06, 5.062499999999999e-06, 3.3749999999999995e-06, 5.062499999999999e-06, 7.593749999999999e-06, 5.062499999999999e-06, 7.593749999999999e-06, 7.593749999999999e-06, 5.062499999999999e-06, 7.593749999999999e-06, 5.062499999999999e-06, 3.3749999999999995e-06, 5.062499999999999e-06, 7.593749999999999e-06, 5.062499999999999e-06, 3.3749999999999995e-06, 2.2499999999999996e-06, 1.4999999999999996e-06, 1e-06, 1e-06, 1.5e-06, 2.25e-06, 1.5e-06, 1e-06, 1e-06, 1.5e-06, 2.25e-06, 1.5e-06, 1.5e-06, 1e-06, 1e-06, 1.5e-06, 2.25e-06, 3.375e-06, 2.2499999999999996e-06, 3.3749999999999995e-06, 2.2499999999999996e-06, 2.2499999999999996e-06, 1.4999999999999996e-06, 1.4999999999999996e-06, 1e-06, 1e-06, 1.5e-06, 2.25e-06, 3.375e-06, 5.062499999999999e-06, 3.3749999999999995e-06, 5.062499999999999e-06, 7.593749999999999e-06, 5.062499999999999e-06, 7.593749999999999e-06, 