{"avg_loss": [0.8122069733954179, 0.04706101668739673, 0.027377270949442162, 0.021262948890543667, 0.016951456206924394, 0.012405819596799119, 0.011487792576749055, 0.011192335778342596, 0.010848983664007114, 0.00990771086389761, 0.00976196037948922, 0.009584591431769374, 0.00935473021088963, 0.009200842529414924, 0.009014124012420329, 0.008822646925539142, 0.008520524306105882, 0.008146184195329398, 0.007922090248110842, 0.00758431282913204, 0.007522465353292391, 0.007438176456714949, 0.0073407529725848, 0.007199143631572044, 0.0070902148602776955, 0.006982224395253744, 0.006786368525200357, 0.006722357294296981, 0.006601534657333736, 0.006547497697301264, 0.006457449829730717, 0.006439068662117511, 0.006280921097360745], "test_loss": [0.05114159980626788, 0.03317728359766415, 0.025022371881482364, 0.01885434003983842, 0.01308730349605887, 0.01154708616458532, 0.011021082786505421, 0.010563598710068975, 0.01005370349563094, 0.009778349545688233, 0.010007350362745351, 0.00940554020615234, 0.00948353304868621, 0.009359279973365074, 0.009339908947385078, 0.00888786546416291, 0.00889737467163265, 0.008733552376949824, 0.008548140576479579, 0.008425240577169316, 0.008384636810942658, 0.008294160596376911, 0.008158841644815397, 0.008012520186784796, 0.007986776409002546, 0.007868146665765059, 0.00782909767519193, 0.007740424889373019, 0.0077138869315566015, 0.00765397078438326, 0.00765334250546799, 0.007527897462199805, 0.007428060456627335], "tot_time": 10.193778038024902, "tot_iterations": 33, "rho": [0.0001, 6.666666666666667e-05, 0.0001, 0.00015000000000000001, 0.00015000000000000001, 0.00022500000000000002, 0.0003375, 0.00050625, 0.000759375, 0.00050625, 0.000759375, 0.00050625, 0.000759375, 0.0011390624999999999, 0.0007593749999999999, 0.0005062499999999999, 0.0003374999999999999, 0.00022499999999999994, 0.0003374999999999999, 0.00022499999999999994, 0.0003374999999999999, 0.0005062499999999999, 0.0007593749999999999, 0.0005062499999999999, 0.0005062499999999999, 0.0007593749999999999, 0.0005062499999999999, 0.0007593749999999999, 0.0005062499999999999, 0.0007593749999999999, 0.0005062499999999999, 0.0007593749999999999, 0.0005062499999999999], "alpha": [1.0, 0.5, 0.25, 1.0, 0.25, 0.25, 0.25, 0.5, 1.0, 0.5, 1.0, 0.5, 0.5, 1.0, 1.0, 1.0, 1.0, 0.5, 1.0, 0.25, 0.5, 0.5, 1.0, 1.0, 0.5, 1.0, 0.5, 1.0, 0.5, 1.0, 0.25, 1.0, 1.0]}