{"avg_loss": [0.285242764358724, 0.0312858709809892, 0.02136127331455816, 0.012553777686829398, 0.011502944187914707, 0.012932730101659379, 0.013938816375576995, 0.011712662628073373, 0.011036560496249853, 0.010517202076857895, 0.011119018922572402, 0.011087226503666838, 0.012505336353934348, 0.010047343974099053, 0.011136070901701236, 0.010760957961487821, 0.010363636116166048, 0.009983827795733325, 0.01001474008014749], "test_loss": [0.03331266634112365, 0.02287445789873516, 0.013302095486247355, 0.011949913686930934, 0.0101987231584014, 0.012830026836538529, 0.010100994214824395, 0.010422929272234302, 0.010782800358279703, 0.010718599902616303, 0.009836784754317398, 0.011118457129484755, 0.009482843230550491, 0.012118769020989517, 0.010287328861677455, 0.011548514328503177, 0.009666500426976577, 0.009386864339414921, 0.009819939831066311], "tot_time": 10.157620668411255, "tot_iterations": 76, "rho": [0.0001, 0.0001, 6.666666666666667e-05, 0.0001, 0.00015000000000000001, 0.00022500000000000002, 0.0003375, 0.00050625, 0.000759375, 0.0011390624999999999, 0.0017085937499999998, 0.0025628906249999996, 0.0017085937499999996, 0.0025628906249999996, 0.0038443359374999994, 0.00576650390625, 0.00576650390625, 0.008649755859375, 0.00576650390625, 0.00576650390625, 0.008649755859375, 0.008649755859375, 0.008649755859375, 0.00576650390625, 0.008649755859375, 0.00576650390625, 0.008649755859375, 0.0129746337890625, 0.008649755859375, 0.008649755859375, 0.008649755859375, 0.00576650390625, 0.008649755859375, 0.0129746337890625, 0.008649755859375, 0.0129746337890625, 0.01946195068359375, 0.012974633789062499, 0.01946195068359375, 0.029192926025390625, 0.01946195068359375, 0.012974633789062499, 0.01946195068359375, 0.029192926025390625, 0.01946195068359375, 0.012974633789062499, 0.008649755859374999, 0.005766503906249999, 0.008649755859374999, 0.012974633789062499, 0.012974633789062499, 0.012974633789062499, 0.008649755859374999, 0.005766503906249999, 0.008649755859374999, 0.005766503906249999, 0.005766503906249999, 0.005766503906249999, 0.008649755859374999, 0.005766503906249999, 0.008649755859374999, 0.005766503906249999, 0.008649755859374999, 0.012974633789062499, 0.008649755859374999, 0.005766503906249999, 0.008649755859374999, 0.012974633789062499, 0.008649755859374999, 0.012974633789062499, 0.008649755859374999, 0.012974633789062499, 0.008649755859374999, 0.008649755859374999, 0.005766503906249999, 0.003844335937499999], "alpha": [1.0, 1.0, 1.0, 0.5, 0.25, 0.5, 0.125, 0.5, 0.25, 0.5, 0.25, 1.0, 0.25, 0.5, 0.5, 1.0, 0.5, 1.0, 1.0, 0.5, 1.0, 1.0, 1.0, 0.5, 1.0, 1.0, 0.5, 1.0, 1.0, 1.0, 1.0, 0.5, 0.5, 1.0, 1.0, 0.5, 1.0, 0.5, 0.5, 1.0, 1.0, 0.5, 1.0, 1.0, 1.0, 1.0, 1.0, 1.0, 1.0, 1.0, 1.0, 1.0, 1.0, 0.5, 1.0, 1.0, 1.0, 0.5, 1.0, 0.5, 1.0, 0.5, 1.0, 1.0, 1.0, 0.25, 0.25, 1.0, 0.5, 1.0, 0.5, 1.0, 1.0, 1.0, 1.0, 1.0]}