{"avg_loss": [0.285242764358724, 0.0312858709809892, 0.018121202864404266, 0.011597096769509437, 0.010924304728708006, 0.011626252237828278, 0.011358965169302876, 0.011172006899400653, 0.011143845116075798, 0.011032101242768518, 0.011047883019860358, 0.011732872848239748, 0.011001713546303337, 0.010702338682801325, 0.011063796375079135, 0.010712099920223298, 0.011453581062789877, 0.010905892381790806, 0.010737294009002115, 0.011304609232992138, 0.010932045034677615, 0.01096397929291891, 0.011034642895923595, 0.010722705922376454, 0.010960045545408206, 0.01077768486762113, 0.011789285775727198, 0.011051768165039107, 0.010817270915474273, 0.010785586034377388, 0.011575689136473827, 0.010711852010335813, 0.010961037415376804, 0.011007281501752232, 0.011381430002879122, 0.011427704770581677, 0.011074853491190823, 0.011193430860903743, 0.010587370830142464, 0.010848106470616315, 0.010894058246227535, 0.01075926146300194, 0.010637006223637287, 0.01075587202439571, 0.010717229988688123, 0.010708856230865867, 0.011242526532619718, 0.011093764146318158, 0.011118125811197983, 0.010781682696562284, 0.010579899498852834, 0.01085542025814177, 0.01068876374103973, 0.010905706901658024, 0.010643233680760377], "test_loss": [0.03331266634112365, 0.02287445789873516, 0.011231773310365912, 0.01104050572142315, 0.010730512348448896, 0.010723450498107643, 0.010889114981533275, 0.011417269165886267, 0.01083905954624321, 0.01175579838643875, 0.01063558984206014, 0.010891296939157616, 0.010511850090260904, 0.011815711687648523, 0.010534328307359156, 0.011715364385720857, 0.010669156651790886, 0.010496038416519445, 0.010529959691918174, 0.01078589460921355, 0.01036009190404698, 0.012109023783170383, 0.010886225491837145, 0.010230564410491203, 0.010701395702823411, 0.01045535414871793, 0.010507409859033772, 0.011953065709683838, 0.010415728794474301, 0.010691357866342158, 0.010811742606381862, 0.010580813237377012, 0.01088243149277333, 0.01301380824253649, 0.011100420799089438, 0.010508210418730735, 0.011986746670545657, 0.011062792782346505, 0.010551914030912291, 0.010229269945455081, 0.010691565099846343, 0.01007911465320356, 0.010364054039253966, 0.010441920833108432, 0.010562183648250572, 0.010296134682213898, 0.010306995022225755, 0.010285176241230036, 0.010091255604189333, 0.010137159363093952, 0.009767406301645238, 0.010181930065687276, 0.010698328615925038, 0.010173621293989741, 0.010464377564832525], "tot_time": 10.022329568862915, "tot_iterations": 220, "rho": [0.0001, 0.0001, 6.666666666666667e-05, 0.0001, 0.00015000000000000001, 0.00022500000000000002, 0.0003375, 0.00050625, 0.000759375, 0.0011390624999999999, 0.0007593749999999999, 0.0005062499999999999, 0.0003374999999999999, 0.00022499999999999994, 0.00014999999999999996, 9.999999999999996e-05, 6.666666666666664e-05, 4.4444444444444426e-05, 2.9629629629629616e-05, 1.9753086419753076e-05, 1.3168724279835383e-05, 8.779149519890255e-06, 5.852766346593503e-06, 3.901844231062335e-06, 2.60122948737489e-06, 1.73415299158326e-06, 1.1561019943888399e-06, 1e-06, 1e-06, 1e-06, 1e-06, 1e-06, 1e-06, 1e-06, 1e-06, 1e-06, 1e-06, 1e-06, 1e-06, 1e-06, 1e-06, 1e-06, 1e-06, 1e-06, 1e-06, 1e-06, 1e-06, 1e-06, 1e-06, 1e-06, 1e-06, 1e-06, 1e-06, 1e-06, 1e-06, 1e-06, 1e-06, 1e-06, 1e-06, 1e-06, 1e-06, 1e-06, 1e-06, 1e-06, 1e-06, 1e-06, 1e-06, 1e-06, 1e-06, 1e-06, 1e-06, 1e-06, 1e-06, 1e-06, 1e-06, 1e-06, 1e-06, 1e-06, 1e-06, 1e-06, 1e-06, 1e-06, 1e-06, 1e-06, 1e-06, 1e-06, 1e-06, 1e-06, 1e-06, 1e-06, 1e-06, 1e-06, 1e-06, 1e-06, 1e-06, 1e-06, 1e-06, 1e-06, 1e-06, 1e-06, 1e-06, 1e-06, 1e-06, 1e-06, 1e-06, 1e-06, 1e-06, 1e-06, 1e-06, 1e-06, 1e-06, 1e-06, 1e-06, 1e-06, 1e-06, 1e-06, 1e-06, 1e-06, 1e-06, 1e-06, 1e-06, 1e-06, 1e-06, 1e-06, 1e-06, 1e-06, 1e-06, 1e-06, 1e-06, 1e-06, 1e-06, 1e-06, 1e-06, 1e-06, 1e-06, 1e-06, 1e-06, 1e-06, 1e-06, 1e-06, 1e-06, 1e-06, 1e-06, 1e-06, 1e-06, 1e-06, 1e-06, 1e-06, 1e-06, 1e-06, 1e-06, 1e-06, 1e-06, 1e-06, 1e-06, 1e-06, 1e-06, 1e-06, 1e-06, 1e-06, 1e-06, 1e-06, 1e-06, 1e-06, 1e-06, 1e-06, 1e-06, 1e-06, 1e-06, 1e-06, 1e-06, 1e-06, 1e-06, 1e-06, 1e-06, 1e-06, 1e-06, 1e-06, 1e-06, 1e-06, 1e-06, 1e-06, 1e-06, 1e-06, 1e-06, 1e-06, 1e-06, 1e-06, 1e-06, 1e-06, 1e-06, 1e-06, 1e-06, 1e-06, 1e-06, 1e-06, 1e-06, 1e-06, 1e-06, 1e-06, 1e-06, 1e-06, 1e-06, 1e-06, 1e-06, 1e-06, 1e-06, 1e-06, 1e-06, 1e-06, 1e-06, 1e-06, 1e-06, 1e-06, 1e-06, 1e-06, 1e-06, 1e-06, 1e-06, 1e-06], "alpha": [1.0, 1.0, 1.0, 0.5, 0.25, 0.5, 0.125, 0.5, 0.25, 1.0, 1.0, 1.0, 1.0, 1.0, 1.0, 1.0, 1.0, 1.0, 1.0, 1.0, 1.0, 1.0, 1.0, 1.0, 1.0, 1.0, 1.0, 1.0, 1.0, 1.0, 1.0, 1.0, 1.0, 1.0, 1.0, 1.0, 1.0, 1.0, 1.0, 1.0, 1.0, 1.0, 1.0, 1.0, 1.0, 1.0, 1.0, 1.0, 1.0, 1.0, 1.0, 1.0, 1.0, 1.0, 1.0, 1.0, 1.0, 1.0, 1.0, 1.0, 1.0, 1.0, 1.0, 1.0, 1.0, 1.0, 1.0, 1.0, 1.0, 1.0, 1.0, 1.0, 1.0, 1.0, 1.0, 1.0, 1.0, 1.0, 1.0, 1.0, 1.0, 1.0, 1.0, 1.0, 1.0, 1.0, 1.0, 1.0, 1.0, 1.0, 1.0, 1.0, 1.0, 1.0, 1.0, 1.0, 1.0, 1.0, 1.0, 1.0, 1.0, 1.0, 1.0, 1.0, 1.0, 1.0, 1.0, 1.0, 1.0, 1.0, 1.0, 1.0, 1.0, 1.0, 1.0, 1.0, 1.0, 1.0, 1.0, 1.0, 1.0, 1.0, 1.0, 1.0, 1.0, 1.0, 1.0, 1.0, 1.0, 1.0, 1.0, 1.0, 1.0, 1.0, 1.0, 1.0, 1.0, 1.0, 1.0, 1.0, 1.0, 1.0, 1.0, 1.0, 1.0, 1.0, 1.0, 1.0, 1.0, 1.0, 1.0, 1.0, 1.0, 1.0, 1.0, 1.0, 1.0, 1.0, 1.0, 1.0, 1.0, 1.0, 1.0, 1.0, 1.0, 1.0, 1.0, 1.0, 1.0, 1.0, 1.0, 1.0, 1.0, 1.0, 1.0, 1.0, 1.0, 1.0, 1.0, 1.0, 1.0, 1.0, 1.0, 1.0, 1.0, 1.0, 1.0, 1.0, 1.0, 1.0, 1.0, 1.0, 1.0, 1.0, 1.0, 1.0, 1.0, 1.0, 1.0, 1.0, 1.0, 1.0, 1.0, 1.0, 1.0, 1.0, 1.0, 1.0, 1.0, 1.0, 1.0, 1.0, 1.0, 1.0, 1.0, 1.0, 1.0, 1.0, 1.0, 1.0]}