{"avg_loss": [2.298347037845807, 2.248779772827692, 2.2090287001540014, 2.172048409292911, 2.1323868428084527, 2.0878254618143215, 2.0364452355610783, 1.977030845323816, 1.9083142671279154, 1.829308401904904, 1.73927433948523, 1.638092292515674, 1.5267666215339912, 1.40826305865971, 1.2886266202958307, 1.1765651754719355, 1.080093668202251, 1.0017180943311519, 0.9396990005814206, 0.8909253924576247, 0.8526277571307014, 0.8224655865370573, 0.798203940387679, 0.7782285862194483, 0.7614368592661226, 0.7470355526816406, 0.7345718359729533, 0.7234897506406504, 0.7136378183960893, 0.7047266380987148, 0.6965648215041207, 0.6890409606360763, 0.6821192976256079, 0.6756163392899226, 0.6695645333470207, 0.6638613931522089, 0.6584120896293002, 0.6532619407805983, 0.6483025934510694, 0.6435810014372526, 0.639048710331828, 0.6347973577128505, 0.6305096943061776, 0.626532795676342, 0.6224855840109833, 0.6187768883056051, 0.6150984120797829, 0.6115001561175862, 0.6080974535312752, 0.6047433480923492, 0.6015407095090605, 0.5983454932863909, 0.5952493146108636, 0.5923352307462725, 0.5894211599670173, 0.5864344624716054, 0.5837058499248362, 0.5810239063483635, 0.5782896454339049, 0.5756822186646228, 0.5731011917399389, 0.5705819623802071, 0.5681328263656524, 0.5657583228948624, 0.5632821551122464, 0.561099880561216, 0.5587520141151888, 0.5565418419177898, 0.5543298564126226, 0.5521631559312973, 0.5499225937675069, 0.5478392222812688, 0.5457805007770116, 0.5437368606803633, 0.5417654910351176, 0.5396245204559033, 0.5377632897486679, 0.5359275714938122, 0.533939700275384, 0.5320520512017611, 0.5303389157341498, 0.52849747140909, 0.5267832182426389, 0.5250928501429887, 0.5233107263708485, 0.5216660076639774, 0.5199153884752497, 0.518406267054646, 0.5168008322010649, 0.5152290370682777, 0.5137084565130219, 0.5122558755735009, 0.5106352953307484, 0.5092449797503081, 0.5076398411093518, 0.5061356343219561, 0.5048795080399244, 0.5034959492117477, 0.5020471978584149, 0.5006597162517609], "acc": [0.08998333333333336, 0.12446666666666668, 0.18821666666666662, 0.24860000000000004, 0.3013000000000001, 0.35039999999999993, 0.38630000000000003, 0.4130333333333333, 0.43464999999999987, 0.45083333333333336, 0.4656166666666666, 0.4802499999999999, 0.5079666666666667, 0.5603666666666669, 0.6165999999999999, 0.650566666666667, 0.6694499999999999, 0.6842833333333336, 0.6977166666666668, 0.7056833333333334, 0.7132333333333333, 0.7193833333333334, 0.7244666666666666, 0.7287833333333336, 0.7320666666666668, 0.7350499999999998, 0.7376166666666664, 0.739433333333333, 0.7416499999999999, 0.7440833333333331, 0.7463333333333331, 0.7479499999999998, 0.7498999999999999, 0.7516166666666665, 0.7536500000000002, 0.7552333333333334, 0.7572666666666669, 0.7589833333333336, 0.760166666666667, 0.7621333333333332, 0.7632166666666669, 0.765066666666667, 0.7664000000000002, 0.7678166666666666, 0.7695833333333336, 0.7709333333333336, 0.7721500000000001, 0.7732333333333337, 0.7750333333333336, 0.7763333333333331, 0.7770500000000001, 0.7788166666666666, 0.7805833333333336, 0.7816833333333332, 0.7825000000000002, 0.7835166666666666, 0.7849000000000002, 0.7860666666666666, 0.7872666666666668, 0.7887666666666665, 0.7895500000000001, 0.7911499999999998, 0.7921833333333331, 0.7925333333333331, 0.7941499999999998, 0.7949833333333334, 0.7964999999999998, 0.79685, 0.7980666666666666, 0.7989999999999998, 0.8003833333333332, 0.8004166666666667, 0.8017333333333333, 0.8024166666666666, 0.80335, 0.8042166666666666, 0.8047499999999999, 0.8057166666666666, 0.8061833333333334, 0.8078333333333331, 0.8077166666666665, 0.8083333333333336, 0.8088500000000001, 0.8102333333333331, 0.8106333333333334, 0.8110999999999998, 0.8119666666666663, 0.8123333333333335, 0.8136333333333335, 0.8142999999999998, 0.8149499999999998, 0.8156333333333335, 0.8160666666666666, 0.8164666666666666, 0.8173500000000001, 0.8184500000000002, 0.8181999999999999, 0.8192833333333335, 0.8192499999999999, 0.8203333333333336], "test_acc": [0.1034, 0.1477, 0.2162, 0.2722, 0.3228, 0.3642, 0.3944, 0.4157, 0.4333, 0.4509, 0.4633, 0.487, 0.5288, 0.5868, 0.6309, 0.6541, 0.6681, 0.6829, 0.6922, 0.702, 0.7079, 0.7132, 0.7187, 0.7217, 0.7261, 0.7276, 0.7304, 0.7319, 0.7322, 0.7346, 0.7372, 0.7393, 0.74, 0.7423, 0.7443, 0.746, 0.7479, 0.7509, 0.7516, 0.7526, 0.7535, 0.7584, 0.7597, 0.7609, 0.7604, 0.7638, 0.7632, 0.7664, 0.7691, 0.7708, 0.7705, 0.7713, 0.7739, 0.7749, 0.7768, 0.7766, 0.7786, 0.7791, 0.7808, 0.7823, 0.7835, 0.7847, 0.7855, 0.7854, 0.7862, 0.7866, 0.7898, 0.7895, 0.7915, 0.7933, 0.7946, 0.7949, 0.795, 0.7957, 0.7968, 0.7963, 0.7984, 0.7991, 0.8003, 0.7998, 0.8019, 0.8024, 0.8019, 0.8016, 0.8026, 0.8027, 0.8045, 0.8064, 0.8071, 0.8064, 0.8078, 0.8082, 0.8083, 0.8094, 0.8102, 0.8097, 0.8102, 0.8114, 0.8122, 0.8134], "tot_time": 325.69790387153625, "tot_iterations": 6000, "tot_epochs": 100}