{"avg_loss": [0.8143995132058125, 0.35130001689446516, 0.14538798431227934, 0.008796902679790584, 0.0003343862093821525, 0.00019397919896282383, 0.00013061641347769364, 0.00010944643426354969, 0.00010568644457681146, 0.00010473114072005934, 0.0001054337093199239, 0.00010405926419456008, 0.0001054530174531489, 0.00010451732958241327, 0.00010371447723545918, 0.00010458454694571471, 0.00010452636785309245, 0.00010502387818586604, 0.00010451740056532386, 0.00010515375947222479, 0.0001053909225754707, 0.00010344467447624858, 0.00010621774413063349, 0.00010418490461463167, 0.00010393892263093547, 0.00010564475292040862, 0.00010451359249572641, 0.00010535712340899724, 0.00010501730906620796, 0.0001037206604185882, 0.00010447434719942952, 0.00010420344804828903, 0.00010545056714403737, 0.00010468138619558531, 0.00010433059453981003, 0.00010415462258549942, 0.00010427974636563246, 0.00010422866524121803, 0.0001048643565085177, 0.00010331858445557139, 0.00010468913509959721, 0.00010377787060883599, 0.00010327710310885389, 0.00010369617816693949, 0.00010365275772477559, 0.00010606216265132182, 0.0001040716771169726, 0.00010395413617068259, 0.00010422033361554334, 0.00010275349598637622, 0.0001032328838309399, 0.00010386075941726902, 0.00010408407369422012, 0.00010435821376732325, 0.0001045879232742581, 0.00010532222194164774, 0.0001050638668287874, 0.0001040923384888633, 0.00010701521092262647, 0.00010390981185777858, 0.0001053075015014347, 0.00010430705636146076, 0.00010383551714386989], "test_loss": [0.4014370352929473, 0.2771713351808221, 0.04537072681595424, 0.0004993270528389876, 0.00021922085739119906, 0.0001486420913588741, 0.00011230309323032514, 0.00010454900022776445, 0.00010881370424716611, 0.00010411390150800911, 0.00010549728193742684, 0.00010432398422593168, 0.00010318826276331646, 0.00010413741338838193, 0.00010241112892831992, 0.00010412084774837024, 0.00010328890370959069, 0.00010306008978913363, 0.0001084162915596729, 0.0001031718924235273, 0.0001052518416893957, 0.00010433057449870483, 0.00010497189156665505, 0.00010509348735967964, 0.00010377128366546473, 0.00010574994072557365, 0.00010403593253568144, 0.00010489988062822685, 0.0001035079626568934, 0.00010651389040025853, 0.00010367055268049696, 0.0001061895868528446, 0.00010345212373440941, 0.0001033442568510801, 0.00010344513467422289, 0.0001038240243182339, 0.00010627879874987103, 0.00011087159228125113, 0.00010552264048491258, 0.00010713101205391349, 0.00010514823042832235, 0.00010303557756951518, 0.00010551639877410546, 0.00010419557896004678, 0.00010647225027769415, 0.00010450918570851147, 0.00010322534545656678, 0.00010475710195634713, 0.00010408632633990842, 0.00010452363273644519, 0.00010727034115304163, 0.0001059315620233179, 0.00010470390589203553, 0.00010399207242413603, 0.00010576903974923439, 0.00010754537538520816, 0.00010406923529589541, 0.00010440314032201492, 0.00010448472688674739, 0.00010377606963468498, 0.00010302291800294592, 0.00010440965732486673, 0.00010389226538060679], "tot_time": 101.14709162712097, "tot_iterations": 441, "rho": [0.0001, 6.666666666666667e-05, 0.0001, 0.00015000000000000001, 0.00022500000000000002, 0.0003375, 0.00050625, 0.000759375, 0.0011390624999999999, 0.0017085937499999998, 0.0025628906249999996, 0.0038443359374999994, 0.00576650390625, 0.00576650390625, 0.008649755859375, 0.008649755859375, 0.0129746337890625, 0.008649755859375, 0.0129746337890625, 0.008649755859375, 0.008649755859375, 0.0129746337890625, 0.008649755859375, 0.00576650390625, 0.0038443359374999994, 0.0025628906249999996, 0.0017085937499999996, 0.0011390624999999997, 0.0011390624999999997, 0.0007593749999999997, 0.0011390624999999997, 0.0007593749999999997, 0.0011390624999999997, 0.0007593749999999997, 0.0005062499999999998, 0.0003374999999999998, 0.00022499999999999986, 0.00022499999999999986, 0.0001499999999999999, 0.0001499999999999999, 9.999999999999994e-05, 9.999999999999994e-05, 6.666666666666662e-05, 9.999999999999992e-05, 6.666666666666662e-05, 6.666666666666662e-05, 6.666666666666662e-05, 6.666666666666662e-05, 6.666666666666662e-05, 4.4444444444444406e-05, 2.9629629629629603e-05, 4.4444444444444406e-05, 2.9629629629629603e-05, 4.4444444444444406e-05, 2.9629629629629603e-05, 1.9753086419753066e-05, 1.3168724279835376e-05, 1.9753086419753066e-05, 1.9753086419753066e-05, 1.9753086419753066e-05, 2.96296296296296e-05, 1.9753086419753066e-05, 1.9753086419753066e-05, 1.9753086419753066e-05, 1.3168724279835376e-05, 8.77914951989025e-06, 5.8527663465935e-06, 3.901844231062333e-06, 5.8527663465935e-06, 8.779149519890249e-06, 5.852766346593499e-06, 5.852766346593499e-06, 3.901844231062332e-06, 2.601229487374888e-06, 3.901844231062332e-06, 2.601229487374888e-06, 3.901844231062332e-06, 2.601229487374888e-06, 3.901844231062332e-06, 5.852766346593498e-06, 8.779149519890247e-06, 5.852766346593498e-06, 8.779149519890247e-06, 1.316872427983537e-05, 8.779149519890245e-06, 5.852766346593496e-06, 8.779149519890245e-06, 5.852766346593496e-06, 8.779149519890245e-06, 5.852766346593496e-06, 3.90184423106233e-06, 5.8527663465934954e-06, 5.8527663465934954e-06, 8.779149519890244e-06, 5.8527663465934954e-06, 3.90184423106233e-06, 2.6012294873748867e-06, 1.7341529915832577e-06, 1.1561019943888384e-06, 1.7341529915832577e-06, 2.6012294873748863e-06, 1.7341529915832575e-06, 1.7341529915832575e-06, 1.1561019943888382e-06, 1.7341529915832573e-06, 2.601229487374886e-06, 2.601229487374886e-06, 1.7341529915832573e-06, 1.1561019943888382e-06, 1.7341529915832573e-06, 2.601229487374886e-06, 3.901844231062329e-06, 3.901844231062329e-06, 2.6012294873748855e-06, 1.7341529915832568e-06, 1.1561019943888377e-06, 1e-06, 1e-06, 1.5e-06, 2.25e-06, 3.375e-06, 5.062499999999999e-06, 7.593749999999999e-06, 5.062499999999999e-06, 7.593749999999999e-06, 5.062499999999999e-06, 7.593749999999999e-06, 1.1390624999999999e-05, 7.593749999999999e-06, 7.593749999999999e-06, 1.1390624999999999e-05, 1.7085937499999998e-05, 1.1390624999999997e-05, 1.1390624999999997e-05, 7.593749999999998e-06, 5.0624999999999985e-06, 7.593749999999998e-06, 1.1390624999999997e-05, 7.593749999999998e-06, 5.0624999999999985e-06, 7.593749999999998e-06, 7.593749999999998e-06, 5.0624999999999985e-06, 7.593749999999998e-06, 1.1390624999999997e-05, 1.7085937499999998e-05, 1.1390624999999997e-05, 1.1390624999999997e-05, 1.7085937499999998e-05, 2.5628906249999997e-05, 1.7085937499999998e-05, 1.1390624999999997e-05, 1.7085937499999998e-05, 1.1390624999999997e-05, 7.593749999999998e-06, 5.0624999999999985e-06, 7.593749999999998e-06, 5.0624999999999985e-06, 3.374999999999999e-06, 3.374999999999999e-06, 5.0624999999999985e-06, 7.593749999999998e-06, 5.0624999999999985e-06, 3.374999999999999e-06, 5.0624999999999985e-06, 7.593749999999998e-06, 5.0624999999999985e-06, 7.593749999999998e-06, 7.593749999999998e-06, 5.0624999999999985e-06, 3.374999999999999e-06, 5.0624999999999985e-06, 5.0624999999999985e-06, 3.374999999999999e-06, 2.249999999999999e-06, 3.374999999999999e-06, 3.374999999999999e-06, 2.249999999999999e-06, 3.374999999999999e-06, 2.249999999999999e-06, 3.374999999999999e-06, 2.249999999999999e-06, 1.4999999999999994e-06, 2.249999999999999e-06, 1.4999999999999994e-06, 2.249999999999999e-06, 1.4999999999999994e-06, 2.249999999999999e-06, 3.374999999999999e-06, 2.249999999999999e-06, 3.374999999999999e-06, 5.0624999999999985e-06, 3.374999999999999e-06, 2.249999999999999e-06, 1.4999999999999994e-06, 2.249999999999999e-06, 1.4999999999999994e-06, 2.249999999999999e-06, 2.249999999999999e-06, 3.374999999999999e-06, 5.0624999999999985e-06, 3.374999999999999e-06, 5.0624999999999985e-06, 7.593749999999998e-06, 5.0624999999999985e-06, 7.593749999999998e-06, 1.1390624999999997e-05, 1.7085937499999998e-05, 1.1390624999999997e-05, 7.593749999999998e-06, 7.593749999999998e-06, 1.1390624999999997e-05, 7.593749999999998e-06, 5.0624999999999985e-06, 7.593749999999998e-06, 5.0624999999999985e-06, 7.593749999999998e-06, 1.1390624999999997e-05, 1.1390624999999997e-05,