{"avg_loss": [2.308125433367858, 2.3043177005029154, 2.2895189484968217, 2.303043057952841, 2.3028439492099553, 2.3027605932476463, 2.299551442885396, 2.3028871434024487, 2.302952146247732, 2.3028656360495483, 2.3030164421116774, 2.307792589875178, 2.292094505536479, 2.2927305448077453, 2.3021039116037385, 2.290567818697232, 2.833211474955956, 2.3181142393254217, 2.3029291435157053, 2.302849492907999, 2.3028761863144407, 2.3029273477875076, 2.3028281997153486, 2.3029031569032146, 2.3028595076601404, 2.3028894567664473, 2.302748880609143, 2.305619319011093, 2.3051088304417875, 2.2958566411386956, 2.316217642160655, 2.2924639660910886, 2.2110660619671987, 2.138439229729164, 2.156460888474221, 2.0884845029838224, 2.0735501914571746, 2.029887256742131, 2.025519939460862, NaN, NaN, NaN, NaN, NaN, NaN, NaN, NaN, NaN, NaN, NaN, NaN, NaN, NaN, NaN, NaN, NaN, NaN, NaN, NaN, NaN, NaN, NaN, NaN, NaN, NaN, NaN, NaN, NaN, NaN, NaN, NaN, NaN, NaN, NaN, NaN, NaN, NaN, NaN, NaN, NaN, NaN, NaN, NaN, NaN, NaN, NaN, NaN, NaN, NaN, NaN, NaN, NaN, NaN, NaN, NaN, NaN, NaN, NaN, NaN, NaN], "acc": [0.11832000000000001, 0.11437999999999998, 0.12356000000000007, 0.09794000000000003, 0.09974000000000002, 0.10018000000000002, 0.11016, 0.0998, 0.09786000000000003, 0.09884000000000004, 0.09782000000000006, 0.11178, 0.12752, 0.12538, 0.10348000000000004, 0.12677999999999998, 0.13512, 0.0983, 0.09696000000000002, 0.09748000000000005, 0.09996000000000003, 0.09979999999999999, 0.10014000000000003, 0.09736000000000003, 0.10006000000000002, 0.10010000000000004, 0.09985999999999999, 0.10323999999999998, 0.10038000000000004, 0.11026, 0.12454000000000004, 0.13732, 0.17306000000000005, 0.19877999999999996, 0.20228, 0.23170000000000002, 0.24548000000000006, 0.2616000000000001, 0.26519999999999994, 0.13116, 0.10000000000000002, 0.10000000000000002, 0.10000000000000003, 0.10000000000000002, 0.10000000000000002, 0.10000000000000003, 0.10000000000000002, 0.09999999999999998, 0.10000000000000002, 0.1, 0.10000000000000003, 0.09999999999999998, 0.10000000000000002, 0.10000000000000007, 0.10000000000000003, 0.10000000000000002, 0.10000000000000003, 0.10000000000000002, 0.10000000000000002, 0.09999999999999998, 0.10000000000000003, 0.10000000000000003, 0.10000000000000003, 0.10000000000000003, 0.10000000000000002, 0.10000000000000003, 0.1, 0.10000000000000005, 0.09999999999999998, 0.10000000000000003, 0.10000000000000002, 0.10000000000000003, 0.10000000000000002, 0.1, 0.10000000000000003, 0.10000000000000003, 0.10000000000000002, 0.10000000000000002, 0.10000000000000003, 0.1, 0.10000000000000003, 0.10000000000000002, 0.10000000000000003, 0.10000000000000003, 0.10000000000000002, 0.10000000000000002, 0.10000000000000002, 0.10000000000000003, 0.10000000000000002, 0.10000000000000002, 0.10000000000000003, 0.10000000000000005, 0.10000000000000002, 0.10000000000000003, 0.10000000000000003, 0.10000000000000002, 0.10000000000000003, 0.10000000000000002, 0.10000000000000003, 0.10000000000000005], "test_acc": [0.113, 0.1, 0.1, 0.1, 0.1, 0.1, 0.1, 0.1, 0.1, 0.1, 0.1, 0.1265, 0.1004, 0.1, 0.1213, 0.1476, 0.1005, 0.1, 0.1, 0.1, 0.1, 0.1, 0.1, 0.1, 0.1001, 0.0999, 0.1067, 0.101, 0.1, 0.1324, 0.1079, 0.1672, 0.1918, 0.1258, 0.2273, 0.2569, 0.2703, 0.2733, 0.2573, 0.1, 0.1, 0.1, 0.1, 0.1, 0.1, 0.1, 0.1, 0.1, 0.1, 0.1, 0.1, 0.1, 0.1, 0.1, 0.1, 0.1, 0.1, 0.1, 0.1, 0.1, 0.1, 0.1, 0.1, 0.1, 0.1, 0.1, 0.1, 0.1, 0.1, 0.1, 0.1, 0.1, 0.1, 0.1, 0.1, 0.1, 0.1, 0.1, 0.1, 0.1, 0.1, 0.1, 0.1, 0.1, 0.1, 0.1, 0.1, 0.1, 0.1, 0.1, 0.1, 0.1, 0.1, 0.1, 0.1, 0.1, 0.1, 0.1, 0.1, 0.1], "tot_time": 1367.4879899024963, "tot_iterations": 5000, "tot_epochs": 100}