{"avg_loss": [2.303032863071694, 2.3029282185527675, 2.302835876600062, 2.3027507763247064, 2.3026725268707087, 2.3025988530148176, 2.302527450909615, 2.3024590058882013, 2.3023918526260574, 2.3023243989350592, 2.3022562703137615, 2.302186932475359, 2.3021176147695908, 2.3020437070485538, 2.3019689315444865, 2.301890014463633, 2.301807955385488, 2.301722469992959, 2.301633550049249, 2.3015399183188245, 2.3014400887041018, 2.301335041238941, 2.301222466010679, 2.3011020292449214, 2.300973294704724, 2.3008334046677263, 2.3006825709518015, 2.300518382374286, 2.300338392991348, 2.300141322949281, 2.2999238821775267, 2.2996831359700676, 2.2994129576510387, 2.299108799772523, 2.2987657357759392, 2.2983725896914557, 2.2979205857356426, 2.297406319704298, 2.296818393925045, 2.2961397211969556, 2.295346116445081, 2.294404097294456, 2.293272687476998, 2.2918903342826358, 2.290169363341817, 2.287964550620109, 2.2850309586702027, 2.2810058773651307, 2.275315849069428, 2.2670186345246632, 2.2546713433131287, 2.236482541473988, 2.211545132714535, 2.1814480434806005, 2.149815903133532, 2.119869316973195, 2.0927678321592524, 2.0683667253387608, 2.0476511465172043, 2.0300402826096757, 2.014858267550098, 2.0009955303598743, 1.9873832399153002, 1.9740295754307442, 1.9606612676036639, 1.9479572558703222, 1.9356687399520682, 1.9236390255159528, 1.9118827930495979, 1.9005629166223021, 1.8893423328354058, 1.8767717065979763, 1.8650234255960434, 1.854159479278916, 1.8462327495686726, 1.830483893474304, 1.8376316904480101, 1.826214799598449, 1.8176147543672516, 1.7994840119885958, 1.7964248391499467, 1.790961225782832, 1.7778511351318773, 1.7743117554316128, 1.7569944698980426, 1.759842360393218, 1.7506771895900866, 1.742682904420455, 1.7172704294491812, 1.7333294412612974, 1.7174024672093195, 1.7199157298288148, 1.703936344845981, 1.690437843471161, 1.6942994882091507, 1.6836854378902921, 1.6787682272436983, 1.6664944603379448, 1.6651272031410047, 1.6593531721209898], "acc": [0.10000000000000003, 0.10000000000000003, 0.10000000000000002, 0.1, 0.10000000000000003, 0.10000000000000002, 0.10000000000000002, 0.1, 0.1, 0.1, 0.1, 0.10000000000000003, 0.10000000000000003, 0.1, 0.10000000000000003, 0.10002000000000003, 0.10001999999999997, 0.10018, 0.10072, 0.10092000000000002, 0.10100000000000002, 0.10188000000000001, 0.10488000000000003, 0.10806000000000003, 0.11112, 0.11636, 0.11930000000000003, 0.12720000000000004, 0.1354, 0.1461, 0.16559999999999994, 0.17638, 0.18611999999999998, 0.19820000000000004, 0.20078000000000004, 0.20520000000000002, 0.20511999999999997, 0.20544, 0.20509999999999998, 0.2057400000000001, 0.20745999999999998, 0.20514, 0.20454000000000008, 0.20360000000000006, 0.20038, 0.19837999999999995, 0.19487999999999991, 0.19203999999999996, 0.18646000000000001, 0.18253999999999998, 0.18111999999999998, 0.18218, 0.18970000000000006, 0.20953999999999998, 0.22666, 0.24051999999999996, 0.25238000000000005, 0.26086, 0.26904, 0.27688000000000007, 0.2824399999999999, 0.29000000000000004, 0.29668000000000005, 0.30258, 0.30832000000000004, 0.3140199999999999, 0.31905999999999995, 0.32334, 0.32785999999999993, 0.33184, 0.33558, 0.33899999999999997, 0.34352, 0.3471800000000001, 0.34852000000000005, 0.35391999999999996, 0.3526200000000001, 0.35618, 0.36045999999999995, 0.3635600000000001, 0.36456000000000005, 0.36597999999999997, 0.37134, 0.37328000000000006, 0.37868, 0.37746, 0.38152, 0.3831, 0.39086000000000004, 0.3861, 0.3921799999999999, 0.39159999999999995, 0.3986999999999999, 0.4027799999999999, 0.39967999999999987, 0.40456, 0.40440000000000004, 0.40870000000000006, 0.41101999999999994, 0.41229999999999994], "test_acc": [0.1, 0.1, 0.1, 0.1, 0.1, 0.1, 0.1, 0.1, 0.1, 0.1, 0.1, 0.1, 0.1, 0.1, 0.1, 0.1, 0.1, 0.1001, 0.1002, 0.1005, 0.1009, 0.1029, 0.1045, 0.1076, 0.1114, 0.1162, 0.12, 0.1281, 0.1383, 0.1531, 0.1681, 0.1805, 0.1899, 0.1949, 0.1987, 0.2005, 0.2016, 0.2006, 0.2001, 0.2012, 0.2021, 0.2023, 0.2013, 0.1992, 0.1976, 0.1954, 0.1925, 0.1883, 0.1845, 0.1794, 0.1784, 0.183, 0.1985, 0.2165, 0.2308, 0.243, 0.2582, 0.2705, 0.2759, 0.2831, 0.2889, 0.2955, 0.298, 0.3066, 0.3105, 0.3182, 0.3226, 0.3282, 0.3269, 0.3316, 0.3346, 0.3375, 0.3435, 0.3451, 0.3493, 0.3521, 0.3426, 0.3595, 0.3597, 0.3675, 0.3644, 0.3698, 0.3745, 0.3688, 0.3756, 0.3679, 0.3751, 0.3737, 0.3865, 0.3819, 0.3762, 0.3841, 0.382, 0.395, 0.3955, 0.3987, 0.3998, 0.3981, 0.4093, 0.3822], "tot_time": 1420.75346493721, "tot_iterations": 5000, "tot_epochs": 100}