{"avg_loss": [0.8745701493358858, 0.5085341775363643, 0.5067428818347302, 0.511586534630483, 0.5076927291207073, 0.5080824295095443, 0.5072053238521885, 0.5054329697562995, 0.513113147186843, 0.5101500957736903, 0.5062574551815853, 0.5105988619681512, 0.5072052872705283, 0.5033628460317815, 0.5023440945056775, 0.502751187689953, 0.5011059272888592, 0.4978857012737344, 0.49839224666200427, 0.496131593284455, 0.496168180017893, 0.4912010921447762, 0.4902801575633075, 0.4852593399360747, 0.4846103032137547, 0.48252427390202274, 0.4801557431463986, 0.48217076115616, 0.4786345652076661, 0.4766082386529873, 0.4762487609060928, 0.47278829099060526, 0.47166556576018553, 0.4705178863962364, 0.4683637348024323, 0.46596818238449417, 0.46898882892938054, 0.4627627113104475, 0.4620347551653509, 0.46532433607382023, 0.45356364491812734, 0.45135523343503514, 0.4455926766782253, 0.44368988590657077, 0.44405267565859147, 0.44210086946299054, 0.43947008091990797, 0.4359641311877455, 0.433510067439064, 0.43109285406529213, 0.42469576423605765, 0.41914729964536673, 0.41392968930078833, 0.4093716633526027, 0.40738257433601544, 0.4012930382511736, 0.39936981976984615, 0.3952947106418016, 0.39002499079689784, 0.3881800833581681, 0.3867501310088789, 0.3804019680688628, 0.3805763432166968, 0.3750118159897739, 0.3732568479875046, 0.36946659093487483, 0.3664742609657834, 0.3674451070329213, 0.36635400418330616, 0.35592121469702775, 0.35257196528897305, 0.35334553722712086, 0.34710712853192194, 0.3456554486861103, 0.3447481805566367, 0.343335085720658, 0.34380293873081536, 0.34175089111142815], "test_loss": [0.5000149956236092, 0.4995199352641264, 0.5008255167862906, 0.4998777593210322, 0.49892716111222307, 0.4990905626020575, 0.5003972448005478, 0.5025773445029793, 0.5028173343531082, 0.49834320899452283, 0.5270423134962667, 0.49682469138807595, 0.4966020347320999, 0.500819826722317, 0.5027582222367809, 0.49683679636502376, 0.49618451038388867, 0.4949784834845513, 0.4943029650825245, 0.49583211121332277, 0.4865766918715572, 0.48310497965470367, 0.489599709781032, 0.4756801056473334, 0.4739365460379194, 0.47473249975507964, 0.47285364294433596, 0.46875678054131986, 0.46708820502855564, 0.4653352939943204, 0.4616140242766083, 0.46064994195149933, 0.46129494223421313, 0.45860386147787996, 0.45496348655416874, 0.45672945518428004, 0.4555062272469308, 0.44945403766328157, 0.45127682893244303, 0.4459986964021118, 0.43827260056068895, 0.435420535865777, 0.43224857922451654, 0.43557500973400254, 0.42973662342976293, 0.42841525984284917, 0.4302884559328123, 0.4254776559555207, 0.4235202813648283, 0.4199824546027397, 0.4114296652739497, 0.40533107564548, 0.40116414044128246, 0.4024460985535452, 0.39453330169779105, 0.3914656599465481, 0.3912076631765668, 0.39252366159744173, 0.3837947462663076, 0.3880900779412871, 0.37844072895346964, 0.37447104335714776, 0.37265589918733844, 0.3699982693175127, 0.365545147300458, 0.3598460027674815, 0.3592183659797173, 0.36849205518207495, 0.361593333482454, 0.35469624582441495, 0.3520016443157271, 0.3494859477517757, 0.34626426456761716, 0.3448898290951016, 0.3444232321610837, 0.34295722858830596, 0.34289037709497083, 0.3400638454743461], "tot_time": 101.58172583580017, "tot_iterations": 546, "rho": [0.0001, 6.666666666666667e-05, 0.0001, 0.00015000000000000001, 0.00022500000000000002, 0.0003375, 0.00050625, 0.000759375, 0.0011390624999999999, 0.0007593749999999999, 0.0005062499999999999, 0.0007593749999999999, 0.0007593749999999999, 0.0011390624999999999, 0.0017085937499999998, 0.0011390624999999999, 0.0007593749999999999, 0.0007593749999999999, 0.0005062499999999999, 0.0007593749999999999, 0.0011390624999999999, 0.0007593749999999999, 0.0011390624999999999, 0.0017085937499999998, 0.0011390624999999999, 0.0007593749999999999, 0.0007593749999999999, 0.0011390624999999999, 0.0007593749999999999, 0.0005062499999999999, 0.0007593749999999999, 0.0005062499999999999, 0.0007593749999999999, 0.0007593749999999999, 0.0007593749999999999, 0.0011390624999999999, 0.0007593749999999999, 0.0011390624999999999, 0.0017085937499999998, 0.0017085937499999998, 0.0011390624999999999, 0.0011390624999999999, 0.0007593749999999999, 0.0011390624999999999, 0.0017085937499999998, 0.0017085937499999998, 0.0011390624999999999, 0.0017085937499999998, 0.0017085937499999998, 0.0011390624999999999, 0.0017085937499999998, 0.0025628906249999996, 0.0017085937499999996, 0.0011390624999999997, 0.0007593749999999997, 0.0005062499999999998, 0.0003374999999999998, 0.0005062499999999998, 0.0005062499999999998, 0.0007593749999999996, 0.0011390624999999995, 0.0017085937499999992, 0.0011390624999999995, 0.0011390624999999995, 0.0007593749999999996, 0.0005062499999999998, 0.0005062499999999998, 0.0007593749999999996, 0.0007593749999999996, 0.0011390624999999995, 0.0011390624999999995, 0.0011390624999999995, 0.0017085937499999992, 0.0025628906249999988, 0.0025628906249999988, 0.0017085937499999992, 0.0017085937499999992, 0.0025628906249999988, 0.0017085937499999992, 0.0017085937499999992, 0.0017085937499999992, 0.0011390624999999995, 0.0011390624999999995, 0.0007593749999999996, 0.0011390624999999995, 0.0017085937499999992, 0.0011390624999999995, 0.0007593749999999996, 0.0011390624999999995, 0.0011390624999999995, 0.0011390624999999995, 0.0017085937499999992, 0.0011390624999999995, 0.0017085937499999992, 0.0011390624999999995, 0.0011390624999999995, 0.0017085937499999992, 0.0025628906249999988, 0.0025628906249999988, 0.0017085937499999992, 0.0017085937499999992, 0.0011390624999999995, 0.0007593749999999996, 0.0011390624999999995, 0.0017085937499999992, 0.0011390624999999995, 0.0017085937499999992, 0.0017085937499999992, 0.0017085937499999992, 0.0011390624999999995, 0.0011390624999999995, 0.0017085937499999992, 0.0025628906249999988, 0.0017085937499999992, 0.0011390624999999995, 0.0017085937499999992, 0.0017085937499999992, 0.0017085937499999992, 0.0025628906249999988, 0.0017085937499999992, 0.0025628906249999988, 0.0025628906249999988, 0.003844335937499998, 0.0025628906249999988, 0.003844335937499998, 0.0025628906249999988, 0.0017085937499999992, 0.0011390624999999995, 0.0007593749999999996, 0.0011390624999999995, 0.0007593749999999996, 0.0011390624999999995, 0.0017085937499999992, 0.0025628906249999988, 0.003844335937499998, 0.0025628906249999988, 0.0017085937499999992, 0.0025628906249999988, 0.0017085937499999992, 0.0011390624999999995, 0.0011390624999999995, 0.0017085937499999992, 0.0011390624999999995, 0.0017085937499999992, 0.0017085937499999992, 0.0025628906249999988, 0.0017085937499999992, 0.0025628906249999988, 0.0017085937499999992, 0.0011390624999999995, 0.0007593749999999996, 0.0011390624999999995, 0.0007593749999999996, 0.0011390624999999995, 0.0007593749999999996, 0.0011390624999999995, 0.0017085937499999992, 0.0017085937499999992, 0.0011390624999999995, 0.0017085937499999992, 0.0025628906249999988, 0.003844335937499998, 0.0025628906249999988, 0.0017085937499999992, 0.0011390624999999995, 0.0017085937499999992, 0.0025628906249999988, 0.0017085937499999992, 0.0011390624999999995, 0.0017085937499999992, 0.0011390624999999995, 0.0007593749999999996, 0.0011390624999999995, 0.0017085937499999992, 0.0011390624999999995, 0.0017085937499999992, 0.0025628906249999988, 0.0017085937499999992, 0.0011390624999999995, 0.0007593749999999996, 0.0011390624999999995, 0.0007593749999999996, 0.0011390624999999995, 0.0007593749999999996, 0.0011390624999999995, 0.0017085937499999992, 0.0025628906249999988, 0.0017085937499999992, 0.0011390624999999995, 0.0007593749999999996, 0.0011390624999999995, 0.0017085937499999992, 0.0025628906249999988, 0.003844335937499998, 0.005766503906249997, 0.008649755859374995, 0.008649755859374995, 0.008649755859374995, 0.008649755859374995, 0.012974633789062492, 0.012974633789062492, 0.008649755859374993, 0.01297463378906249, 0.008649755859374993, 0.005766503906249995, 0.003844335937499997, 0.005766503906249995, 0.003844335937499997, 0.003844335937499997, 