{"avg_loss": [0.2953067481424915, 0.028126646251247823, 0.016778892551036387, 0.011837577849514093, 0.012707590871254334, 0.012031675954942884, 0.011257702547631272, 0.012149207155922994, 0.011246619442686324, 0.012435796375901689, 0.011762669582067106, 0.010971958358598467, 0.010954427385362446, 0.012128255156542844, 0.01170768518696074, 0.010064592802106857, 0.01067157939604064, 0.010516957581813372, 0.010665879360901478, 0.010286631787211203, 0.010510740259078555, 0.010919666073556513, 0.012282017073350618, 0.01022570533437707, 0.009783476308687781, 0.01047216321620575, 0.009705127567814139, 0.010092499648846513, 0.010017495449816578, 0.010345655678194104], "test_loss": [0.034089446310994, 0.018661418597108608, 0.011105569433811845, 0.012356774223777685, 0.010804222273274591, 0.01035414865797732, 0.014073353742496377, 0.011790507925796383, 0.012558246595121834, 0.012063278023645065, 0.010233036172839185, 0.009851763137518003, 0.009720349180728236, 0.01071541186431018, 0.01026829104577381, 0.00959931124399209, 0.0100079276431638, 0.009930012827158469, 0.00976338501714977, 0.00946329579994335, 0.012368113388773768, 0.010465379719695836, 0.009749080208695367, 0.008906468719561321, 0.009430352267427548, 0.009706824915445843, 0.008664041936966923, 0.009433159031105944, 0.010971324321374905, 0.009793027082866274], "tot_time": 10.14055061340332, "tot_iterations": 120, "rho": [0.0001, 0.0001, 0.00015000000000000001, 0.00022500000000000002, 0.0003375, 0.00050625, 0.000759375, 0.0011390624999999999, 0.0017085937499999998, 0.0025628906249999996, 0.0038443359374999994, 0.0025628906249999996, 0.0038443359374999994, 0.0038443359374999994, 0.00576650390625, 0.0038443359374999994, 0.0025628906249999996, 0.0025628906249999996, 0.0038443359374999994, 0.00576650390625, 0.008649755859375, 0.0129746337890625, 0.008649755859375, 0.00576650390625, 0.0038443359374999994, 0.00576650390625, 0.0038443359374999994, 0.00576650390625, 0.008649755859375, 0.00576650390625, 0.008649755859375, 0.0129746337890625, 0.008649755859375, 0.00576650390625, 0.0038443359374999994, 0.00576650390625, 0.00576650390625, 0.00576650390625, 0.00576650390625, 0.008649755859375, 0.0129746337890625, 0.008649755859375, 0.0129746337890625, 0.008649755859375, 0.00576650390625, 0.00576650390625, 0.008649755859375, 0.008649755859375, 0.00576650390625, 0.008649755859375, 0.00576650390625, 0.008649755859375, 0.00576650390625, 0.008649755859375, 0.00576650390625, 0.00576650390625, 0.008649755859375, 0.00576650390625, 0.00576650390625, 0.0038443359374999994, 0.00576650390625, 0.0038443359374999994, 0.00576650390625, 0.0038443359374999994, 0.00576650390625, 0.008649755859375, 0.008649755859375, 0.00576650390625, 0.0038443359374999994, 0.00576650390625, 0.008649755859375, 0.008649755859375, 0.00576650390625, 0.008649755859375, 0.0129746337890625, 0.008649755859375, 0.00576650390625, 0.00576650390625, 0.00576650390625, 0.008649755859375, 0.00576650390625, 0.0038443359374999994, 0.00576650390625, 0.00576650390625, 0.008649755859375, 0.00576650390625, 0.008649755859375, 0.00576650390625, 0.008649755859375, 0.0129746337890625, 0.0129746337890625, 0.01946195068359375, 0.012974633789062499, 0.01946195068359375, 0.029192926025390625, 0.01946195068359375, 0.012974633789062499, 0.008649755859374999, 0.012974633789062499, 0.01946195068359375, 0.012974633789062499, 0.008649755859374999, 0.012974633789062499, 0.01946195068359375, 0.012974633789062499, 0.008649755859374999, 0.012974633789062499, 0.012974633789062499, 0.008649755859374999, 0.008649755859374999, 0.005766503906249999, 0.008649755859374999, 0.012974633789062499, 0.01946195068359375, 0.029192926025390625, 0.01946195068359375, 0.01946195068359375, 0.012974633789062499, 0.012974633789062499, 0.008649755859374999], "alpha": [1.0, 0.5, 0.25, 0.5, 0.25, 0.25, 0.5, 0.5, 0.25, 1.0, 1.0, 0.5, 1.0, 0.5, 1.0, 1.0, 1.0, 0.25, 0.25, 0.5, 0.5, 1.0, 1.0, 1.0, 0.5, 1.0, 0.5, 1.0, 1.0, 0.5, 0.25, 1.0, 1.0, 1.0, 0.5, 1.0, 1.0, 1.0, 0.5, 0.5, 1.0, 0.5, 1.0, 1.0, 1.0, 0.5, 1.0, 1.0, 0.5, 1.0, 0.5, 1.0, 1.0, 1.0, 1.0, 0.5, 1.0, 1.0, 1.0, 0.5, 1.0, 0.5, 1.0, 0.25, 0.5, 1.0, 1.0, 1.0, 0.5, 0.5, 1.0, 1.0, 0.5, 0.5, 1.0, 1.0, 1.0, 1.0, 0.5, 1.0, 1.0, 0.5, 1.0, 0.5, 1.0, 0.5, 1.0, 0.5, 1.0, 1.0, 0.5, 1.0, 0.5, 1.0, 1.0, 1.0, 1.0, 0.5, 0.5, 1.0, 1.0, 0.5, 0.5, 1.0, 1.0, 0.5, 1.0, 1.0, 1.0, 1.0, 0.5, 0.5, 0.5, 0.5, 1.0, 1.0, 1.0, 1.0, 1.0, 0.5]}