{"avg_loss": [0.8122069733954169, 0.04699139393544525, 0.027172148009690686, 0.021122235364506903, 0.015506185169422324, 0.011995886282242012, 0.011427321131751014, 0.011196428914839976, 0.010979338491299069, 0.009920718651088614, 0.009655951541322599, 0.009583929602278437, 0.009493299549464769, 0.009439802232369614, 0.009436519680184965, 0.009086339683968409, 0.009005373263074854, 0.008879426794443715, 0.008786099953749469, 0.00875479146244242, 0.00854010947817183, 0.00851509271625376, 0.008441436484439038, 0.008330867629386625, 0.008309920721910757, 0.008146466498700987, 0.008025845676988788, 0.00798798137871964, 0.007882305433583729, 0.007846813127485136, 0.00782856392091863, 0.00770589378500091, 0.0076720067708601425, 0.007615131452052158, 0.0075671586295647875, 0.007540803986320749, 0.00749954087947653, 0.00747623982318514, 0.00744055785040755, 0.007417995711992412, 0.007381563739147766, 0.0073597460101862775, 0.007332598173342197, 0.007308662378825238, 0.007276737021998935, 0.007251449166648236, 0.007229087055735263, 0.007206215154553465, 0.007185854592355368, 0.007163818696958775, 0.007143826123265606, 0.007122492885231862, 0.007102703778584623, 0.007081723992193701, 0.007061971161886035, 0.007040839396838356, 0.007020731474154474, 0.006998362650622769], "test_loss": [0.05107265186157785, 0.032950555116713645, 0.024848930900688463, 0.017213445279371558, 0.01263094545907113, 0.011498718438894317, 0.011047270584367124, 0.010678056063210374, 0.01011822426989383, 0.009608451792160452, 0.00978752136760105, 0.009941410573834547, 0.00957805148439355, 0.009949242765791375, 0.009358852122513561, 0.00942991089347283, 0.00916772095004895, 0.009380195477500923, 0.009248926274354448, 0.008968758420770863, 0.008948110814302449, 0.008954495706568937, 0.008869428028134152, 0.008871867204159695, 0.008812480702422599, 0.008806668897551977, 0.008713592684461606, 0.00869124565901517, 0.008536879536119108, 0.00869666483491903, 0.008506098134056148, 0.008532471398496621, 0.008415106208855985, 0.0084652635874661, 0.008379874966824935, 0.008413459938451068, 0.00833597045738038, 0.008371041668385848, 0.00834253786371251, 0.008322901273167019, 0.00826781075729588, 0.008285676196713115, 0.0082928942915136, 0.008231813881714697, 0.008106533330822951, 0.008189311514033298, 0.008095756125347384, 0.008157898696002655, 0.008070600284008212, 0.008126952401377799, 0.008042548870491655, 0.008096651951692131, 0.008013361569452959, 0.008066118932602765, 0.007980762843102932, 0.008035599258765305, 0.007939120260685049, 0.008004430827019756], "tot_time": 10.032331705093384, "tot_iterations": 58, "rho": [0.0001, 6.666666666666667e-05, 0.0001, 0.00015000000000000001, 0.00015000000000000001, 0.00022500000000000002, 0.0003375, 0.00050625, 0.000759375, 0.00050625, 0.00033749999999999996, 0.00050625, 0.000759375, 0.000759375, 0.0011390624999999999, 0.0007593749999999999, 0.0011390624999999999, 0.0007593749999999999, 0.0005062499999999999, 0.0007593749999999999, 0.0005062499999999999, 0.0007593749999999999, 0.0011390624999999999, 0.0007593749999999999, 0.0011390624999999999, 0.0007593749999999999, 0.0005062499999999999, 0.0007593749999999999, 0.0005062499999999999, 0.0005062499999999999, 0.0007593749999999999, 0.0005062499999999999, 0.0007593749999999999, 0.0005062499999999999, 0.0003374999999999999, 0.00022499999999999994, 0.00014999999999999996, 9.999999999999996e-05, 6.666666666666664e-05, 6.666666666666664e-05, 4.4444444444444426e-05, 2.9629629629629616e-05, 1.9753086419753076e-05, 1.9753086419753076e-05, 1.3168724279835383e-05, 8.779149519890255e-06, 8.779149519890255e-06, 5.852766346593503e-06, 5.852766346593503e-06, 3.901844231062335e-06, 2.60122948737489e-06, 1.73415299158326e-06, 1.1561019943888399e-06, 1e-06, 1e-06, 1e-06, 1e-06, 1e-06], "alpha": [1.0, 0.5, 0.25, 1.0, 0.25, 0.25, 0.25, 0.5, 1.0, 1.0, 0.25, 0.5, 1.0, 0.5, 1.0, 0.5, 1.0, 1.0, 0.5, 1.0, 0.25, 0.5, 1.0, 0.5, 1.0, 1.0, 0.5, 1.0, 1.0, 1.0, 1.0, 0.5, 1.0, 1.0, 1.0, 1.0, 1.0, 1.0, 1.0, 1.0, 1.0, 1.0, 1.0, 1.0, 1.0, 1.0, 1.0, 1.0, 1.0, 1.0, 1.0, 1.0, 1.0, 1.0, 1.0, 1.0, 1.0, 1.0]}