{"avg_loss": [2.302703485464466, 2.301972629189297, 2.3009415508255966, 2.298587237524156, 2.287875765515666, 2.1740095648656705, 2.0353872986080277, 1.9689119161581496, 1.911866774051213, 1.8579611845023443, 1.8240106384120651, 1.7895591628450325, 1.7529707977124607, 1.7205371659160584, 1.6997081092932391, 1.6710125208798021, 1.6491712611528735, 1.619473011481322, 1.58257033963872, 1.5595497025808174, 1.527593981878939, 1.5072893593433292, 1.4714958885323375, 1.4374665992838838, 1.4077296427349715, 1.3762308943048702, 1.347833398165868, 1.3209057160059408, 1.2940160052846736, 1.283187481939788, 1.2378225927997057, 1.2331450470128082, 1.2084536782477293, 1.1809025573347391, 1.1604570358189779, 1.1468329589444601, 1.111245775225697, 1.106245568911263, 1.0965058635840539, 1.0623354407570815, 1.0406667744286329, 1.0276784027628958, 1.0116352016961487, 0.9884435770485632, 0.9729440443693553, 0.9640238495908267, 0.9322738531855574, 0.92911617780198, 0.9041382606120072, 0.8896229408827798, 0.8750982801510984, 0.8673803447832613, 0.848489074429876, 0.8361977423900494, 0.8328738631754452, 0.7973494084849341, 0.802630909043154, 0.769980695398653, 0.7701359070298429, 0.7495855774511303, 0.7566831735194509, 0.7341447288241136, 0.7288912110003005, 0.7072188785624914, 0.694336225806031, 0.6842113378881066, 0.6811917642274978, 0.6696011509423866, 0.6608220841115324, 0.6323545168241294, 0.6281410106355985, 0.6293551326269797, 0.6233910053484685, 0.5988377952050231, 0.6134571465054764, 0.585605840490968, 0.5653294343132573, 0.5815787817142825, 0.5438394706177226, 0.5373317275488315, 0.5340557562454604, 0.5436490029967279, 0.522066886518538, 0.505128724271866, 0.515949158860615, 0.4760638539273009, 0.4926166069715726, 0.4694799068477212, 0.4665595043228973, 0.45135269972847525, 0.4621796104045884, 0.4339771540608121, 0.45689814793785666, 0.4259582081509447, 0.3973359427850803, 0.41479828209704217, 0.4185432702715668, 0.40174056237859623, 0.38040508694341235, 0.37381060611415245], "acc": [0.10000000000000002, 0.10114000000000002, 0.12472000000000003, 0.18956, 0.19466000000000006, 0.21289999999999998, 0.27257999999999993, 0.29856, 0.32173999999999997, 0.3436, 0.35379999999999995, 0.3624600000000001, 0.3794599999999999, 0.39237999999999995, 0.3996800000000001, 0.40972000000000003, 0.41773999999999994, 0.42562, 0.44134, 0.44972, 0.4621, 0.47045999999999993, 0.48244, 0.4947200000000001, 0.5055400000000001, 0.51886, 0.52908, 0.53738, 0.5492200000000002, 0.5554800000000002, 0.5704, 0.5708799999999998, 0.5764599999999999, 0.58896, 0.59626, 0.5980800000000001, 0.61436, 0.6128, 0.61806, 0.6301399999999999, 0.64006, 0.6420999999999998, 0.6478400000000001, 0.6575799999999999, 0.6607999999999999, 0.66644, 0.6751000000000001, 0.67542, 0.6847999999999997, 0.69062, 0.6962, 0.6995800000000001, 0.7055600000000001, 0.7107799999999999, 0.7102800000000002, 0.7217, 0.7216800000000001, 0.7331400000000001, 0.7318199999999999, 0.7404199999999999, 0.7381800000000003, 0.7432400000000001, 0.7447999999999999, 0.7550200000000001, 0.7608800000000001, 0.7612000000000004, 0.7632800000000002, 0.7684400000000002, 0.7717400000000002, 0.7811000000000005, 0.7795600000000001, 0.7782399999999999, 0.78314, 0.7904599999999996, 0.78732, 0.7950200000000001, 0.8011999999999999, 0.7966799999999998, 0.8090799999999999, 0.8116799999999997, 0.80944, 0.8092200000000003, 0.8177800000000001, 0.82122, 0.81938, 0.8332200000000001, 0.8293199999999997, 0.8344799999999997, 0.83632, 0.8432199999999997, 0.8368400000000001, 0.8483000000000002, 0.84056, 0.85154, 0.8592799999999999, 0.8542999999999998, 0.8532999999999998, 0.8594399999999998, 0.8659799999999999, 0.8699000000000003], "test_acc": [0.1, 0.1001, 0.1343, 0.2006, 0.1814, 0.2651, 0.2679, 0.3184, 0.3401, 0.3346, 0.3651, 0.3694, 0.3466, 0.4036, 0.3894, 0.4139, 0.4164, 0.4328, 0.4299, 0.455, 0.471, 0.4706, 0.4933, 0.5016, 0.4896, 0.4631, 0.489, 0.5429, 0.5216, 0.5602, 0.5432, 0.5333, 0.5661, 0.5489, 0.5788, 0.5519, 0.5822, 0.5948, 0.6065, 0.6018, 0.6011, 0.6155, 0.6166, 0.6311, 0.6208, 0.6275, 0.6356, 0.6264, 0.617, 0.6461, 0.5954, 0.6471, 0.649, 0.6419, 0.6498, 0.6329, 0.6508, 0.6488, 0.6352, 0.6507, 0.651, 0.6462, 0.656, 0.6628, 0.6588, 0.6729, 0.6596, 0.6592, 0.6712, 0.6648, 0.649, 0.6651, 0.6743, 0.6438, 0.6659, 0.666, 0.6652, 0.6612, 0.664, 0.6638, 0.661, 0.6658, 0.6671, 0.6702, 0.667, 0.6542, 0.6577, 0.6696, 0.6411, 0.6575, 0.6353, 0.6661, 0.6606, 0.6724, 0.6598, 0.6137, 0.6432, 0.6517, 0.6682, 0.658], "tot_time": 1419.7230393886566, "tot_iterations": 5000, "tot_epochs": 100}