{"avg_loss": [0.28087889889431705, 0.01362095531793859, 0.01503309822848864, 0.014968398841202811, 0.012926692997402286, 0.011073265485860625, 0.010830824371501204, 0.010570591661855382, 0.010312473517324783, 0.011548890796336947, 0.012714187666279747, 0.01025829170786877, 0.010784468432641003, 0.01113272113025409, 0.010720116664463148, 0.010164356133728313, 0.011075832983261775, 0.011112042125039977, 0.00996752337903489, 0.010180592842807798, 0.011349268576787547, 0.009913000161480591, 0.010478710137395611, 0.00996524265248038, 0.009899620690027765, 0.010242542680554498], "test_loss": [0.015243044042981553, 0.013440380213015687, 0.015429273340892363, 0.01468152044245996, 0.011675885529361283, 0.010603341692740718, 0.010974480763572316, 0.00998951620706337, 0.009546965597179855, 0.010078711367867865, 0.009706099518287421, 0.011125944143827182, 0.010428581667149142, 0.011647525335671736, 0.009879941003520321, 0.009539897115891482, 0.010050747276043279, 0.009429185450596057, 0.009524585323710697, 0.00992199055117248, 0.01088676826757188, 0.010817204361042287, 0.009220495993463286, 0.008937027552665436, 0.009745812639459962, 0.009473647702496037], "tot_time": 10.657307863235474, "tot_iterations": 104, "rho": [0.0001, 6.666666666666667e-05, 0.0001, 0.00015000000000000001, 0.0001, 0.00015000000000000001, 0.00022500000000000002, 0.0003375, 0.00050625, 0.000759375, 0.0011390624999999999, 0.0017085937499999998, 0.0025628906249999996, 0.0025628906249999996, 0.0038443359374999994, 0.0038443359374999994, 0.00576650390625, 0.0038443359374999994, 0.00576650390625, 0.00576650390625, 0.008649755859375, 0.008649755859375, 0.00576650390625, 0.008649755859375, 0.0129746337890625, 0.0129746337890625, 0.008649755859375, 0.0129746337890625, 0.008649755859375, 0.00576650390625, 0.008649755859375, 0.0129746337890625, 0.008649755859375, 0.00576650390625, 0.008649755859375, 0.0129746337890625, 0.008649755859375, 0.00576650390625, 0.008649755859375, 0.008649755859375, 0.00576650390625, 0.00576650390625, 0.008649755859375, 0.008649755859375, 0.00576650390625, 0.008649755859375, 0.0129746337890625, 0.01946195068359375, 0.012974633789062499, 0.008649755859374999, 0.005766503906249999, 0.005766503906249999, 0.008649755859374999, 0.005766503906249999, 0.008649755859374999, 0.012974633789062499, 0.01946195068359375, 0.012974633789062499, 0.008649755859374999, 0.012974633789062499, 0.012974633789062499, 0.008649755859374999, 0.005766503906249999, 0.003844335937499999, 0.003844335937499999, 0.005766503906249999, 0.008649755859374999, 0.005766503906249999, 0.008649755859374999, 0.005766503906249999, 0.005766503906249999, 0.008649755859374999, 0.005766503906249999, 0.008649755859374999, 0.012974633789062499, 0.01946195068359375, 0.029192926025390625, 0.01946195068359375, 0.012974633789062499, 0.008649755859374999, 0.008649755859374999, 0.012974633789062499, 0.012974633789062499, 0.012974633789062499, 0.008649755859374999, 0.005766503906249999, 0.008649755859374999, 0.005766503906249999, 0.008649755859374999, 0.012974633789062499, 0.012974633789062499, 0.008649755859374999, 0.005766503906249999, 0.008649755859374999, 0.005766503906249999, 0.003844335937499999, 0.005766503906249999, 0.003844335937499999, 0.005766503906249999, 0.008649755859374999, 0.012974633789062499, 0.008649755859374999, 0.005766503906249999, 0.005766503906249999], "alpha": [1.0, 0.5, 0.125, 1.0, 0.25, 0.25, 0.25, 0.5, 1.0, 0.5, 0.5, 0.5, 1.0, 0.5, 1.0, 0.5, 1.0, 0.5, 1.0, 0.5, 1.0, 1.0, 0.5, 0.5, 1.0, 1.0, 0.5, 1.0, 1.0, 0.5, 0.5, 1.0, 1.0, 0.5, 0.5, 1.0, 1.0, 0.25, 1.0, 1.0, 1.0, 0.5, 1.0, 1.0, 0.5, 0.5, 0.5, 1.0, 1.0, 1.0, 1.0, 0.25, 1.0, 0.5, 1.0, 0.5, 1.0, 1.0, 0.5, 1.0, 1.0, 1.0, 1.0, 1.0, 0.5, 1.0, 1.0, 0.25, 1.0, 1.0, 0.5, 1.0, 0.5, 0.5, 0.5, 0.5, 1.0, 1.0, 1.0, 1.0, 0.5, 1.0, 1.0, 1.0, 1.0, 0.5, 1.0, 0.5, 0.5, 1.0, 1.0, 1.0, 0.5, 1.0, 1.0, 0.5, 1.0, 0.5, 0.5, 0.5, 1.0, 1.0, 1.0, 0.5]}