{"avg_loss": [0.8122069733954175, 0.04696273977288967, 0.02733468687150311, 0.020847245186737796, 0.017682444772149922, 0.012622034525328413, 0.011556268925172041, 0.011219394958777754, 0.01080815918301897, 0.009915697134599836, 0.009644464738379132, 0.009547510914247867, 0.009477495282942623, 0.009224662419525131, 0.009054729463386226, 0.008956630875541783, 0.008889591041465349, 0.008715397225297265, 0.008656828456120265, 0.008532275920571604, 0.008522858627624062, 0.008280761304364968, 0.00815631778531527, 0.0081560477725868, 0.008013028513730097, 0.00796867499498842, 0.007925052972123127, 0.007881945654349317, 0.007837504284663089, 0.007794929101192255, 0.007754920263928811, 0.007719002570957199, 0.007684658689434003, 0.0076493731997241046, 0.007618830284121372, 0.007583979284295471, 0.007556557185530698, 0.007508673534509259, 0.0074650934169427086, 0.007427799859712346, 0.0074081388970944064, 0.007375297798060971, 0.007354437896756295, 0.007324427093914595, 0.007302698256616739, 0.007274997424943538], "test_loss": [0.05103342640362845, 0.03313028481302363, 0.024531864109406023, 0.01968961975681568, 0.013328513894879377, 0.0116067694595922, 0.011036802962812634, 0.010539794999420647, 0.009990028010989515, 0.009698821091354167, 0.009843063803369509, 0.00964364169544922, 0.00970172354525732, 0.009481255420389337, 0.0093903514374053, 0.009262662043693606, 0.009258980124915932, 0.009040837363849624, 0.009116865809497535, 0.009112286954654674, 0.008859333304045291, 0.008849315973455526, 0.008796139802754944, 0.008695938794043373, 0.00867251063099248, 0.008625201647927903, 0.008618570013924087, 0.008497653792292758, 0.008563579667884666, 0.008553466305037874, 0.008527162917164093, 0.00852386129767752, 0.00849513171513832, 0.00847284188133415, 0.008474589933299618, 0.00843501812735311, 0.008261266747508338, 0.008373265735086823, 0.008299809668314779, 0.008333662065982773, 0.00826279013464702, 0.008296242992000775, 0.00822961338891107, 0.008261879506639633, 0.008198345657893697, 0.008230920719730318], "tot_time": 10.192984342575073, "tot_iterations": 46, "rho": [0.0001, 6.666666666666667e-05, 0.0001, 0.00015000000000000001, 0.00015000000000000001, 0.00022500000000000002, 0.0003375, 0.00050625, 0.000759375, 0.00050625, 0.00033749999999999996, 0.00050625, 0.000759375, 0.00050625, 0.000759375, 0.00050625, 0.000759375, 0.00050625, 0.000759375, 0.00050625, 0.000759375, 0.00050625, 0.00033749999999999996, 0.00050625, 0.00033749999999999996, 0.00033749999999999996, 0.00033749999999999996, 0.00033749999999999996, 0.00033749999999999996, 0.00033749999999999996, 0.00033749999999999996, 0.00033749999999999996, 0.00033749999999999996, 0.00033749999999999996, 0.00033749999999999996, 0.00033749999999999996, 0.00033749999999999996, 0.00022499999999999997, 0.00014999999999999996, 9.999999999999996e-05, 9.999999999999996e-05, 6.666666666666664e-05, 6.666666666666664e-05, 6.666666666666664e-05, 6.666666666666664e-05, 6.666666666666664e-05], "alpha": [1.0, 0.5, 0.25, 1.0, 0.25, 0.25, 0.25, 0.5, 1.0, 1.0, 0.5, 0.25, 1.0, 0.5, 1.0, 0.5, 1.0, 0.5, 1.0, 0.5, 1.0, 1.0, 1.0, 1.0, 1.0, 1.0, 1.0, 1.0, 1.0, 1.0, 1.0, 1.0, 1.0, 1.0, 1.0, 1.0, 1.0, 1.0, 1.0, 1.0, 1.0, 1.0, 1.0, 1.0, 1.0, 1.0]}