{"avg_loss": [0.8311627296358892, 0.35308649867769776, 0.19944482736763672, 0.06602650186455304, 0.0050215575484530445, 0.0006224778175279369, 0.0002264479519240469, 0.0001628485917595688, 0.00014236225356581452, 0.00013007178776412853, 0.0001232450780498814, 0.00011848065475980057, 0.00011502391187438648, 0.0001135716782812398, 0.00011376616410687239, 0.00011137911333464602, 0.00011093702468720539, 0.00011047384235784184, 0.00010899713810813139, 0.00010912634558610482, 0.00010890575348038948, 0.00010854427570103031, 0.00010867171351384775, 0.000107469792138082, 0.00010695735359047949, 0.00010744863200013012, 0.00010719490261570205, 0.00010737879171912091, 0.00010698169695774736, 0.0001064597217069311, 0.00010606409493556324, 0.00010607005260636307, 0.000106197256838662, 0.00010578359629658505, 0.00010717469076924835, 0.00010773095392441898, 0.00010580282927324907, 0.0001060697437496943, 0.00010532545672090326, 0.00010556096278033128, 0.0001051573141480583, 0.00010562412693893132, 0.00010550676401331064, 0.00010493828423592319, 0.00010511871983417453, 0.00010524737340417384, 0.00010473627053235075, 0.00010514210723756994, 0.00010560178638568521, 0.00010515793771895061, 0.00010512416085811821, 0.00010472347947144046, 0.0001043439262229843, 0.00010474371901988578, 0.00010579899784255849, 0.00010491267880936636, 0.0001045265823334555, 0.00010507957543195096, 0.00010439665358593796, 0.00010465458979463475, 0.00010505786113454958, 0.0001047260088046235, 0.0001054661780960069, 0.00010492232644665605, 0.00010567677905998144, 0.00010499181391866815, 0.00010468188210744293, 0.00010486721051286999, 0.00010444536334588319, 0.00010421531261505475, 0.00010471488264468853, 0.00010436531770075188, 0.00010513095287678512, 0.00010493859729328562, 0.00010499976797799331, 0.00010489223365199453, 0.00010425746720365025, 0.0001044550929551003, 0.00010465369518030193, 0.00010523442628143473, 0.0001048550939600045, 0.0001045683088745866, 0.00010402879753253535, 0.00010472388781866581, 0.0001055653840910657, 0.00010479787596933553, 0.00010486051171566941, 0.0001046178011445054, 0.00010432069410483293, 0.00010422074871362304, 0.00010459318655764511, 0.0001046057758946794], "test_loss": [0.44347099275271884, 0.2766732336794985, 0.10046000002605207, 0.015977161561056778, 0.0010322837295340145, 0.0002699084937648786, 0.00017323738459510345, 0.00014553494352911213, 0.00012772249113538552, 0.00012308321387657372, 0.00011770964475166241, 0.00011531615853185628, 0.00011180872094314219, 0.00011371425061707419, 0.00011032221024989051, 0.0001109886956443696, 0.00010822662416087844, 0.00010685821849079142, 0.00010736439662962133, 0.0001064293120616663, 0.00010737373893503293, 0.0001083467749092398, 0.0001064718255549838, 0.00010651665159871718, 0.0001064887131410184, 0.00010750547169841435, 0.0001060620737860396, 0.00010537404709347032, 0.00010552999435458101, 0.00010569699707631527, 0.00010656633409421807, 0.00010510184168066525, 0.00010427330952325927, 0.00010591530512608804, 0.00010528208485396451, 0.0001049896096179417, 0.00010539501998391524, 0.00010594174632706424, 0.00010509852368163823, 0.00010440898343749971, 0.0001070514963363376, 0.0001068675695776903, 0.00010395085994260434, 0.0001054188780684811, 0.00010384357618846977, 0.00010386153148053118, 0.00010459789248756629, 0.00010427004696002933, 0.00010487516374250916, 0.00010398905818997767, 0.00010430085746236743, 0.00010365586067504237, 0.00010401888798828755, 0.00010450300601657805, 0.00010359739153526137, 0.00010368550893226797, 0.00010452180844886624, 0.0001047684575783787, 0.00010384580208751112, 0.00010469611226766522, 0.00010334959560594312, 0.00010468055400289631, 0.00010352170095076576, 0.00010450293098389016, 0.0001045751621041669, 0.00010552091769005462, 0.000105091226238212, 0.00010471944717541039, 0.00010457937107029324, 0.00010396767427483206, 0.00010372716790853189, 0.00010455430673090323, 0.00010519920675436865, 0.00010289171882920555, 0.00010303071267491059, 0.0001038205572544491, 0.00010486420471794493, 0.00010361089039566336, 0.00010474852583529918, 0.00010274440895026599, 0.00010348429365690679, 0.00010342075226865138, 0.00010254493950889738, 0.00010418196989936175, 0.0001037214101779557, 0.00010505854278116016, 0.00010467490575958575, 0.00010467571748473326, 0.00010353130100984174, 0.00010506221168072824, 0.00010462761892833427, 0.00010448562280084704], "tot_time": 100.97229218482971, "tot_iterations": 644,