{"avg_loss": [0.8122069733954165, 0.046931327675806746, 0.02737858360604187, 0.020962251487893838, 0.015437308565181993, 0.01195286134327683, 0.011456951114260334, 0.011229979145416739, 0.010891157400478024, 0.009921299843246885, 0.009866840311199613, 0.00985134666989232, 0.009836584574308383, 0.009823308714804094, 0.009810309642426232, 0.00979807806110442, 0.009786119540240014, 0.009774648698720306, 0.009763439847152717, 0.009752583542642398, 0.00974196959827093, 0.009731619827520027, 0.00972149233599875, 0.009711561343633263, 0.009701834195941481, 0.009692247581629036, 0.009682848576441356, 0.009673542462174166, 0.009664409616170854, 0.009655329906348783, 0.009646411033062019, 0.009637515256394152, 0.009628769388946435, 0.009620029360578361, 0.009611429437732367, 0.009602832310664477, 0.009594366279508767, 0.009585911074482381, 0.009577578470251277, 0.00956926854177359, 0.00956107310393747, 0.009552909017512521, 0.009544851811132252, 0.009536828533289618, 0.009528905146512544, 0.009521013060011232, 0.009513214524543926, 0.00950544188872459, 0.009497757074463297, 0.009490092200834627, 0.009482509962347096, 0.009474942591214272, 0.009467453079710442, 0.009459974857369309, 0.009452570076063628, 0.009445174488909224, 0.009437848209308838, 0.00943053016903988, 0.009423277515741629, 0.009416032830913888, 0.009408849828172786, 0.00940167483761246, 0.009394557999728836, 0.009387449317169923, 0.009380395450979954, 0.009373349935693547, 0.009366356045800734, 0.00935937078906401, 0.00935243413595453, 0.00934550654746964, 0.009338624685475042, 0.009331752539211556, 0.009324923401103451, 0.00931810488537341, 0.009311326818324764, 0.00930456056759171, 0.009297832364135462, 0.009291117466039778], "test_loss": [0.051006394436191704, 0.033174467975270155, 0.02462751402129279, 0.01714676720796108, 0.012585680904560253, 0.01151903252562338, 0.011081270804250273, 0.010629652294091322, 0.010020380453261913, 0.010103031854940459, 0.009869232491638805, 0.010073590778508631, 0.009846876020849514, 0.01004163599819184, 0.009824185217054833, 0.010015006236823281, 0.009803546711489485, 0.009991164295586576, 0.009784843154205206, 0.00996929903200972, 0.009767579589186101, 0.009948973869371686, 0.009751339889915845, 0.009929886947524334, 0.009735835461164652, 0.009911804103726473, 0.009720872938486443, 0.00989453846739581, 0.00970633451470572, 0.009877935873534608, 0.009692171516969652, 0.009861876065556241, 0.009678393238699139, 0.009846276854104465, 0.009665042810348919, 0.009831094828788085, 0.009652155259567844, 0.009816319638741746, 0.00963972149880976, 0.009801956125202306, 0.009627687517264616, 0.009788005847369158, 0.00961597902086098, 0.009774455671098586, 0.009604528881641566, 0.009761279639341359, 0.00959329033843908, 0.009748444519129158, 0.009582236831601495, 0.009735917338608544, 0.009571355089305789, 0.009723669222665399, 0.00956064112219869, 0.009711677236854635, 0.009550093013029929, 0.009699923767886417, 0.009539708060800399, 0.00968839525300528, 0.009529483456723305, 0.009677080362561133, 0.009519414111079321, 0.009665968742968406, 0.009509496109298361, 0.009655050569797858, 0.00949972485321135, 0.009644315908239116, 0.009490098757333641, 0.009633754870488311, 0.009480616942644196, 0.009623358249976123, 0.009471281271009642, 0.009613117006263305, 0.009462094946528396, 0.009603022780154579, 0.009453062857210684, 0.009593067551383283, 0.009444192271852728, 0.00958324372873549], "tot_time": 10.029505968093872, "tot_iterations": 78, "rho": [0.0001, 6.666666666666667e-05, 0.0001, 0.00015000000000000001, 0.00015000000000000001, 0.00022500000000000002, 0.0003375, 0.00050625, 0.000759375, 0.00050625, 0.00033749999999999996, 0.00022499999999999997, 0.00014999999999999996, 9.999999999999996e-05, 6.666666666666664e-05, 4.4444444444444426e-05, 2.9629629629629616e-05, 1.9753086419753076e-05, 1.3168724279835383e-05, 8.779149519890255e-06, 5.852766346593503e-06, 3.901844231062335e-06, 2.60122948737489e-06, 1.73415299158326e-06, 1.1561019943888399e-06, 1e-06, 1e-06, 1e-06, 1e-06, 1e-06, 1e-06, 1e-06, 1e-06, 1e-06, 1e-06, 1e-06, 1e-06, 1e-06, 1e-06, 1e-06, 1e-06, 1e-06, 1e-06, 1e-06, 1e-06, 1e-06, 1e-06, 1e-06, 1e-06, 1e-06, 1e-06, 1e-06, 1e-06, 1e-06, 1e-06, 1e-06, 1e-06, 1e-06, 1e-06, 1e-06, 1e-06, 1e-06, 1e-06, 1e-06, 1e-06, 1e-06, 1e-06, 1e-06, 1e-06, 1e-06, 1e-06, 1e-06, 1e-06, 1e-06, 1e-06, 1e-06, 1e-06, 1e-06], "alpha": [1.0, 0.5, 0.25, 1.0, 0.25, 0.25, 0.25, 0.5, 1.0, 1.0, 1.0, 1.0, 1.0, 1.0, 1.0, 1.0, 1.0, 1.0, 1.0, 1.0, 1.0, 1.0, 1.0, 1.0, 1.0, 1.0, 1.0, 1.0, 1.0, 1.0, 1.0, 1.0, 1.0, 1.0, 1.0, 1.0, 1.0, 1.0, 1.0, 1.0, 1.0, 1.0, 1.0, 1.0, 1.0, 1.0, 1.0, 1.0, 1.0, 1.0, 1.0, 1.0, 1.0, 1.0, 1.0, 1.0, 1.0, 1.0, 1.0, 1.0, 1.0, 1.0, 1.0, 1.0, 1.0, 1.0, 1.0, 1.0, 1.0, 1.0, 1.0, 1.0, 1.0, 1.0, 1.0, 1.0, 1.0, 1.0]}