{"avg_loss": [0.3520520155038007, 0.09242365783152429, 0.0283794363406776, 0.011810163843922226, 0.01162582282184405, 0.0117144506644772, 0.011174545514815927, 0.012091976463682265, 0.011194674108962775, 0.011812074611004935, 0.01110731681979992, 0.011488958898192125, 0.011905095931179926, 0.011461644152979743, 0.011049677707258598, 0.01242852945433284, 0.010757974320019958, 0.011997232406455116, 0.011975876746238161, 0.011214445100480842, 0.011060233755079472, 0.011727345827706974, 0.012404195526368891, 0.011234686035566486, 0.0108355059373139, 0.011045746361892329, 0.010873863830982785, 0.010613457176999163, 0.010556351563372934, 0.011887688590799127, 0.010812538524867518, 0.010934605398294973, 0.010839823023073684, 0.010838298454052599, 0.01185230585591266, 0.01210871116431018, 0.009885200435298237, 0.012752077405647044], "test_loss": [0.11453461002277755, 0.03905144671248684, 0.010564369044855752, 0.010885832228301104, 0.010751064094692852, 0.010900371125133783, 0.011028618246546877, 0.01114590338768134, 0.013154708441038037, 0.010419644043140764, 0.010807155265003695, 0.012219609229893477, 0.013029666193446638, 0.010046154958900745, 0.012973071269560536, 0.010221106154843658, 0.010512752216924468, 0.01001735155362486, 0.009440694439791668, 0.009661209984987484, 0.01351608541372871, 0.009869578898916032, 0.011835634541085526, 0.009230547292968651, 0.011376628894997385, 0.01218513844603198, 0.009737533114573343, 0.010818037582766298, 0.012891800127928293, 0.009651362583702314, 0.010631699135803375, 0.011586415964714112, 0.01031313379543867, 0.009818580788010518, 0.010246483912718873, 0.009794702803013079, 0.011302368468940609, 0.011385728588477827], "tot_time": 10.194639921188354, "tot_iterations": 152, "rho": [0.0001, 0.0001, 0.00015000000000000001, 0.00022500000000000002, 0.0003375, 0.00050625, 0.000759375, 0.0011390624999999999, 0.0011390624999999999, 0.0017085937499999998, 0.0011390624999999999, 0.0011390624999999999, 0.0007593749999999999, 0.0005062499999999999, 0.0003374999999999999, 0.00022499999999999994, 0.00022499999999999994, 0.00014999999999999996, 0.00014999999999999996, 9.999999999999996e-05, 9.999999999999996e-05, 6.666666666666664e-05, 4.4444444444444426e-05, 2.9629629629629616e-05, 4.4444444444444426e-05, 2.9629629629629616e-05, 1.9753086419753076e-05, 1.3168724279835383e-05, 1.3168724279835383e-05, 8.779149519890255e-06, 1.3168724279835383e-05, 8.779149519890255e-06, 8.779149519890255e-06, 8.779149519890255e-06, 5.852766346593503e-06, 5.852766346593503e-06, 5.852766346593503e-06, 5.852766346593503e-06, 3.901844231062335e-06, 2.60122948737489e-06, 1.73415299158326e-06, 1.1561019943888399e-06, 1e-06, 1e-06, 1.5e-06, 1e-06, 1e-06, 1e-06, 1.5e-06, 2.25e-06, 1.5e-06, 1e-06, 1.5e-06, 1e-06, 1e-06, 1e-06, 1.5e-06, 2.25e-06, 1.5e-06, 2.25e-06, 3.375e-06, 2.2499999999999996e-06, 3.3749999999999995e-06, 3.3749999999999995e-06, 2.2499999999999996e-06, 1.4999999999999996e-06, 1e-06, 1.5e-06, 1e-06, 1e-06, 1e-06, 1.5e-06, 1e-06, 1e-06, 1.5e-06, 1.5e-06, 1.5e-06, 1e-06, 1e-06, 1.5e-06, 2.25e-06, 3.375e-06, 2.2499999999999996e-06, 1.4999999999999996e-06, 1e-06, 1e-06, 1e-06, 1e-06, 1e-06, 1e-06, 1e-06, 1e-06, 1e-06, 1.5e-06, 1e-06, 1e-06, 1e-06, 1e-06, 1e-06, 1e-06, 1.5e-06, 1e-06, 1.5e-06, 1.5e-06, 2.25e-06, 3.375e-06, 2.2499999999999996e-06, 1.4999999999999996e-06, 2.2499999999999996e-06, 1.4999999999999996e-06, 1e-06, 1e-06, 1e-06, 1e-06, 1e-06, 1.5e-06, 1e-06, 1e-06, 1e-06, 1e-06, 1.5e-06, 1e-06, 1e-06, 1.5e-06, 1e-06, 1e-06, 1e-06, 1.5e-06, 2.25e-06, 2.25e-06, 1.5e-06, 1e-06, 1.5e-06, 1.5e-06, 1e-06, 1.5e-06, 2.25e-06, 2.25e-06, 3.375e-06, 2.2499999999999996e-06, 2.2499999999999996e-06, 1.4999999999999996e-06, 1.4999999999999996e-06, 2.2499999999999996e-06, 1.4999999999999996e-06, 1e-06, 1.5e-06, 1e-06, 1.5e-06, 1.5e-06, 1.5e-06, 1.5e-06], "alpha": [1.0, 0.5, 0.25, 0.125, 0.5, 0.125, 0.5, 1.0, 0.125, 1.0, 1.0, 1.0, 1.0, 1.0, 1.0, 1.0, 1.0, 1.0, 1.0, 1.0, 1.0, 1.0, 1.0, 0.5, 1.0, 1.0, 1.0, 1.0, 1.0, 0.5, 1.0, 1.0, 1.0, 1.0, 1.0, 1.0, 1.0, 1.0, 1.0, 1.0, 1.0, 1.0, 1.0, 0.5, 1.0, 1.0, 1.0, 1.0, 0.5, 1.0, 1.0, 0.5, 1.0, 1.0, 1.0, 0.5, 0.5, 1.0, 0.5, 1.0, 1.0, 1.0, 1.0, 1.0, 1.0, 1.0, 0.5, 1.0, 1.0, 1.0, 0.5, 1.0, 1.0, 1.0, 1.0, 1.0, 1.0, 1.0, 0.5, 0.5, 0.25, 1.0, 1.0, 1.0, 1.0, 1.0, 1.0, 1.0, 1.0, 1.0, 1.0, 1.0, 0.5, 1.0, 1.0, 1.0, 1.0, 1.0, 1.0, 0.25, 1.0, 0.5, 1.0, 0.5, 0.5, 1.0, 1.0, 0.5, 1.0, 1.0, 1.0, 1.0, 1.0, 1.0, 0.5, 1.0, 1.0, 1.0, 1.0, 0.5, 1.0, 1.0, 0.5, 1.0, 1.0, 1.0, 1.0, 0.5, 1.0, 1.0, 1.0, 1.0, 1.0, 1.0, 0.5, 0.5, 1.0, 0.5, 1.0, 1.0, 1.0, 1.0, 1.0, 1.0, 1.0, 0.5, 1.0, 0.5, 1.0, 1.0, 1.0, 0.5]}