{"avg_loss": [2.3030773193788643, 2.3030657757287556, 2.3030544910967468, 2.303043189717522, 2.3030321103086018, 2.303021158031412, 2.303010232305651, 2.302999510440413, 2.302988964300711, 2.3029784759076417, 2.302968061578104, 2.302957747251435, 2.302947710237812, 2.3029375987510226, 2.3029277689617107, 2.3029179504602832, 2.3029082393752467, 2.302898655880259, 2.302889225115908, 2.302879872819095, 2.3028705470780038, 2.3028614082692407, 2.302852311053903, 2.3028433022596686, 2.3028344538380936, 2.3028255938982602, 2.302816891880663, 2.3028082712485842, 2.3027996717739807, 2.3027911903668308, 2.3027827470614826, 2.302774450192786, 2.3027661510423796, 2.3027578748039517, 2.3027497485775994, 2.302741670733633, 2.3027335622476404, 2.302725630240459, 2.302717713658319, 2.302709822826451, 2.3027020397285125, 2.302694251211768, 2.302686550475549, 2.302678847436273, 2.3026712590269662, 2.3026636522644526, 2.302656014648494, 2.3026485805401835, 2.3026411349161133, 2.302633734485918, 2.3026263038134402, 2.302619000521952, 2.302611596753096, 2.3026043806532983, 2.3025971558963247, 2.30258991885416, 2.3025827016676885, 2.302575549424802, 2.3025683847622758, 2.3025612788686867, 2.302554209726382, 2.3025471693540887, 2.302540145330831, 2.302533112672447, 2.302526044037117, 2.3025191209040066, 2.302512162663667, 2.3025052725815525, 2.302498388410296, 2.302491436667626, 2.3024844986712707, 2.3024776265945426, 2.3024708295439664, 2.3024639852031923, 2.302457098777276, 2.3024503445206483, 2.3024435302541066, 2.3024366653709696, 2.3024299146946587, 2.302423171717228, 2.3024163387340404, 2.302409609989723, 2.3024027861625966, 2.302396048618885, 2.3023892710635625, 2.302382532429837, 2.3023758107384005, 2.302369037708772, 2.3023622660789202, 2.3023555362263166, 2.302348813675843, 2.302342108891223, 2.302335307755486, 2.3023285637853435, 2.302321908627078, 2.3023150223303985, 2.3023083793371266, 2.302301668652724, 2.3022948931056972, 2.302288122573853], "acc": [0.10000000000000003, 0.10000000000000003, 0.10000000000000002, 0.1, 0.10000000000000003, 0.10000000000000002, 0.10000000000000002, 0.1, 0.1, 0.1, 0.1, 0.10000000000000003, 0.10000000000000003, 0.1, 0.10000000000000003, 0.1, 0.09999999999999996, 0.1, 0.1, 0.10000000000000003, 0.1, 0.10000000000000002, 0.10000000000000005, 0.10000000000000002, 0.10000000000000002, 0.10000000000000002, 0.10000000000000003, 0.1, 0.10000000000000003, 0.10000000000000003, 0.10000000000000002, 0.10000000000000003, 0.10000000000000002, 0.10000000000000002, 0.10000000000000005, 0.1, 0.10000000000000003, 0.10000000000000005, 0.10000000000000005, 0.10000000000000003, 0.1, 0.10000000000000003, 0.10000000000000002, 0.10000000000000003, 0.10000000000000003, 0.1, 0.1, 0.10000000000000002, 0.10000000000000003, 0.1, 0.10000000000000002, 0.10000000000000002, 0.1, 0.10000000000000002, 0.10000000000000002, 0.10000000000000002, 0.10000000000000003, 0.10000000000000002, 0.10000000000000005, 0.10000000000000005, 0.10000000000000002, 0.10000000000000003, 0.10000000000000003, 0.1, 0.10000000000000003, 0.10000000000000003, 0.10000000000000002, 0.10000000000000005, 0.1, 0.09999999999999998, 0.10000000000000003, 0.10000000000000003, 0.10000000000000002, 0.10000000000000003, 0.10000000000000002, 0.10000000000000003, 0.10000000000000003, 0.10000000000000003, 0.10000000000000002, 0.10000000000000002, 0.10000000000000002, 0.10000000000000005, 0.10000000000000003, 0.10000000000000003, 0.09999999999999998, 0.10000000000000002, 0.10000000000000002, 0.10000000000000002, 0.10000000000000003, 0.10000000000000002, 0.10000000000000003, 0.10000000000000002, 0.10000000000000002, 0.10000000000000005, 0.10000000000000002, 0.10000000000000003, 0.10000000000000002, 0.09999999999999998, 0.10000000000000003, 0.1], "test_acc": [0.1, 0.1, 0.1, 0.1, 0.1, 0.1, 0.1, 0.1, 0.1, 0.1, 0.1, 0.1, 0.1, 0.1, 0.1, 0.1, 0.1, 0.1, 0.1, 0.1, 0.1, 0.1, 0.1, 0.1, 0.1, 0.1, 0.1, 0.1, 0.1, 0.1, 0.1, 0.1, 0.1, 0.1, 0.1, 0.1, 0.1, 0.1, 0.1, 0.1, 0.1, 0.1, 0.1, 0.1, 0.1, 0.1, 0.1, 0.1, 0.1, 0.1, 0.1, 0.1, 0.1, 0.1, 0.1, 0.1, 0.1, 0.1, 0.1, 0.1, 0.1, 0.1, 0.1, 0.1, 0.1, 0.1, 0.1, 0.1, 0.1, 0.1, 0.1, 0.1, 0.1, 0.1, 0.1, 0.1, 0.1, 0.1, 0.1, 0.1, 0.1, 0.1, 0.1, 0.1, 0.1, 0.1, 0.1, 0.1, 0.1, 0.1, 0.1, 0.1, 0.1, 0.1, 0.1, 0.1, 0.1, 0.1, 0.1, 0.1], "tot_time": 1421.1356446743011, "tot_iterations": 5000, "tot_epochs": 100}