{"avg_loss": [0.8122069733954179, 0.04706101668739673, 0.027377270949442162, 0.021262948890543667, 0.016951456206924394, 0.012405819596799119, 0.011487792576749055, 0.011192335778342596, 0.010848983664007114, 0.00990771086389761, 0.009632719799530908, 0.009530336620048612, 0.009436877427428613, 0.009361417452035756, 0.009322773996925647, 0.009067996835197363, 0.008983311752514227, 0.008812174500548496, 0.008682156181959222, 0.008671683821576346, 0.008519607554536186, 0.008488409365506936, 0.008429456712136848, 0.008267867684599202, 0.008223667079543178, 0.008098786946847632, 0.008023765758453642, 0.007986867474427114, 0.007837211393264733, 0.007790023309396581, 0.0077807821093129025, 0.007716707243191305, 0.007695734019751881, 0.00765119608290769, 0.007622672615808821, 0.007589692296400829, 0.007546502527648529, 0.007513507256772538, 0.007478902701099176, 0.0074597055219055375, 0.007427017643869347, 0.0074063346102962195, 0.007376336999626762, 0.00735550741856916, 0.007327534580864334, 0.007306592987837526, 0.007280458207033932, 0.007260015723171442, 0.007235587162965056, 0.007215222126941491, 0.007192348960796092, 0.007172245223434576, 0.0071506265953619075, 0.007130925465231966, 0.00711026322997565], "test_loss": [0.05114159980626788, 0.03317728359766415, 0.025022371881482364, 0.01885434003983842, 0.01308730349605887, 0.01154708616458532, 0.011021082786505421, 0.010563598710068975, 0.01005370349563094, 0.009618433625990836, 0.009726036194411734, 0.009868211194245158, 0.009539295219568776, 0.009817014522385087, 0.00938370140757778, 0.00961692720293439, 0.009200620473645858, 0.009253210054187657, 0.009166237383040123, 0.008969303544644829, 0.008986733729345756, 0.008996390816307723, 0.008880365673778066, 0.0089089125897368, 0.00875668467902447, 0.008782004106768283, 0.008699243914208989, 0.0086603935861138, 0.008665133211757768, 0.008563189033104057, 0.008581603989807752, 0.008510509508626848, 0.008523998604056338, 0.008478750066722263, 0.008462888100300008, 0.008498152539680245, 0.00840575359806129, 0.008361227151522679, 0.00836694525152273, 0.008328269220867717, 0.008332665873500724, 0.00829377079413251, 0.00829872504707595, 0.008258499402927678, 0.008266281574265035, 0.008224259832077455, 0.00823554314070391, 0.008191048252290598, 0.008206561541769202, 0.008160004033533202, 0.008179782957360047, 0.008131194085290174, 0.008152241109443174, 0.008104477066235094, 0.008125852612759532], "tot_time": 10.05986213684082, "tot_iterations": 55, "rho": [0.0001, 6.666666666666667e-05, 0.0001, 0.00015000000000000001, 0.00015000000000000001, 0.00022500000000000002, 0.0003375, 0.00050625, 0.000759375, 0.00050625, 0.00033749999999999996, 0.00050625, 0.000759375, 0.000759375, 0.0011390624999999999, 0.0007593749999999999, 0.0005062499999999999, 0.0007593749999999999, 0.0005062499999999999, 0.0007593749999999999, 0.0005062499999999999, 0.0007593749999999999, 0.0011390624999999999, 0.0007593749999999999, 0.0011390624999999999, 0.0007593749999999999, 0.0005062499999999999, 0.0007593749999999999, 0.0005062499999999999, 0.0003374999999999999, 0.0005062499999999999, 0.0003374999999999999, 0.0003374999999999999, 0.0003374999999999999, 0.0003374999999999999, 0.0003374999999999999, 0.0003374999999999999, 0.0003374999999999999, 0.00022499999999999994, 0.00022499999999999994, 0.00022499999999999994, 0.00022499999999999994, 0.00022499999999999994, 0.00022499999999999994, 0.00022499999999999994, 0.00022499999999999994, 0.00014999999999999996, 0.00014999999999999996, 9.999999999999996e-05, 9.999999999999996e-05, 6.666666666666664e-05, 6.666666666666664e-05, 4.4444444444444426e-05, 4.4444444444444426e-05, 2.9629629629629616e-05], "alpha": [1.0, 0.5, 0.25, 1.0, 0.25, 0.25, 0.25, 0.5, 1.0, 1.0, 0.25, 0.5, 1.0, 0.5, 1.0, 1.0, 0.5, 1.0, 0.5, 1.0, 0.25, 0.5, 1.0, 0.5, 1.0, 1.0, 0.5, 1.0, 1.0, 1.0, 1.0, 1.0, 1.0, 1.0, 1.0, 1.0, 1.0, 1.0, 1.0, 1.0, 1.0, 1.0, 1.0, 1.0, 1.0, 1.0, 1.0, 1.0, 1.0, 1.0, 1.0, 1.0, 1.0, 1.0, 1.0]}