{"avg_loss": [0.285242764358724, 0.0312858709809892, 0.023997434895495398, 0.014876783332446734, 0.011690837477207495, 0.012020620856941831, 0.013455914584354313, 0.01123367375404925, 0.011052441546312429, 0.010563640893805395, 0.011116826921721258, 0.011111770717847535, 0.012512108189084173, 0.010076994432011242, 0.011192201105779304, 0.01074700214510298, 0.010720347602639613, 0.01005260484560744, 0.010032556022568834, 0.011861159451839003, 0.010611012241128632, 0.010780540917887809, 0.010176482026309741, 0.00989591392716258, 0.009893344526365177, 0.009770672452795507, 0.009963188901895688, 0.010153047823249155, 0.01056459985949291, 0.010768027580438898], "test_loss": [0.03331266634112365, 0.02287445789873516, 0.01693455852792636, 0.012863221654621447, 0.01023465379787213, 0.012760276175681828, 0.01011092937434663, 0.010410143230479677, 0.01086823592934188, 0.010726031074873165, 0.009856009129125187, 0.011244559533039778, 0.00951602453534856, 0.012120549999074273, 0.010325382725920878, 0.011965036129309343, 0.009719311989326355, 0.009412487975533132, 0.009907716563834807, 0.010745376277055331, 0.01025419849877303, 0.01116892714937238, 0.010811091304971255, 0.009837959071179654, 0.009588151744920717, 0.00941833332530518, 0.009218817870920836, 0.009751959739663463, 0.009958012025720827, 0.009424791596157259], "tot_time": 10.162455558776855, "tot_iterations": 120, "rho": [0.0001, 0.0001, 6.666666666666667e-05, 0.0001, 0.00015000000000000001, 0.00022500000000000002, 0.0003375, 0.00050625, 0.000759375, 0.0011390624999999999, 0.0017085937499999998, 0.0025628906249999996, 0.0025628906249999996, 0.0038443359374999994, 0.0038443359374999994, 0.00576650390625, 0.00576650390625, 0.008649755859375, 0.00576650390625, 0.0038443359374999994, 0.00576650390625, 0.008649755859375, 0.008649755859375, 0.008649755859375, 0.0129746337890625, 0.008649755859375, 0.008649755859375, 0.0129746337890625, 0.0129746337890625, 0.0129746337890625, 0.008649755859375, 0.00576650390625, 0.008649755859375, 0.0129746337890625, 0.008649755859375, 0.0129746337890625, 0.01946195068359375, 0.012974633789062499, 0.01946195068359375, 0.029192926025390625, 0.01946195068359375, 0.012974633789062499, 0.01946195068359375, 0.029192926025390625, 0.01946195068359375, 0.012974633789062499, 0.008649755859374999, 0.005766503906249999, 0.008649755859374999, 0.012974633789062499, 0.012974633789062499, 0.012974633789062499, 0.008649755859374999, 0.005766503906249999, 0.008649755859374999, 0.005766503906249999, 0.005766503906249999, 0.005766503906249999, 0.008649755859374999, 0.005766503906249999, 0.008649755859374999, 0.005766503906249999, 0.008649755859374999, 0.008649755859374999, 0.005766503906249999, 0.005766503906249999, 0.008649755859374999, 0.012974633789062499, 0.008649755859374999, 0.012974633789062499, 0.008649755859374999, 0.012974633789062499, 0.008649755859374999, 0.008649755859374999, 0.005766503906249999, 0.003844335937499999, 0.003844335937499999, 0.005766503906249999, 0.008649755859374999, 0.008649755859374999, 0.008649755859374999, 0.005766503906249999, 0.008649755859374999, 0.005766503906249999, 0.008649755859374999, 0.012974633789062499, 0.008649755859374999, 0.012974633789062499, 0.01946195068359375, 0.012974633789062499, 0.01946195068359375, 0.029192926025390625, 0.01946195068359375, 0.012974633789062499, 0.008649755859374999, 0.012974633789062499, 0.012974633789062499, 0.01946195068359375, 0.012974633789062499, 0.012974633789062499, 0.012974633789062499, 0.008649755859374999, 0.012974633789062499, 0.008649755859374999, 0.005766503906249999, 0.008649755859374999, 0.012974633789062499, 0.008649755859374999, 0.012974633789062499, 0.008649755859374999, 0.005766503906249999, 0.003844335937499999, 0.005766503906249999, 0.008649755859374999, 0.008649755859374999, 0.005766503906249999, 0.008649755859374999, 0.005766503906249999, 0.008649755859374999, 0.005766503906249999], "alpha": [1.0, 1.0, 1.0, 0.5, 0.25, 0.5, 0.125, 0.5, 0.25, 1.0, 0.25, 1.0, 0.5, 1.0, 0.5, 1.0, 0.5, 1.0, 1.0, 0.5, 0.5, 1.0, 1.0, 0.5, 1.0, 1.0, 0.5, 1.0, 1.0, 1.0, 1.0, 0.5, 0.5, 1.0, 1.0, 0.5, 1.0, 0.5, 0.5, 1.0, 1.0, 0.5, 1.0, 1.0, 1.0, 1.0, 1.0, 1.0, 1.0, 1.0, 1.0, 1.0, 1.0, 0.5, 1.0, 1.0, 1.0, 0.5, 1.0, 0.5, 1.0, 0.5, 1.0, 1.0, 1.0, 0.25, 0.25, 1.0, 0.5, 1.0, 0.5, 1.0, 1.0, 1.0, 1.0, 1.0, 0.5, 0.25, 1.0, 1.0, 1.0, 0.5, 1.0, 0.5, 0.5, 1.0, 0.5, 0.5, 1.0, 0.5, 0.5, 1.0, 1.0, 1.0, 0.25, 1.0, 0.5, 1.0, 1.0, 1.0, 1.0, 0.5, 1.0, 1.0, 0.5, 0.5, 1.0, 0.5, 1.0, 1.0, 1.0, 0.25, 1.0, 1.0, 1.0, 0.5, 1.0, 1.0, 1.0, 0.5]}