{"avg_loss": [0.7743500909101773, 0.28559646197782057, 0.0353056707088994, 0.0006285381955170205, 0.0001866250099486932, 0.00014985748897939193, 0.0001316456770304731, 0.0001241305270242488, 0.00011923676562799007, 0.00011644572689468558, 0.00011538918360945822, 0.00011398512001267647, 0.00011259818004523199, 0.00011145316965930023, 0.00011107076914496513, 0.00010960996685503877, 0.00010958371345139605, 0.00010897309277109732, 0.00010954245580256789, 0.00010801795935041117, 0.00010822669596536351, 0.00010870158726036206, 0.00010747354440984786, 0.00010692925236480086, 0.00010725719626974622, 0.00010745855108242987, 0.00010633628481456135, 0.00010664500774158483, 0.00010644110542755574, 0.00010638830149124778, 0.00010667200319189718, 0.00010685707278697512, 0.0001061818362167715, 0.00010636444599369822, 0.0001061001993907176, 0.00010656616981782926, 0.00010609330521703962, 0.00010610652447370736, 0.00010577382710212932, 0.00010554586845110135, 0.00010624591990227039, 0.00010562671156191526, 0.00010534950125141121, 0.00010627291369950985, 0.00010547637959174704, 0.00010630605110955967, 0.00010507173562240805, 0.00010654881139673322, 0.00010499286455574683, 0.000105206899615643, 0.00010610583632445405, 0.00010556483607865532, 0.00010540080010648793, 0.00010565517376077568, 0.00010532935675604855, 0.00010532101674601032, 0.00010587004289674254, 0.00010514336507351766, 0.00010590438458671953, 0.00010534984978594495, 0.00010489011734558913, 0.00010539057488782963, 0.00010617089393089355, 0.00010461587030180975, 0.00010494281182071688, 0.00010541479462964998, 0.00010559354683178695, 0.00010477609583011466, 0.00010496505808301822, 0.0001048673710710041, 0.0001062459680151076, 0.00010481411880852326, 0.00010487877919675253, 0.00010626578432421158, 0.00010477383196466767, 0.00010530308382015281, 0.00010497487113009501, 0.00010439329768573278, 0.00010505958093123993, 0.00010551168132218163, 0.00010512673466096681, 0.00010462342976048123, 0.00010504251388000863, 0.00010487729982290104, 0.00010461663673172833, 0.00010578011654601892, 0.00010418711780305523, 0.00010495883165754401, 0.00010495557344609161, 0.00010440017376063345], "test_loss": [0.3947135322098895, 0.14755157950466377, 0.0012173942640124821, 0.00022680547007347256, 0.0001609539274946803, 0.00013663047516940791, 0.00012282431897155303, 0.00011686125988461122, 0.00011716649821629645, 0.00011193404110367524, 0.00011191309245535173, 0.00011052992181875264, 0.00010914446735062387, 0.00010905751458138585, 0.00011062829265849714, 0.00010831000228674413, 0.00010903051626449604, 0.00010807478575797127, 0.00010830622602301973, 0.00010687527393896443, 0.00010728604445118521, 0.00010590842823939272, 0.00010625665841188561, 0.0001069682792616285, 0.00010549052411882762, 0.00010638071514756602, 0.00010465554495090308, 0.00010491046588545272, 0.00010643134420027347, 0.00010489226062470682, 0.00010595733429696876, 0.0001058093122861085, 0.00010646511898937588, 0.00010507088536008705, 0.00010494462265412068, 0.00010495119267615397, 0.00010556177510030736, 0.00010446952873828778, 0.00010445185393348047, 0.0001042116645603888, 0.00010651435518655227, 0.00010403352155060637, 0.00010388073177686502, 0.00010405244383025732, 0.00010430622534670888, 0.00010355819953938233, 0.00010499002062265774, 0.00010409046515783115, 0.00010431341404955437, 0.00010617454120785959, 0.0001052315413261725, 0.00010521027821853013, 0.00010491141195937141, 0.00010613130529797354, 0.0001039688882389458, 0.0001052049598193254, 0.00010429654223358787, 0.00010512692308350911, 0.00010509497551127264, 0.00010525072716810656, 0.00010525683764985062, 0.0001044792509917243, 0.00010429639713357812, 0.00010389755783856355, 0.00010507343873127363, 0.00010466697758598573, 0.00010422155450731806, 0.00010498947130561588, 0.00010461617441554605, 0.00010322878233674238, 0.00010388548742111633, 0.00010361274506188556, 0.00010587402780731324, 0.0001068939591811887, 0.0001066479967748692, 0.00010470599324098248, 0.00010269248553107113, 0.00010547614146045434, 0.00010487914210973692, 0.0001080352507236833, 0.00010316127721776048, 0.00010527383792151674, 0.00010469763310777931, 0.00010348751173407607, 0.00010346627025598267, 0.00010534133025681588, 0.00010437812523216087, 0.00010435530088982257, 0.00010402235941413605, 0.00010418481348535599], "tot_time": 100.6066062450409, "tot_iterations": 630,