{"avg_loss": [2.303033055616366, 2.302929162703402, 2.302835978670716, 2.3027514539896208, 2.302672940097612, 2.3025993710586374, 2.302528167249095, 2.302459275951402, 2.3023913879744846, 2.3023239117055514, 2.3022576135828503, 2.3021877660571257, 2.3021172350934784, 2.3020444511184484, 2.3019684802081533, 2.301889829775445, 2.301807802532546, 2.3017229930369667, 2.301633668337836, 2.3015384811559163, 2.3014399837646087, 2.301334768596576, 2.3012220284079206, 2.3011021179984654, 2.300972198390461, 2.3008337928404945, 2.300682035798906, 2.300517965371907, 2.3003380138196348, 2.3001419419734805, 2.299924647872361, 2.2996835940883305, 2.299413911598834, 2.299109821545246, 2.2987668766893696, 2.298372560126655, 2.297921618469619, 2.2974073830165156, 2.296819507661196, 2.296142598735804, 2.2953466586186964, 2.2944043394291804, 2.293271735686343, 2.291889132341349, 2.2901671379206525, 2.287961418122624, 2.285027846140647, 2.281002359037913, 2.2753149704275146, 2.267022943913893, 2.254677935257548, 2.236500451468115, 2.2115548365550874, 2.1814244649279617, 2.1498676679348185, 2.1199746310152214, 2.0927728194803565, 2.068512591009476, 2.0476051444877696, 2.0301717918373474, 2.014968007895368, 2.000942526144012, 1.987306531733135, 1.9739110013990717, 1.9607689790369027, 1.9476711163193883, 1.9360139413698818, 1.9235271729451304, 1.9118790433118895, 1.9004324067241023, 1.8891045095610837, 1.8773486698321649, 1.8673579678264252, 1.8539650161632921, 1.8488854774280137, 1.8366434623160361, 1.8314755344674527, 1.8116922936735451, 1.8196490166043375, 1.8075713652601606, 1.7928458551186959, 1.7988593588416495, 1.7816582824588842, 1.7691553445876955, 1.7651851473925673, 1.7454015897999822, 1.75928791693999, 1.7415209875600446, 1.7305476791991625, 1.70798350502464, 1.723228945117365, 1.719098910771364, 1.701379169649956, 1.6827581303222674, 1.7092654278237136, 1.6781052773549914, 1.673376955250658, 1.6796541110297385, 1.6610106765305428, 1.659445622955013], "acc": [0.10000000000000002, 0.10000000000000003, 0.10000000000000003, 0.1, 0.10000000000000002, 0.10000000000000002, 0.10000000000000002, 0.10000000000000003, 0.10000000000000003, 0.10000000000000002, 0.09999999999999996, 0.10000000000000003, 0.10000000000000003, 0.10000000000000003, 0.10000000000000002, 0.1, 0.10000000000000003, 0.10006000000000002, 0.10034000000000001, 0.10152000000000004, 0.10098000000000003, 0.1039, 0.10357999999999999, 0.109, 0.11560000000000001, 0.11832000000000008, 0.12004000000000001, 0.12312000000000003, 0.13773999999999995, 0.14453999999999997, 0.16763999999999996, 0.17537999999999998, 0.18794000000000005, 0.19355999999999998, 0.20292000000000002, 0.20368000000000003, 0.2057, 0.20528000000000002, 0.20584, 0.20608, 0.20569999999999994, 0.20426000000000002, 0.2038000000000001, 0.2026, 0.20183999999999996, 0.19866, 0.19578000000000007, 0.19107999999999997, 0.18622, 0.18288000000000001, 0.18116000000000004, 0.1812, 0.19138000000000002, 0.20772000000000004, 0.22508000000000003, 0.24, 0.2521, 0.26161999999999996, 0.26947999999999994, 0.27658, 0.28247999999999995, 0.2906000000000001, 0.2957600000000001, 0.30172, 0.30841999999999997, 0.31414000000000003, 0.3183, 0.32212000000000013, 0.32784000000000013, 0.33186, 0.33534000000000014, 0.33832, 0.3427000000000001, 0.34772, 0.34828, 0.35196, 0.35147999999999996, 0.35902, 0.35553999999999997, 0.3624399999999999, 0.36485999999999996, 0.3648000000000001, 0.37010000000000004, 0.37363999999999997, 0.3767599999999999, 0.38138000000000005, 0.37767999999999996, 0.38383999999999996, 0.3874799999999999, 0.3960600000000001, 0.3894999999999999, 0.3925, 0.39814, 0.4039200000000001, 0.39348, 0.40563999999999995, 0.4069400000000001, 0.40471999999999986, 0.41327999999999987, 0.4120799999999999], "test_acc": [0.1, 0.1, 0.1, 0.1, 0.1, 0.1, 0.1, 0.1, 0.1, 0.1, 0.1, 0.1, 0.1, 0.1, 0.1, 0.1, 0.1, 0.1001, 0.1002, 0.1005, 0.101, 0.103, 0.1047, 0.1079, 0.1118, 0.1161, 0.1198, 0.1277, 0.1378, 0.1531, 0.1676, 0.1808, 0.1891, 0.1946, 0.1986, 0.2007, 0.2011, 0.2004, 0.2008, 0.201, 0.2025, 0.2025, 0.202, 0.2004, 0.1978, 0.1961, 0.1924, 0.1885, 0.1841, 0.1805, 0.1793, 0.1846, 0.1977, 0.2145, 0.2298, 0.2445, 0.2636, 0.2723, 0.2787, 0.2806, 0.2916, 0.2973, 0.3031, 0.3062, 0.3114, 0.3159, 0.3212, 0.3259, 0.3302, 0.334, 0.335, 0.3386, 0.3428, 0.347, 0.3505, 0.3513, 0.3527, 0.3322, 0.3436, 0.3636, 0.3673, 0.3544, 0.3691, 0.3787, 0.3635, 0.3756, 0.3801, 0.3771, 0.3681, 0.3861, 0.3903, 0.383, 0.3977, 0.3748, 0.3849, 0.3934, 0.4026, 0.4019, 0.4057, 0.4084], "tot_time": 1423.3584191799164, "tot_iterations": 5000, "tot_epochs": 100}