{"avg_loss": [1.085862143864256, 0.5848217188097078, 0.5045766217405668, 0.46056521555402663, 0.4296151690378185, 0.4135514273074777, 0.39337577442493993, 0.3786014092409138, 0.3653916354957742, 0.3562836219483495, 0.3472006776055856, 0.3394047601868017, 0.33265713464382823, 0.32334544443470914, 0.3171571486200764, 0.3112637739287224, 0.30760337599640303, 0.3014485120058747, 0.29870873279429716, 0.29247517183644456, 0.29033785489128433, 0.28513393192491093, 0.28191544339652463, 0.280631489844273, 0.2734907653476988, 0.2726687327949009, 0.26927252469131435, 0.26751025409206963, 0.2609069787833321, 0.2619297986496398, 0.2606648031195555, 0.2538948011373476, 0.2576003293984251, 0.2523265901151796, 0.2588724813816827, 0.24374769323211057, 0.24462026096839756, 0.2398236239314122, 0.24210687799081124, 0.24004705142113292, 0.23642936614971807, 0.23601244083147596, 0.23349041988616542, 0.22987929258896916, 0.23316078126348833, 0.22397630225166656, 0.22615768258296529, 0.22253823501381265, 0.22035298169198175, 0.2179678418377035, 0.22075174451081134, 0.21615393045544826, 0.21071489624514603, 0.2163349522047792, 0.21674702784600003, 0.20849767208479913, 0.20511487540239334, 0.20442156588813595, 0.20588878226959328, 0.20326845426822782, 0.20724365823942567, 0.1958734564972188, 0.20002702108466525, 0.19655765994867286, 0.26989433509555527, 0.19808156447205258, 0.1950662737436768, 0.19429156365986663, 0.19485241655211985, 0.1875365777753137, 0.19199783918593724, 0.18199279390794146, 0.18564299091405825, 0.18645193850674144, 0.18232331306523566, 0.18246473662053436, 0.17454710652810965, 0.1777575969523097, 0.18110247951631817, 0.17894676361916095, 0.17814328886622574, 0.18092869998567124, 0.16983174367191728, 0.17339955760905207, 0.16906075938836054, 0.17001306896071589, 0.17538104709013932, 0.1631229820462488, 0.17093822171973969, 0.15923983970256378, 0.16187721650254347, 0.16424414302085436, 0.16079134939955197, 0.15859856694455318, 0.15738583712831025, 0.16459031124977339, 0.15379534996002706, 0.1637337317270466, 0.15429200628448378, 0.2772323128237856], "acc": [0.5977833333333334, 0.7781333333333337, 0.8113333333333331, 0.8296500000000001, 0.8420999999999998, 0.8465000000000001, 0.8536666666666666, 0.8592333333333332, 0.8643833333333333, 0.8673166666666668, 0.8710499999999999, 0.8734999999999998, 0.8765499999999999, 0.8803000000000001, 0.8820166666666668, 0.8837166666666667, 0.8854333333333332, 0.8885666666666672, 0.8897333333333333, 0.8916166666666666, 0.8923500000000005, 0.8941833333333336, 0.8953500000000003, 0.8958833333333337, 0.8983833333333333, 0.8989166666666667, 0.9003833333333334, 0.9001833333333332, 0.9029166666666668, 0.901666666666667, 0.9038, 0.9060000000000002, 0.9041500000000001, 0.9065333333333333, 0.9056333333333334, 0.9097500000000001, 0.9098166666666668, 0.9110166666666666, 0.9095833333333334, 0.9102500000000001, 0.9121499999999997, 0.9125833333333332, 0.9129666666666664, 0.9150166666666667, 0.9124166666666667, 0.9169166666666665, 0.9158999999999999, 0.9159999999999999, 0.9174833333333331, 0.9186999999999995, 0.9183, 0.9196666666666663, 0.9216166666666665, 0.9186333333333333, 0.9194333333333329, 0.9225666666666666, 0.9241666666666665, 0.9247166666666665, 0.9236999999999999, 0.9241999999999998, 0.9217499999999997, 0.9274833333333332, 0.9258500000000001, 0.9270999999999998, 0.90935, 0.9256999999999999, 0.9271333333333334, 0.9277999999999994, 0.9268666666666665, 0.93005, 0.9281833333333335, 0.9323833333333332, 0.9313833333333331, 0.9313666666666669, 0.9330166666666665, 0.9321833333333331, 0.9355833333333337, 0.9332166666666665, 0.9329333333333335, 0.9332166666666668, 0.9324, 0.9330499999999998, 0.9376333333333334, 0.9348833333333331, 0.9373666666666665, 0.9361666666666666, 0.9341000000000003, 0.9394666666666668, 0.9364999999999998, 0.9410333333333334, 0.9404500000000003, 0.9387500000000003, 0.9404833333333331, 0.9412333333333339, 0.9413499999999999, 0.9378999999999998, 0.94385, 0.9383666666666666, 0.942616666666667, 0.919116666666667], "test_acc": [0.7487, 0.8036, 0.8103, 0.84, 0.8466, 0.8495, 0.8539, 0.8585, 0.8516, 0.8572, 0.8676, 0.8699, 0.8695, 0.8699, 0.8725, 0.8695, 0.8732, 0.875, 0.8727, 0.867, 0.8783, 0.8734, 0.8761, 0.8848, 0.864, 0.8669, 0.8846, 0.8885, 0.8845, 0.8858, 0.8887, 0.8822, 0.8779, 0.8877, 0.8921, 0.8926, 0.8922, 0.8798, 0.8842, 0.8808, 0.8848, 0.8915, 0.8914, 0.8801, 0.8862, 0.8943, 0.8885, 0.8926, 0.8922, 0.8951, 0.8875, 0.8917, 0.8873, 0.8964, 0.8868, 0.887, 0.8985, 0.8956, 0.8988, 0.8923, 0.8834, 0.8895, 0.897, 0.8966, 0.8931, 0.8951, 0.8993, 0.8918, 0.8949, 0.8888, 0.8933, 0.8841, 0.8917, 0.8925, 0.8954, 0.8996, 0.8963, 0.9004, 0.8924, 0.9008, 0.9003, 0.9008, 0.8964, 0.8965, 0.8913, 0.9011, 0.8977, 0.899, 0.8988, 0.8961, 0.899, 0.8895, 0.8897, 0.8786, 0.8775, 0.8853, 0.8977, 0.8923, 0.8981, 0.8646], "tot_time": 322.5081522464752, "tot_iterations": 6000, "tot_epochs": 100}