{"avg_loss": [2.298289723509902, 2.2487642958492478, 2.2089895425231414, 2.1719550854751546, 2.1322119420026087, 2.0875550624787573, 2.0360243502436757, 1.976456743527203, 1.907585175401979, 1.8284437230582984, 1.7383168880927589, 1.6370323819945178, 1.5254901192473063, 1.406428157359778, 1.286056473794108, 1.1737146860635608, 1.0775909888175106, 0.9996865456784675, 0.9379447021811267, 0.8895063657476978, 0.8516750955933055, 0.8217633850625955, 0.7976294235639421, 0.777709862745644, 0.7610318864041982, 0.746650156203323, 0.7341455928040607, 0.7230655261026623, 0.7132474363251604, 0.704344615288052, 0.696260416018889, 0.6887439343784637, 0.681814453800025, 0.6754195841007922, 0.6692735533638854, 0.6636411176154517, 0.6582721207162113, 0.6530646234345926, 0.6481781254560155, 0.6435237718694947, 0.6389164982863131, 0.634566225147686, 0.6304589043310392, 0.6264099159716685, 0.6225444323367533, 0.6186626091955584, 0.6150889720898255, 0.6115262692034473, 0.6082021649372585, 0.6047855392756613, 0.6016231690770817, 0.5984149187017084, 0.5953832968551699, 0.5923676615018462, 0.5893749947676845, 0.5866641428640206, 0.5838263930414824, 0.5810766555415222, 0.5784915847663764, 0.5758993929799345, 0.5733408099863461, 0.5708705979204999, 0.5684130868301895, 0.5660606120030699, 0.56365573036271, 0.5613453374509451, 0.5590699088504721, 0.5568341444489018, 0.554706368729014, 0.5525384038442399, 0.5504113901937996, 0.5482563111571523, 0.5462284838976331, 0.5441655788087044, 0.5421396590182772, 0.5402128177498788, 0.5380326673999343, 0.5361694280617415, 0.5342476500290732, 0.5324497247934026, 0.5304200825358121, 0.5287959442304302, 0.5270129501615758, 0.5252962088982416, 0.5236198588261343, 0.5219179547333244, 0.5203302513325752, 0.5186735614971177, 0.517109441774, 0.5153895388700146, 0.5140114827791575, 0.5125555997370201, 0.5111062961556525, 0.5095708934078188, 0.5080340234338615, 0.5067122674247767, 0.5052394413262492, 0.504033884859598, 0.5025196519956138, 0.5011545563876197], "acc": [0.09008333333333338, 0.12248333333333336, 0.1866833333333333, 0.24855000000000002, 0.30145, 0.3500333333333334, 0.3868833333333334, 0.4120333333333334, 0.43433333333333335, 0.45105, 0.4656333333333332, 0.48074999999999996, 0.5092333333333332, 0.56275, 0.6162500000000003, 0.6513166666666665, 0.6700833333333335, 0.6849000000000001, 0.6970500000000001, 0.7069666666666666, 0.7131666666666671, 0.71965, 0.7246666666666666, 0.7284166666666666, 0.731566666666667, 0.7349333333333334, 0.7367833333333332, 0.7394166666666666, 0.74165, 0.7434499999999999, 0.74595, 0.7481666666666669, 0.7499333333333336, 0.7514833333333334, 0.7533333333333332, 0.7550666666666666, 0.7568833333333335, 0.7584666666666671, 0.76035, 0.7614833333333333, 0.7633666666666666, 0.7647333333333334, 0.7668166666666666, 0.7677333333333333, 0.7688833333333335, 0.7705500000000002, 0.7718166666666664, 0.7735000000000001, 0.7748666666666666, 0.7760333333333337, 0.7771833333333334, 0.7787333333333335, 0.779616666666667, 0.7806666666666667, 0.7828166666666669, 0.7839833333333334, 0.7847999999999999, 0.7855333333333332, 0.7871499999999999, 0.7883999999999998, 0.7890999999999999, 0.7910833333333334, 0.7920166666666666, 0.7929166666666665, 0.7935499999999996, 0.7945833333333333, 0.7964166666666668, 0.796833333333333, 0.7978833333333333, 0.7987333333333333, 0.7999500000000002, 0.8006833333333331, 0.8017500000000001, 0.8024500000000003, 0.8034666666666668, 0.8039666666666666, 0.8053666666666666, 0.8055166666666661, 0.8068833333333332, 0.8071333333333333, 0.8086000000000003, 0.8090833333333335, 0.8097833333333334, 0.8104833333333336, 0.8114666666666664, 0.8115666666666669, 0.8128499999999999, 0.8130499999999999, 0.8140333333333335, 0.8141333333333329, 0.8146666666666668, 0.8150166666666667, 0.8161500000000002, 0.8164999999999999, 0.8179500000000002, 0.8180166666666667, 0.8183166666666669, 0.8190166666666666, 0.8196166666666669, 0.8198833333333335], "test_acc": [0.103, 0.1464, 0.2152, 0.2712, 0.3231, 0.3657, 0.394, 0.4159, 0.434, 0.4502, 0.4653, 0.4877, 0.5294, 0.5865, 0.631, 0.653, 0.6717, 0.6847, 0.6948, 0.7001, 0.7079, 0.7133, 0.7189, 0.7222, 0.7257, 0.7287, 0.7286, 0.7323, 0.7328, 0.7346, 0.7371, 0.7376, 0.7401, 0.7411, 0.7437, 0.7486, 0.7474, 0.75, 0.7506, 0.7529, 0.7555, 0.7574, 0.7583, 0.762, 0.7627, 0.7644, 0.7653, 0.7683, 0.7682, 0.7693, 0.7708, 0.7714, 0.7726, 0.7741, 0.776, 0.7776, 0.7778, 0.7777, 0.7802, 0.782, 0.7818, 0.7835, 0.785, 0.7867, 0.7879, 0.7889, 0.7908, 0.7911, 0.7923, 0.7921, 0.7936, 0.7946, 0.7953, 0.7947, 0.7966, 0.7975, 0.7982, 0.7996, 0.8002, 0.801, 0.8008, 0.8014, 0.8026, 0.8022, 0.8029, 0.8036, 0.8058, 0.8062, 0.8062, 0.8062, 0.8076, 0.8077, 0.8083, 0.8098, 0.8106, 0.8105, 0.8108, 0.8113, 0.8115, 0.8134], "tot_time": 325.06696128845215, "tot_iterations": 6000, "tot_epochs": 100}