{"avg_loss": [2.3026998952889173, 2.301974728590426, 2.300955363289228, 2.2985839632403313, 2.287959986802299, 2.171520096825461, 2.0461227970794496, 1.9654449925114066, 1.9070288161096303, 1.8604489757154128, 1.8210904522950722, 1.7861929029815158, 1.7534621619368462, 1.7209373236674532, 1.6962247442383847, 1.6700181277694128, 1.6428944528294445, 1.6231711263508413, 1.585814124822009, 1.5613966244782376, 1.5246911615352459, 1.5015290570813573, 1.4550339277076803, 1.434560683060968, 1.4019989320435744, 1.3735084275735383, 1.3476671625482004, 1.32852862837556, 1.2839450650862352, 1.2704430943404856, 1.233555731900647, 1.214963684954109, 1.1924179424961268, 1.1630942813797882, 1.1517038422336534, 1.1267877871437582, 1.104892393779146, 1.094824156492407, 1.0650073587392603, 1.0478626002224747, 1.0328215498807687, 1.0196992582345126, 0.9939064730890824, 0.973064621292348, 0.9589154329490965, 0.940791900266303, 0.9349534449546069, 0.9165689297187963, 0.8966168004198539, 0.8871837266607655, 0.8732397394949898, 0.8643227326302747, 0.833411105573802, 0.8228893508567097, 0.8255329374666904, 0.8041327072917093, 0.7828662718857305, 0.7820985633352422, 0.7555479638937093, 0.7536629452862817, 0.7516137641697169, 0.7238830595609158, 0.7108501520433518, 0.7104191744615911, 0.6885204222989039, 0.6728391787370085, 0.687653877768488, 0.6661179044315366, 0.6379207889977672, 0.6405908565905634, 0.6220620392058486, 0.6169514048214262, 0.5936027244440787, 0.5952568761348478, 0.5944344373631104, 0.5914186471324705, 0.5864675014054714, 0.5626031950689765, 0.546661229449426, 0.5481669534897358, 0.5163504947837404, 0.5438341873902456, 0.5048473193772295, 0.5116189161212956, 0.4941284950481291, 0.49526055260204677, 0.461971143270474, 0.4849859851995006, 0.4516910351131891, 0.4274173597184086, 0.4430778090266779, 0.4230244795866976, 0.46752826218110094, 0.4132591036831114, 0.40334616116771416, 0.3941496895104265, 0.4025215008657351, 0.38310214188733677, 0.373561737651296, 0.37092625699142323], "acc": [0.10000000000000005, 0.10557999999999998, 0.1319, 0.18812, 0.19615999999999997, 0.21001999999999998, 0.26274000000000003, 0.30198000000000014, 0.32142, 0.34168, 0.35462000000000005, 0.36840000000000006, 0.3795999999999999, 0.3901799999999999, 0.39926, 0.4089399999999999, 0.4190399999999999, 0.42645999999999995, 0.4417600000000001, 0.44964000000000004, 0.46093999999999996, 0.4720599999999998, 0.48972, 0.49604, 0.50836, 0.5197200000000003, 0.5312199999999998, 0.5376600000000001, 0.5515199999999997, 0.55572, 0.5688, 0.5778, 0.58636, 0.5960199999999999, 0.5978000000000001, 0.60622, 0.6145, 0.6191199999999999, 0.6298800000000001, 0.6345799999999999, 0.64164, 0.6466000000000001, 0.6534400000000001, 0.6630400000000001, 0.6672599999999999, 0.6734199999999998, 0.67486, 0.6845199999999998, 0.6874800000000001, 0.6907, 0.6960000000000001, 0.70076, 0.7113400000000003, 0.7160800000000002, 0.7129800000000001, 0.7200000000000002, 0.7290800000000001, 0.7268199999999999, 0.7375600000000001, 0.73966, 0.7386599999999999, 0.7483599999999997, 0.7519800000000001, 0.7521000000000002, 0.7624799999999999, 0.7642800000000001, 0.7590999999999998, 0.7690200000000001, 0.7763000000000002, 0.7746200000000001, 0.78244, 0.7853000000000001, 0.79386, 0.79014, 0.79182, 0.7915400000000001, 0.7943199999999997, 0.8039999999999999, 0.8087200000000001, 0.8070599999999999, 0.8195399999999998, 0.8100400000000002, 0.8224199999999999, 0.8201200000000004, 0.8246799999999997, 0.82626, 0.8390599999999999, 0.8283799999999998, 0.8420799999999999, 0.8498600000000001, 0.8448799999999997, 0.8504399999999999, 0.8370599999999997, 0.8544400000000002, 0.8593800000000005, 0.8597799999999998, 0.8570599999999997, 0.8670800000000001, 0.8663600000000001, 0.8684400000000002], "test_acc": [0.1, 0.1004, 0.1539, 0.1985, 0.1679, 0.2349, 0.25, 0.3214, 0.3347, 0.334, 0.3498, 0.3207, 0.3807, 0.4041, 0.4203, 0.4225, 0.4102, 0.4401, 0.4388, 0.4521, 0.4601, 0.4423, 0.4785, 0.4935, 0.5249, 0.5024, 0.5395, 0.5266, 0.5377, 0.561, 0.5282, 0.5425, 0.5709, 0.5837, 0.5635, 0.5944, 0.5651, 0.6041, 0.621, 0.6058, 0.5886, 0.6021, 0.6218, 0.6171, 0.6254, 0.6194, 0.6268, 0.6464, 0.6258, 0.6347, 0.6489, 0.6512, 0.6413, 0.6073, 0.6343, 0.6572, 0.6356, 0.6508, 0.6305, 0.6523, 0.6487, 0.6684, 0.6206, 0.6642, 0.6512, 0.668, 0.6605, 0.6702, 0.6537, 0.6517, 0.6597, 0.671, 0.6379, 0.6642, 0.6641, 0.6602, 0.6516, 0.6538, 0.6633, 0.6705, 0.6772, 0.6521, 0.6653, 0.6733, 0.6604, 0.6664, 0.662, 0.6727, 0.6672, 0.6608, 0.6592, 0.6639, 0.654, 0.6712, 0.6735, 0.6688, 0.659, 0.6481, 0.6631, 0.6586], "tot_time": 1421.2428362369537, "tot_iterations": 5000, "tot_epochs": 100}