{"avg_loss": [1.076488802695358, 0.5896740827520723, 0.5092192760345567, 0.46042923877545705, 0.43245982309988457, 0.41521963553753233, 0.3876244649240451, 0.3839525423764765, 0.36721222855438446, 0.35455997762804936, 0.3450183378597916, 0.33928522056411425, 0.32864250543485224, 0.32140747025059596, 0.31409731672928237, 0.31295807317102237, 0.3053038742919097, 0.30239047298811234, 0.2980876280487603, 0.29265368649938084, 0.28987786009033, 0.28587018742916676, 0.28325412953168183, 0.2810345915756533, 0.2748702369360807, 0.2731827377559744, 0.2707620628110251, 0.27023736318956665, 0.26571171390490306, 0.2594199540945936, 0.26144887876999434, 0.256611556448502, 0.25200082363110693, 0.25257641621154947, 0.24994110569430908, 0.24884825019228057, 0.24452602651934502, 0.2447267199063404, 0.24320631631394402, 0.23907189947782298, 0.2418979902975921, 0.23287714754364683, 0.2350364891518971, 0.2334021257171617, 0.22910843719121948, 0.23240717349807985, 0.2242584360832682, 0.22657626192756322, 0.2265045778773632, 0.22170752456427972, 0.22291935052626366, 0.21908570260468702, 0.21593247684024236, 0.21578057308570223, 0.21682797183233224, 0.2152370465898495, 0.2094101440494259, 0.21080742431742533, 0.2066273162427734, 0.20423188947679224, 0.20570782353712386, 0.2033363262287586, 0.19914192676611844, 0.2001272953389577, 0.198417144756218, 0.20123541614080467, 0.19866218908097025, 0.19552495567171252, 0.19317010462137682, 0.19184310820110426, 0.19086086419285933, 0.18759308665281826, 0.18706479326657824, 0.18728424075226793, 0.1868607289453361, 0.1874587509708912, 0.18304523462854685, 0.28376227747368515, 0.1864093750640854, 0.18294945368142243, 0.1761868404216148, 0.18178857631853862, 0.17205669765961754, 0.17311849789757408, 0.17220351437368597, 0.17712887181468118, 0.1688296508060873, 0.1648285703619609, 0.17458853481168435, 0.16346872869212556, 0.16026805512110004, 0.1608649135684474, 0.1607395171504512, 0.16639643250062047, 0.1589405042933458, 0.15978933339407853, 0.15999428082750275, 0.1590955962165376, 0.15909668183474848, 0.15414670222199192], "acc": [0.6017166666666667, 0.7771166666666666, 0.8079666666666666, 0.8281166666666667, 0.8394333333333334, 0.8460166666666663, 0.8562166666666665, 0.8582666666666664, 0.862933333333333, 0.869233333333333, 0.8722833333333334, 0.8751166666666665, 0.8778666666666669, 0.88055, 0.8842666666666668, 0.8842500000000001, 0.8862, 0.88675, 0.889566666666667, 0.8910500000000003, 0.8915000000000001, 0.893416666666667, 0.8949833333333337, 0.8950666666666669, 0.8982833333333335, 0.8982000000000002, 0.8990833333333331, 0.8995833333333335, 0.9015333333333334, 0.9035500000000002, 0.9029333333333337, 0.9050833333333334, 0.9063000000000003, 0.9064166666666668, 0.906766666666667, 0.9073833333333335, 0.9091000000000004, 0.9097833333333332, 0.9093333333333337, 0.9115833333333332, 0.9104999999999998, 0.9130999999999996, 0.9131499999999998, 0.9138333333333333, 0.9147333333333332, 0.9143166666666666, 0.9174666666666668, 0.9151999999999999, 0.9161, 0.9176333333333333, 0.9172499999999998, 0.9192166666666662, 0.9198500000000002, 0.9206166666666664, 0.9184666666666665, 0.9200833333333331, 0.9225333333333331, 0.9214333333333331, 0.9228500000000001, 0.924133333333333, 0.9235666666666663, 0.9247166666666662, 0.9264166666666664, 0.9264166666666664, 0.9263666666666666, 0.9254999999999998, 0.9258999999999998, 0.926733333333333, 0.9276333333333334, 0.929233333333333, 0.9288666666666666, 0.9300333333333335, 0.9297999999999996, 0.9303833333333332, 0.9295666666666664, 0.9306666666666665, 0.9316833333333329, 0.9090666666666665, 0.9301833333333334, 0.9324166666666668, 0.9343333333333332, 0.931083333333333, 0.9362500000000001, 0.9363166666666665, 0.9359499999999996, 0.9336499999999998, 0.9367166666666666, 0.9387000000000004, 0.9352833333333331, 0.9397333333333334, 0.94105, 0.9401833333333334, 0.940966666666667, 0.9382333333333335, 0.9404, 0.9401333333333333, 0.9405999999999998, 0.9409333333333335, 0.9409666666666668, 0.9432000000000001], "test_acc": [0.7605, 0.7998, 0.7986, 0.7995, 0.8413, 0.8489, 0.8534, 0.8521, 0.8623, 0.8621, 0.8624, 0.8679, 0.8721, 0.8713, 0.8706, 0.8744, 0.8766, 0.8799, 0.8776, 0.8808, 0.8792, 0.8716, 0.8808, 0.8799, 0.8841, 0.8862, 0.8822, 0.8858, 0.8803, 0.8744, 0.8798, 0.8887, 0.8854, 0.8854, 0.8913, 0.8809, 0.8906, 0.8879, 0.8884, 0.8879, 0.8789, 0.889, 0.8905, 0.8901, 0.8938, 0.8823, 0.8912, 0.8878, 0.8899, 0.8846, 0.8926, 0.8912, 0.8917, 0.882, 0.8798, 0.8933, 0.8902, 0.8946, 0.8969, 0.8887, 0.8951, 0.8928, 0.8977, 0.8849, 0.8964, 0.8985, 0.8979, 0.8699, 0.8988, 0.8976, 0.89, 0.897, 0.8786, 0.8953, 0.8991, 0.8988, 0.8983, 0.8965, 0.8959, 0.9012, 0.8993, 0.9002, 0.897, 0.8991, 0.8927, 0.9009, 0.8983, 0.8983, 0.9008, 0.8931, 0.9006, 0.8827, 0.8838, 0.8948, 0.8952, 0.8949, 0.8986, 0.8951, 0.8916, 0.8958], "tot_time": 325.30450963974, "tot_iterations": 6000, "tot_epochs": 100}