{"avg_loss": [0.9646988988238011, 0.5069246093937142, 0.5078082867209547, 0.5068125004584381, 0.5057251143166234, 0.5066392898847366, 0.5074557911994584, 0.5058660902510412, 0.5065524401433872, 0.5080939479970564, 0.50546485570311, 0.5073993733769914, 0.5077887700387455, 0.5076954646769063, 0.5079457367279426, 0.503962501640599, 0.5057586464108357, 0.5060537026586881, 0.5081685545439864, 0.5015840348075832, 0.5056712441518136, 0.49893794086938054, 0.49628800209896445, 0.49828082848121014, 0.4994603175405012, 0.49681756264227533, 0.49131224522663314, 0.48729057445912727, 0.48439156035552733, 0.48463275801433886, 0.4841937684133722, 0.48219816589064307, 0.4799245791789918, 0.47661255168072797, 0.4777248528691684, 0.4749406462897577, 0.4735474591739065, 0.4692041819852279, 0.4662886578794793, 0.4643517955027687, 0.46440416532669815, 0.4636841276225468, 0.4605262857673056, 0.46202935925611177, 0.4615256356765759, 0.4623235419578528, 0.46459593954933015, 0.45884604502643483, 0.45692473226389646, 0.4544178765154055, 0.4575056462921095, 0.4532988229258105, 0.4517923508435728, 0.45019142238373544, 0.4470809176265281, 0.4506619295393766, 0.44087155533505756, 0.4354883125634089, 0.4305669734759549, 0.42870285185907214, 0.42835101551528537, 0.4267017803211196, 0.4234085800689083, 0.4224266332132337, 0.4185829529685199, 0.41851229656348315, 0.4133236238720825, 0.4096960389373209, 0.4063323065224204, 0.39883278152657037, 0.39261255837913944, 0.3865930310544879, 0.38485264052260043, 0.37928186399934105, 0.3750642909588002, 0.3746932039702066, 0.3750135319747984, 0.3682202520768753, 0.3696794647642368], "test_loss": [0.4999419320417011, 0.5018659079968185, 0.5004877150271958, 0.4998469074784875, 0.5027966393253445, 0.50027318800167, 0.5010837645527565, 0.500932108639496, 0.5008412615047183, 0.4992339329304927, 0.4976977588978529, 0.5002429872729546, 0.49772691860902857, 0.5117212276471567, 0.49873192620165907, 0.5012545598602134, 0.5061365479020377, 0.4934775461999738, 0.49300535609694407, 0.4982691548676391, 0.49826360681306164, 0.49249016554207947, 0.49174404617629097, 0.4948951360043923, 0.49480074014987324, 0.4877964685875291, 0.48272880534526863, 0.477204424142303, 0.47899252263827946, 0.4848811551798841, 0.4715062220450675, 0.47064786593977737, 0.4669634044764477, 0.46850947906692947, 0.46624589172148173, 0.46663744401672785, 0.46221449117944424, 0.4624374013797563, 0.46012664964318467, 0.4548284511657698, 0.452862224718678, 0.4553683394752649, 0.45389075879389446, 0.45359705716860044, 0.4509476323812631, 0.4480501245780838, 0.4516491840701276, 0.4468538682601518, 0.4472948824062315, 0.45380887193891445, 0.44278811581880023, 0.4465413534770127, 0.4391825270840884, 0.4356534825782724, 0.43426131080371794, 0.4327631199215265, 0.4265476783917727, 0.4273905613680061, 0.4218757837250093, 0.4288951859926878, 0.4296772556879387, 0.4201327595593173, 0.41845701985609934, 0.4227187767361404, 0.41471251175974694, 0.41177905256460423, 0.4058136802729039, 0.40591893739678303, 0.3960740239379659, 0.39245991141656555, 0.3836484884499932, 0.37716016308348116, 0.3734427153046011, 0.3713821284167496, 0.3733392400008531, 0.3697874353728556, 0.3696372218782192, 0.36734290940035597, 0.37100112969997545], "tot_time": 101.00632309913635, "tot_iterations": 553, "rho": [0.0001, 0.0001, 6.666666666666667e-05, 0.0001, 0.00015000000000000001, 0.00022500000000000002, 0.0003375, 0.00050625, 0.000759375, 0.00050625, 0.000759375, 0.0011390624999999999, 0.0011390624999999999, 0.0007593749999999999, 0.0011390624999999999, 0.0011390624999999999, 0.0007593749999999999, 0.0007593749999999999, 0.0005062499999999999, 0.0007593749999999999, 0.0005062499999999999, 0.0005062499999999999, 0.0003374999999999999, 0.0005062499999999999, 0.0005062499999999999, 0.0005062499999999999, 0.0003374999999999999, 0.0005062499999999999, 0.0007593749999999999, 0.0011390624999999999, 0.0017085937499999998, 0.0011390624999999999, 0.0011390624999999999, 0.0017085937499999998, 0.0011390624999999999, 0.0017085937499999998, 0.0011390624999999999, 0.0017085937499999998, 0.0011390624999999999, 0.0011390624999999999, 0.0017085937499999998, 0.0011390624999999999, 0.0007593749999999999, 0.0007593749999999999, 0.0011390624999999999, 0.0007593749999999999, 0.0011390624999999999, 0.0017085937499999998, 0.0025628906249999996, 0.0017085937499999996, 0.0017085937499999996, 0.0011390624999999997, 0.0017085937499999996, 0.0017085937499999996, 0.0011390624999999997, 0.0017085937499999996, 0.0011390624999999997, 0.0011390624999999997, 0.0017085937499999996, 0.0025628906249999996, 0.0017085937499999996, 0.0011390624999999997, 0.0007593749999999997, 0.0011390624999999997, 0.0011390624999999997, 0.0007593749999999997, 0.0005062499999999998, 0.0007593749999999996, 0.0007593749999999996, 0.0007593749999999996, 0.0011390624999999995, 0.0007593749999999996, 0.0005062499999999998, 0.0005062499999999998, 0.0003374999999999998, 0.0005062499999999998, 0.0007593749999999996, 0.0011390624999999995, 0.0011390624999999995, 0.0011390624999999995, 0.0017085937499999992, 0.0017085937499999992, 0.0017085937499999992, 0.0011390624999999995, 0.0017085937499999992, 0.0011390624999999995, 0.0017085937499999992, 0.0025628906249999988, 0.0025628906249999988, 0.0017085937499999992, 0.0011390624999999995, 0.0017085937499999992, 0.0011390624999999995, 0.0011390624999999995, 0.0017085937499999992, 0.0011390624999999995, 0.0017085937499999992, 0.0011390624999999995, 0.0011390624999999995, 0.0011390624999999995, 0.0007593749999999996, 0.0011390624999999995, 0.0007593749999999996, 0.0011390624999999995, 0.0011390624999999995, 0.0007593749999999996, 0.0011390624999999995, 0.0017085937499999992, 0.0025628906249999988, 0.003844335937499998, 0.0025628906249999988, 0.0017085937499999992, 0.0011390624999999995, 0.0017085937499999992, 0.0025628906249999988, 0.0017085937499999992, 0.0011390624999999995, 0.0017085937499999992, 0.0017085937499999992, 0.0017085937499999992, 0.0011390624999999995, 0.0011390624999999995, 0.0011390624999999995, 0.0007593749999999996, 0.0011390624999999995, 0.0011390624999999995, 0.0017085937499999992, 0.0011390624999999995, 0.0011390624999999995, 0.0011390624999999995, 0.0011390624999999995, 0.0017085937499999992, 0.0017085937499999992, 0.0011390624999999995, 0.0017085937499999992, 0.0025628906249999988, 0.0017085937499999992, 0.0025628906249999988, 0.0017085937499999992, 0.0011390624999999995, 0.0017085937499999992, 0.0017085937499999992, 0.0017085937499999992, 0.0011390624999999995, 0.0017085937499999992, 0.0011390624999999995, 0.0007593749999999996, 0.0007593749999999996, 0.0007593749999999996, 0.0011390624999999995, 0.0011390624999999995, 0.0017085937499999992, 0.0025628906249999988, 0.0017085937499999992, 0.0017085937499999992, 0.0017085937499999992, 0.0025628906249999988, 0.003844335937499998, 0.0025628906249999988, 0.003844335937499998, 0.0025628906249999988, 0.0017085937499999992, 0.0017085937499999992, 0.0025628906249999988, 0.003844335937499998, 0.0025628906249999988, 0.003844335937499998, 0.0025628906249999988, 0.0025628906249999988, 0.0017085937499999992, 0.0011390624999999995, 0.0017085937499999992, 0.0025628906249999988, 0.0017085937499999992, 0.0017085937499999992, 0.0017085937499999992, 0.0025628906249999988, 0.0017085937499999992, 0.0025628906249999988, 0.0017085937499999992, 0.0017085937499999992, 0.0025628906249999988, 0.003844335937499998, 0.0025628906249999988, 0.0025628906249999988, 0.003844335937499998, 0.0025628906249999988, 0.0025628906249999988, 0.0025628906249999988, 0.0025628906249999988, 0.0025628906249999988, 0.0025628906249999988, 0.003844335937499998, 0.005766503906249997, 0.0038443359374999977, 0.0025628906249999983, 0.0038443359374999977, 0.005766503906249996, 0.0038443359374999973, 0.005766503906249996, 0.005766503906249996, 0.008649755859374993, 0.01297463378906249, 0.008649755859374993, 0.008649755859374993, 0.008649755859374993, 0.005766503906249995, 0.005766503906249995, 0.005766503906249995, 