{"avg_loss": [0.8745701493358858, 0.5085341775363643, 0.5067428818347302, 0.511586534630483, 0.5076927291207073, 0.5080824295095443, 0.5072053238521885, 0.5054329697562995, 0.513113147186843, 0.5101500957736903, 0.5062574551815853, 0.5105988619681512, 0.5072052872705283, 0.5033628460317815, 0.5023440945056775, 0.502751187689953, 0.5011059272888592, 0.4978857012737344, 0.49839224666200427, 0.496131593284455, 0.496168180017893, 0.4912010921447762, 0.4902801575633075, 0.4852593399360747, 0.4846103032137547, 0.48252427390202274, 0.4801557431463986, 0.48217076115616, 0.4786345652076661, 0.4766082386529873, 0.4762487609060928, 0.47278829099060526, 0.47166556576018553, 0.4705178863962364, 0.4683637348024323, 0.46596818238449417, 0.46898882892938054, 0.4627627113104475, 0.4620347551653509, 0.46532433607382023, 0.45356364491812734, 0.45135523343503514, 0.4455926766782253, 0.44368988590657077, 0.4440526257160317, 0.4421008113792004, 0.43952426000528405, 0.4359506961787818, 0.43350697098675284, 0.4310915743615599, 0.4247945762271586, 0.41919679750203914, 0.41445728085860567, 0.4117782805286273, 0.4064205014369477, 0.40421410251186146, 0.4025360468899214, 0.3956434611501238, 0.3922728209780309, 0.39114236250623863, 0.38996753592040756, 0.3775382051547845, 0.371180248307316, 0.3670362490641731, 0.3639883291150988, 0.3589830828019842, 0.35445432283232936, 0.3555118748846067, 0.35207788619747626, 0.3505543565013601, 0.3470182853052498, 0.34700565963039515, 0.34288361838453557, 0.34234447593732564, 0.3419949694064048, 0.3403369461995204, 0.34196233002685267, 0.3391070500111315, 0.3405946863943102, 0.33782642986137107, 0.3351982634630713, 0.3328725366347052], "test_loss": [0.5000149956236092, 0.4995199352641264, 0.5008255167862906, 0.4998777593210322, 0.49892716111222307, 0.4990905626020575, 0.5003972448005478, 0.5025773445029793, 0.5028173343531082, 0.49834320899452283, 0.5270423134962667, 0.49682469138807595, 0.4966020347320999, 0.500819826722317, 0.5027582222367809, 0.49683679636502376, 0.49618451038388867, 0.4949784834845513, 0.4943029650825245, 0.49583211121332277, 0.4865766918715572, 0.48310497965470367, 0.489599709781032, 0.4756801056473334, 0.4739365460379194, 0.47473249975507964, 0.47285364294433596, 0.46875678054131986, 0.46708820502855564, 0.4653352939943204, 0.4616140242766083, 0.46064994195149933, 0.46129494223421313, 0.45860386147787996, 0.45496348655416874, 0.45672945518428004, 0.4555062272469308, 0.44945403766328157, 0.45127682893244303, 0.4459986964021118, 0.43827260056068895, 0.435420535865777, 0.43224857922451654, 0.43557500973400254, 0.4297366277730383, 0.4284152842645332, 0.4302966862541306, 0.42550256357641514, 0.42348950129622365, 0.41999534457166693, 0.4114754311074814, 0.40994083596558684, 0.402113150888654, 0.40188502452890845, 0.39661074389231776, 0.39551602547830667, 0.3913443611238425, 0.39159545690563624, 0.38495416332627636, 0.4000776202632068, 0.3746526037020603, 0.36961278248222945, 0.36597753098699304, 0.3579532489398255, 0.3533781919085277, 0.3495577428201776, 0.3497579597708055, 0.34902072263783845, 0.35394380440267076, 0.34788180241976957, 0.34428570942925935, 0.3431622152670387, 0.34304276179105947, 0.34056683915824054, 0.3398577626679868, 0.3431270879781209, 0.3390444221212372, 0.3388926455160964, 0.3402884829784152, 0.3349303932736527, 0.331692718599953, 0.3321707009626697], "tot_time": 100.89463925361633, "tot_iterations": 574, "rho": [0.0001, 6.666666666666667e-05, 0.0001, 0.00015000000000000001, 0.00022500000000000002, 0.0003375, 0.00050625, 0.000759375, 0.0011390624999999999, 0.0007593749999999999, 0.0005062499999999999, 0.0007593749999999999, 0.0007593749999999999, 0.0011390624999999999, 0.0017085937499999998, 0.0011390624999999999, 0.0007593749999999999, 0.0007593749999999999, 0.0005062499999999999, 0.0007593749999999999, 0.0011390624999999999, 0.0007593749999999999, 0.0011390624999999999, 0.0017085937499999998, 0.0011390624999999999, 0.0007593749999999999, 0.0007593749999999999, 0.0011390624999999999, 0.0007593749999999999, 0.0005062499999999999, 0.0007593749999999999, 0.0005062499999999999, 0.0007593749999999999, 0.0007593749999999999, 0.0007593749999999999, 0.0011390624999999999, 0.0007593749999999999, 0.0011390624999999999, 0.0017085937499999998, 0.0017085937499999998, 0.0011390624999999999, 0.0011390624999999999, 0.0007593749999999999, 0.0011390624999999999, 0.0017085937499999998, 0.0017085937499999998, 0.0011390624999999999, 0.0017085937499999998, 0.0017085937499999998, 0.0011390624999999999, 0.0017085937499999998, 0.0025628906249999996, 0.0017085937499999996, 0.0011390624999999997, 0.0007593749999999997, 0.0005062499999999998, 0.0003374999999999998, 0.0005062499999999998, 0.0005062499999999998, 0.0007593749999999996, 0.0011390624999999995, 0.0017085937499999992, 0.0011390624999999995, 0.0011390624999999995, 0.0007593749999999996, 0.0005062499999999998, 0.0005062499999999998, 0.0007593749999999996, 0.0007593749999999996, 0.0011390624999999995, 0.0011390624999999995, 0.0011390624999999995, 0.0017085937499999992, 0.0025628906249999988, 0.0025628906249999988, 0.0017085937499999992, 0.0017085937499999992, 0.0025628906249999988, 0.0017085937499999992, 0.0017085937499999992, 0.0017085937499999992, 0.0011390624999999995, 0.0011390624999999995, 0.0007593749999999996, 0.0011390624999999995, 0.0017085937499999992, 0.0011390624999999995, 0.0007593749999999996, 0.0011390624999999995, 0.0011390624999999995, 0.0011390624999999995, 0.0017085937499999992, 0.0011390624999999995, 0.0017085937499999992, 0.0011390624999999995, 0.0011390624999999995, 0.0017085937499999992, 0.0025628906249999988, 0.0025628906249999988, 0.0017085937499999992, 0.0017085937499999992, 0.0011390624999999995, 0.0007593749999999996, 0.0011390624999999995, 0.0017085937499999992, 0.0011390624999999995, 0.0017085937499999992, 0.0017085937499999992, 0.0017085937499999992, 0.0011390624999999995, 0.0011390624999999995, 0.0017085937499999992, 0.0025628906249999988, 0.0017085937499999992, 0.0011390624999999995, 0.0017085937499999992, 0.0017085937499999992, 0.0017085937499999992, 0.0025628906249999988, 0.0017085937499999992, 0.0025628906249999988, 0.0025628906249999988, 0.003844335937499998, 0.0025628906249999988, 0.003844335937499998, 0.0025628906249999988, 0.0017085937499999992, 0.0011390624999999995, 0.0007593749999999996, 0.0011390624999999995, 0.0007593749999999996, 0.0011390624999999995, 0.0017085937499999992, 0.0025628906249999988, 0.003844335937499998, 0.0025628906249999988, 0.0017085937499999992, 0.0025628906249999988, 0.0017085937499999992, 0.0011390624999999995, 0.0011390624999999995, 0.0017085937499999992, 0.0011390624999999995, 0.0017085937499999992, 0.0017085937499999992, 0.0025628906249999988, 0.0017085937499999992, 0.0025628906249999988, 0.0017085937499999992, 0.0011390624999999995, 0.0007593749999999996, 0.0011390624999999995, 0.0007593749999999996, 0.0011390624999999995, 0.0007593749999999996, 0.0011390624999999995, 0.0017085937499999992, 0.0017085937499999992, 0.0011390624999999995, 0.0017085937499999992, 0.0025628906249999988, 0.003844335937499998, 0.0025628906249999988, 0.0017085937499999992, 0.0011390624999999995, 0.0017085937499999992, 0.0025628906249999988, 0.0017085937499999992, 0.0011390624999999995, 0.0017085937499999992, 0.0011390624999999995, 0.0007593749999999996, 0.0011390624999999995, 0.0017085937499999992, 0.0011390624999999995, 0.0017085937499999992, 0.0025628906249999988, 0.0017085937499999992, 0.0011390624999999995, 0.0007593749999999996, 0.0011390624999999995, 0.0007593749999999996, 0.0011390624999999995, 0.0007593749999999996, 0.0011390624999999995, 0.0017085937499999992, 0.0025628906249999988, 0.0017085937499999992, 0.0011390624999999995, 0.0007593749999999996, 0.0011390624999999995, 0.0017085937499999992, 0.0025628906249999988, 0.003844335937499998, 0.005766503906249997, 0.008649755859374995, 0.008649755859374995, 0.008649755859374995, 0.008649755859374995, 0.012974633789062492, 0.012974633789062492, 0.008649755859374993, 