{"avg_loss": [2.3030325218625394, 2.302929373772668, 2.3028355951730943, 2.302752115998475, 2.3026740610506153, 2.3025996145546928, 2.3025280502190513, 2.3024591669586467, 2.3023908350574906, 2.3023245123043146, 2.3022558216610234, 2.3021875918802777, 2.302116465898205, 2.3020435075174204, 2.301967774010623, 2.3018895160641573, 2.3018075666934634, 2.3017216421398192, 2.3016325802346422, 2.30153884458353, 2.301439321762138, 2.301332600490564, 2.301220903966255, 2.301100693726988, 2.3009711914397952, 2.3008312071511154, 2.300680257465437, 2.3005150055229593, 2.3003356095534153, 2.300137583869676, 2.299920353137542, 2.2996788005002404, 2.2994079804875693, 2.2991039257849604, 2.298760963704014, 2.2983667071312284, 2.2979145885803267, 2.297399545489638, 2.2968108805338034, 2.2961283538901545, 2.295329808756399, 2.294380848863055, 2.2932407779494177, 2.2918504359963143, 2.290119271869206, 2.287901630066445, 2.2849516477803578, 2.280897167259946, 2.275155467230549, 2.2667854704671266, 2.254316027026498, 2.2359409544539592, 2.2107856468061637, 2.180486599145456, 2.1487845715763014, 2.1188746758585957, 2.0919482475858704, 2.067908968753366, 2.047284917307807, 2.0297267641403476, 2.0148294904084154, 2.000442136028075, 1.98695840983342, 1.9735820055382314, 1.9604612237449022, 1.9473479206033664, 1.935010675554703, 1.923114129299981, 1.9116952586061442, 1.8994854586955259, 1.8886437072887114, 1.8759656755361889, 1.86404411803784, 1.852935521124412, 1.8430296187351523, 1.8397252619822166, 1.8413812000160121, 1.815886805892161, 1.8069479646725732, 1.8145804501501985, 1.7940229008352402, 1.7975529337494585, 1.772551426037451, 1.7833520434072252, 1.759202903126461, 1.746458967310135, 1.7584339364974033, 1.733587838983775, 1.731943710584854, 1.730400102732711, 1.714976077248516, 1.7207922439726524, 1.6939015561671371, 1.6977127033584118, 1.6876380867462126, 1.6804852831625305, 1.678468949354495, 1.6723207144996797, 1.6601280469664408, 1.6599459387097528], "acc": [0.10000000000000003, 0.1, 0.10000000000000003, 0.10000000000000002, 0.10000000000000002, 0.10000000000000003, 0.1, 0.10000000000000002, 0.10000000000000005, 0.10000000000000003, 0.1, 0.10000000000000003, 0.1, 0.10000000000000003, 0.10000000000000003, 0.10000000000000002, 0.1, 0.10003999999999999, 0.10018000000000002, 0.10152000000000003, 0.10118000000000006, 0.1032, 0.10808000000000005, 0.10978000000000007, 0.11282000000000002, 0.11914000000000001, 0.12312000000000001, 0.13040000000000002, 0.13190000000000002, 0.14581999999999995, 0.15946000000000005, 0.17348000000000002, 0.18789999999999998, 0.19936000000000004, 0.20166000000000003, 0.20222000000000004, 0.20482, 0.2047, 0.20606, 0.20686000000000007, 0.20652, 0.20491999999999996, 0.20428000000000002, 0.20347999999999997, 0.20046000000000003, 0.19914000000000004, 0.19601999999999997, 0.1921400000000001, 0.18746000000000007, 0.1821399999999999, 0.17927999999999997, 0.18302, 0.19227999999999995, 0.2083, 0.22626000000000007, 0.24184000000000008, 0.2509, 0.26131999999999994, 0.2679800000000001, 0.2767, 0.28446, 0.29054, 0.29724, 0.30196, 0.3093599999999999, 0.31322, 0.3191, 0.32306000000000007, 0.32676, 0.33242, 0.3357199999999999, 0.33932000000000007, 0.3433000000000001, 0.34694, 0.3498600000000001, 0.35181999999999997, 0.3504799999999999, 0.35853999999999997, 0.3627799999999998, 0.3598400000000001, 0.36619999999999997, 0.36679999999999985, 0.37308, 0.37035999999999997, 0.37768, 0.3809799999999999, 0.37829999999999986, 0.38534000000000007, 0.38745999999999997, 0.38538000000000006, 0.39324, 0.3922, 0.40024000000000015, 0.39841999999999994, 0.40138000000000007, 0.40699999999999986, 0.4064799999999999, 0.4084400000000001, 0.41193999999999986, 0.41170000000000007], "test_acc": [0.1, 0.1, 0.1, 0.1, 0.1, 0.1, 0.1, 0.1, 0.1, 0.1, 0.1, 0.1, 0.1, 0.1, 0.1, 0.1, 0.1, 0.1001, 0.1002, 0.1006, 0.1011, 0.1032, 0.1048, 0.108, 0.1123, 0.1166, 0.12, 0.1274, 0.1388, 0.1542, 0.1698, 0.1806, 0.1899, 0.1957, 0.1989, 0.2004, 0.2014, 0.2011, 0.2, 0.201, 0.2024, 0.2023, 0.202, 0.2005, 0.1984, 0.1966, 0.1924, 0.1881, 0.1829, 0.1799, 0.1796, 0.1856, 0.197, 0.2145, 0.2297, 0.2428, 0.2556, 0.2751, 0.2789, 0.2797, 0.291, 0.294, 0.3014, 0.3052, 0.3087, 0.3167, 0.3204, 0.3247, 0.3304, 0.3351, 0.3369, 0.3398, 0.3426, 0.3451, 0.3487, 0.3511, 0.349, 0.3601, 0.3585, 0.3414, 0.3687, 0.3618, 0.3755, 0.3735, 0.376, 0.384, 0.3609, 0.363, 0.355, 0.3754, 0.3893, 0.3802, 0.3935, 0.3971, 0.3969, 0.4027, 0.3992, 0.4028, 0.3979, 0.3984], "tot_time": 1423.3444180488586, "tot_iterations": 5000, "tot_epochs": 100}