{"avg_loss": [0.8122069733954169, 0.04699139393544525, 0.027172148009690686, 0.021122235364506903, 0.015506185169422324, 0.011995886282242012, 0.011427321131751014, 0.011196428914839976, 0.010979338491299069, 0.009920718651088614, 0.009736008924019402, 0.009671459482650366, 0.009392294214686516, 0.009231343598598918, 0.008999087094622557, 0.008871182510056266, 0.008604601769567453, 0.00832782303761004, 0.007964612489413289, 0.00784347637987184, 0.007521674387873809, 0.007388992964938667, 0.0072475037633276404, 0.00711681853521885, 0.00696927139444057, 0.006847424211804206, 0.006817307432482558, 0.006591790995871277, 0.006579038782240519, 0.006544960611744797, 0.0063597464321899526, 0.006219933718680681, 0.006118025011850526, 0.006096893721641505, 0.005971268104189005], "test_loss": [0.05107265186157785, 0.032950555116713645, 0.024848930900688463, 0.017213445279371558, 0.01263094545907113, 0.011498718438894317, 0.011047270584367124, 0.010678056063210374, 0.01011822426989383, 0.009763696223097203, 0.0101203537617721, 0.009541398555506465, 0.00965497286512504, 0.009173021533292898, 0.009310582144845153, 0.009044406698130104, 0.008898554234135977, 0.008666548789900008, 0.009087667551125174, 0.008496518460912686, 0.008315008239276875, 0.008194133819000754, 0.008105751525064594, 0.007935491092904298, 0.007924023631318874, 0.007899750900683301, 0.007748938860759686, 0.007744913745781068, 0.00773157678894016, 0.007589796795384509, 0.007475766410208925, 0.007425208215268852, 0.007409205982583065, 0.007314944169122064, 0.007347411371078944], "tot_time": 10.07606554031372, "tot_iterations": 35, "rho": [0.0001, 6.666666666666667e-05, 0.0001, 0.00015000000000000001, 0.00015000000000000001, 0.00022500000000000002, 0.0003375, 0.00050625, 0.000759375, 0.00050625, 0.000759375, 0.000759375, 0.0011390624999999999, 0.0007593749999999999, 0.0005062499999999999, 0.0007593749999999999, 0.0005062499999999999, 0.0003374999999999999, 0.00022499999999999994, 0.00022499999999999994, 0.0003374999999999999, 0.0005062499999999999, 0.0007593749999999999, 0.0005062499999999999, 0.0003374999999999999, 0.0003374999999999999, 0.0005062499999999999, 0.0003374999999999999, 0.0005062499999999999, 0.0007593749999999999, 0.0005062499999999999, 0.0003374999999999999, 0.0005062499999999999, 0.0007593749999999999, 0.0005062499999999999], "alpha": [1.0, 0.5, 0.25, 1.0, 0.25, 0.25, 0.25, 0.5, 1.0, 0.5, 1.0, 0.5, 1.0, 1.0, 0.5, 1.0, 1.0, 1.0, 1.0, 0.5, 0.25, 0.5, 1.0, 1.0, 1.0, 0.125, 1.0, 0.0625, 0.25, 1.0, 1.0, 0.5, 0.25, 1.0, 1.0]}