{"avg_loss": [0.2953067481424915, 0.028126646251247823, 0.016662378883188965, 0.011818755857658136, 0.012811599823156177, 0.012159940300464968, 0.011097608560189196, 0.011041778332512141, 0.01089748938578497, 0.011400341532683041, 0.011060549234858793, 0.010834261452835703, 0.010933996042675819, 0.012373495925894196, 0.01163474930969519], "test_loss": [0.034089446310994, 0.018661418597108608, 0.010742457352253234, 0.01175767832876137, 0.010944057396529955, 0.01026420727945377, 0.01081581094972107, 0.012005089027392519, 0.011855139143400759, 0.010536613569696826, 0.010228069060240453, 0.009833557460812575, 0.009758166620087275, 0.01095820883968896, 0.010725681351784389], "tot_time": 10.28859543800354, "tot_iterations": 60, "rho": [0.0001, 0.0001, 0.00015000000000000001, 0.00022500000000000002, 0.0003375, 0.00050625, 0.000759375, 0.0011390624999999999, 0.0017085937499999998, 0.0025628906249999996, 0.0038443359374999994, 0.0025628906249999996, 0.0038443359374999994, 0.0038443359374999994, 0.00576650390625, 0.0038443359374999994, 0.0025628906249999996, 0.0025628906249999996, 0.0038443359374999994, 0.00576650390625, 0.008649755859375, 0.0129746337890625, 0.008649755859375, 0.00576650390625, 0.0038443359374999994, 0.00576650390625, 0.0038443359374999994, 0.00576650390625, 0.008649755859375, 0.00576650390625, 0.008649755859375, 0.0129746337890625, 0.0129746337890625, 0.008649755859375, 0.00576650390625, 0.008649755859375, 0.008649755859375, 0.008649755859375, 0.008649755859375, 0.0129746337890625, 0.01946195068359375, 0.012974633789062499, 0.01946195068359375, 0.012974633789062499, 0.008649755859374999, 0.005766503906249999, 0.008649755859374999, 0.008649755859374999, 0.005766503906249999, 0.008649755859374999, 0.005766503906249999, 0.008649755859374999, 0.005766503906249999, 0.005766503906249999, 0.003844335937499999, 0.005766503906249999, 0.008649755859374999, 0.005766503906249999, 0.003844335937499999, 0.002562890624999999], "alpha": [1.0, 0.5, 0.25, 0.5, 0.25, 0.25, 0.5, 0.5, 0.25, 1.0, 1.0, 0.5, 1.0, 0.5, 1.0, 1.0, 1.0, 0.25, 0.25, 0.5, 0.5, 1.0, 1.0, 1.0, 0.5, 1.0, 0.5, 0.5, 1.0, 0.5, 0.25, 1.0, 1.0, 1.0, 0.5, 1.0, 1.0, 1.0, 0.5, 0.5, 1.0, 0.5, 1.0, 1.0, 1.0, 0.5, 1.0, 1.0, 0.5, 1.0, 0.5, 1.0, 1.0, 1.0, 1.0, 0.5, 1.0, 1.0, 1.0, 0.5]}