{"avg_loss": [0.8625952891566249, 0.4536058854556235, 0.3642095190297581, 0.19448315045539719, 0.03016165524921858, 0.0010474722317100698, 0.00021171409072658106, 0.00016958510497287928, 0.00014706949795375193, 0.0001312442253978959, 0.0001149436510282312, 0.0001087505999055746, 0.00010795803173873916, 0.0001057756310132088, 0.00010507837314920672, 0.00010516842943837053, 0.00010484741999975274, 0.00010520393807726108, 0.0001043425208423537, 0.00010404047013111356, 0.00010506455164138904, 0.0001055714214208064, 0.00010415895648079007, 0.0001046285632798461, 0.00010481191693161683, 0.00010512293144850664, 0.0001041513088069209, 0.00010498754245918699, 0.00010465812163614387, 0.00010447284129821547, 0.00010677568979630416, 0.00010503240783070357, 0.00010368930034994186, 0.00010450538398744574, 0.00010424673319232313, 0.0001040466716640598, 0.0001060608955457897, 0.00010411790181232399, 0.00010502108991671368, 0.00010505251422413847, 0.00010452401258662738, 0.00010462175862335844, 0.00010507224742449983, 0.00010588464020458985, 0.00010498872321118516, 0.00010464669176189553, 0.00010361833256180101, 0.00010323183910426051, 0.00010361992440736886, 0.00010437038839741264, 0.00010545052573344873, 0.0001055472132406803, 0.0001039423515918361, 0.0001039609118045526, 0.00010503794418694555, 0.00010593183237182226, 0.00010395253824107043, 0.00010401951070418568, 0.00010325884862460671, 0.00010493212496150386, 0.00010447161750520788, 0.00010377848579116642, 0.00010448572037382765, 0.00010356096519855933, 0.00010379388452521235, 0.00010325518997538068, 0.00010360761978858234, 0.00010445278827008412, 0.00010451161836398663], "test_loss": [0.4516800345392315, 0.4131155334438468, 0.3111107923624054, 0.07703556450972612, 0.002880347752262424, 0.00022427644125664757, 0.00017358194258564603, 0.0001524438403866984, 0.00013570333297355857, 0.0001181297983448318, 0.00010910800005040148, 0.00010592614003370063, 0.00010510780222610596, 0.00010445500344782506, 0.00010322684140037044, 0.00010349307817528904, 0.00010434736132475292, 0.00010272415143220137, 0.00010421758895394741, 0.00010364975334864666, 0.00010340905189546274, 0.00010305598273919714, 0.00010257841799107786, 0.000102957543520856, 0.00010313645685358802, 0.00010269609662469821, 0.00010332400202706885, 0.00010316207800358897, 0.00010401614047453798, 0.00010182160612622006, 0.000102569056540829, 0.00010295771881755594, 0.00010307153261249084, 0.00010420807559233659, 0.00010284597757284583, 0.00010480142806645488, 0.00010496659261609966, 0.00010648794326835142, 0.00010331076742266811, 0.00010399267468101832, 0.00010429299280556883, 0.00010372477923892431, 0.00010558951395423255, 0.00010371803123523621, 0.00010520731603619808, 0.00010436133892827469, 0.00010385697984078597, 0.00010271346958156267, 0.00010275826670102714, 0.00010277219584458913, 0.00010828782840583413, 0.00010216376915785414, 0.00010366316776947878, 0.00011037154595887833, 0.00010387285298560889, 0.0001020082434088936, 0.00010413162231202171, 0.00010286132276850703, 0.00010713918029026692, 0.00010319782394795535, 0.00010397303575921708, 0.00010347240505187912, 0.00010490848509871564, 0.0001031474012894591, 0.0001026792331655247, 0.00010219716291729523, 0.00010447985632009834, 0.00010303162087904107, 0.0001030067095152453], "tot_time": 100.03028297424316, "tot_iterations": 483, "rho": [0.0001, 6.666666666666667e-05, 0.0001, 0.00015000000000000001, 0.00022500000000000002, 0.0003375, 0.00050625, 0.000759375, 0.0011390624999999999, 0.0017085937499999998, 0.0025628906249999996, 0.0038443359374999994, 0.00576650390625, 0.008649755859375, 0.0129746337890625, 0.0129746337890625, 0.01946195068359375, 0.012974633789062499, 0.012974633789062499, 0.008649755859374999, 0.012974633789062499, 0.01946195068359375, 0.012974633789062499, 0.01946195068359375, 0.012974633789062499, 0.01946195068359375, 0.029192926025390625, 0.029192926025390625, 0.029192926025390625, 0.01946195068359375, 0.012974633789062499, 0.008649755859374999, 0.005766503906249999, 0.008649755859374999, 0.008649755859374999, 0.005766503906249999, 0.003844335937499999, 0.002562890624999999, 0.0017085937499999994, 0.0011390624999999995, 0.0007593749999999996, 0.0005062499999999998, 0.0003374999999999998, 0.0005062499999999998, 0.0007593749999999996, 0.0005062499999999998, 0.0003374999999999998, 0.0005062499999999998, 0.0005062499999999998, 0.0003374999999999998, 0.0003374999999999998, 0.0005062499999999998, 0.0005062499999999998, 0.0003374999999999998, 0.0003374999999999998, 0.00022499999999999986, 0.0003374999999999998, 0.00022499999999999986, 0.0003374999999999998, 0.00022499999999999986, 0.00022499999999999986, 0.0001499999999999999, 9.999999999999994e-05, 0.0001499999999999999, 9.999999999999994e-05, 0.0001499999999999999, 9.999999999999994e-05, 9.999999999999994e-05, 6.666666666666662e-05, 6.666666666666662e-05, 4.4444444444444406e-05, 4.4444444444444406e-05, 2.9629629629629603e-05, 4.4444444444444406e-05, 2.9629629629629603e-05, 4.4444444444444406e-05, 6.666666666666662e-05, 9.999999999999992e-05, 6.666666666666662e-05, 4.4444444444444406e-05, 6.666666666666662e-05, 9.999999999999992e-05, 6.666666666666662e-05, 4.4444444444444406e-05, 6.666666666666662e-05, 4.4444444444444406e-05, 6.666666666666662e-05, 4.4444444444444406e-05, 4.4444444444444406e-05, 2.9629629629629603e-05, 1.9753086419753066e-05, 2.96296296296296e-05, 4.44444444444444e-05, 2.96296296296296e-05, 1.9753086419753066e-05, 1.9753086419753066e-05, 2.96296296296296e-05, 1.9753086419753066e-05, 2.96296296296296e-05, 1.9753086419753066e-05, 1.3168724279835376e-05, 1.9753086419753066e-05, 1.3168724279835376e-05, 8.77914951989025e-06, 5.8527663465935e-06, 3.901844231062333e-06, 2.6012294873748884e-06, 1.734152991583259e-06, 1.734152991583259e-06, 1.1561019943888392e-06, 1e-06, 1e-06, 1e-06, 1e-06, 1.5e-06, 1e-06, 1e-06, 1.5e-06, 2.25e-06, 1.5e-06, 1e-06, 1.5e-06, 2.25e-06, 1.5e-06, 2.25e-06, 1.5e-06, 2.25e-06, 2.25e-06, 3.375e-06, 2.2499999999999996e-06, 3.3749999999999995e-06, 2.2499999999999996e-06, 3.3749999999999995e-06, 2.2499999999999996e-06, 2.2499999999999996e-06, 1.4999999999999996e-06, 1e-06, 1e-06, 1e-06, 1.5e-06, 1e-06, 1e-06, 1e-06, 1e-06, 1.5e-06, 1.5e-06, 1.5e-06, 1.5e-06, 2.25e-06, 3.375e-06, 2.2499999999999996e-06, 1.4999999999999996e-06, 1e-06, 1e-06, 1e-06, 1e-06, 1.5e-06, 1e-06, 1.5e-06, 1e-06, 1.5e-06, 1e-06, 1.5e-06, 1e-06, 1e-06, 1e-06, 1e-06, 1e-06, 1e-06, 1.5e-06, 2.25e-06, 3.375e-06, 5.062499999999999e-06, 5.062499999999999e-06, 7.593749999999999e-06, 5.062499999999999e-06, 5.062499999999999e-06, 3.3749999999999995e-06, 2.2499999999999996e-06, 3.3749999999999995e-06, 3.3749999999999995e-06, 2.2499999999999996e-06, 1.4999999999999996e-06, 1e-06, 1e-06, 1e-06, 1.5e-06, 1e-06, 1e-06, 1e-06, 1e-06, 1e-06, 1e-06, 1e-06, 1e-06, 1e-06, 1e-06, 1e-06, 1.5e-06, 2.25e-06, 3.375e-06, 2.2499999999999996e-06, 2.2499999999999996e-06, 1.4999999999999996e-06, 1e-06, 1e-06, 1e-06, 1e-06, 1e-06, 1e-06, 1e-06, 1e-06, 1.5e-06, 1e-06, 1e-06, 1.5e-06, 1.5e-06, 1e-06, 1e-06, 1.5e-06, 1.5e-06, 1.5e-06, 2.25e-06, 3.375e-06, 2.2499999999999996e-06, 1.4999999999999996e-06, 1e-06, 1e-06, 1e-06, 1e-06, 1e-06, 1.5e-06, 1e-06, 1e-06, 1e-06, 1.5e-06, 1e-06, 1e-06, 1.5e-06, 2.25e-06, 3.375e-06, 3.375e-06, 3.375e-06, 2.2499999999999996e-06, 2.2499999999999996e-06, 2.2499999999999996e-06, 1.4999999999999996e-06, 1.4999999999999996e-06, 1e-06, 1.5e-06, 1e-06, 1.5e-06, 1.5e-06, 1.5e-06, 1e-06, 1.5e-06, 1.5e-06, 2.25e-06, 2.25e-06, 1.5e-06, 1e-06, 1e-06, 1e-06, 1e-06, 1e-06, 1.5e-06, 1.5e-06, 1e-06, 1e-06, 1e-06, 1.5e-06, 1e-06, 1.5e-06, 2.25e-06, 3.375e-06, 3.375e-06, 5.062499999999999e-06, 7.593749999999999e-06, 5.062499999999999e-06, 3.3749999999999995e-06, 2.2499999999999996e-06, 1.4999999999999996e-06, 1e-06, 1e-06, 1e-06, 1e-06, 1e-06, 1.5e-06, 1e-06, 1e-06, 1.5e-06, 1e-06, 1e-06, 1.5e-06, 1e-06, 1e-06, 1e-06, 1e-06, 1e-06, 1e-06, 1e-06, 1.5e-06, 1e-06, 1.5e-06, 1.5e-06, 1e-06, 1e-06, 1.5e-06, 2.25e-06, 1.5e-06, 1e-06, 1e-06, 1e-06, 1e-06, 