{"avg_loss": [0.8143995132058125, 0.35130001689446516, 0.14538798431227934, 0.008796902679790584, 0.0003343862093821525, 0.0001930055166829994, 0.00013156327533124832, 0.00010969181614024377, 0.0001061952477406207, 0.00010566225492634333, 0.00010524682984814407, 0.0001049783005040223, 0.0001045441475365709, 0.00010483294662573325, 0.00010391715483957004, 0.00010557133573181176, 0.000104908510992883, 0.00010401370601018157, 0.00010515571380316254, 0.00010474662169537048, 0.00010499616655972246, 0.00010336306406624059, 0.00010466955107879489, 0.00010423535453149723, 0.00010395342783804956, 0.00010550550816356055, 0.00010539521271996938, 0.00010460334214433904, 0.00010396408966855169, 0.00010320927991044466, 0.00010486494500987999, 0.00010476026749778768, 0.00010584501323801432, 0.0001046981450516933, 0.00010388702867328379, 0.00010434668431199964, 0.00010474413166602754, 0.00010349824435005445, 0.00010458428354625386, 0.00010321193020508977, 0.00010463990345596023, 0.00010472408247044925, 0.00010332910163469836, 0.00010354526285955756, 0.00010391185405929642, 0.00010588217882561976, 0.00010486874868900569, 0.00010507434570582931, 0.00010435284255115423, 0.0001035225665794431, 0.00010380948531222873, 0.00010390820885686592, 0.00010301397632124166, 0.00010436562377682898, 0.00010490830256802797, 0.0001046272552138649, 0.00010538622481756249, 0.00010460453634941531, 0.0001056798253357085, 0.00010361179316361875, 0.00010442854101822112, 0.00010559645048423825, 0.00010550933569632205, 0.00010380935965754048, 0.00010562922367027446, 0.00010432025632278502, 0.0001029931316115598], "test_loss": [0.4014370352929473, 0.2771713351808221, 0.04537072681595424, 0.0004993270528389876, 0.00021922085739119906, 0.0001528214085630877, 0.00011559289533754765, 0.00010457751045861087, 0.00011143013874822276, 0.00010914355661108823, 0.0001051279026232655, 0.00010447275694936578, 0.00010342804779635306, 0.00010435433434093585, 0.00010464823797965938, 0.0001066957754707076, 0.00010328615779172554, 0.00010422926631410179, 0.00010447424401791914, 0.0001029510119777353, 0.00010406263318395023, 0.00010444709432501537, 0.00010660099727061875, 0.00010886771100874822, 0.00010274950289049944, 0.00010587209645246931, 0.00010367102810541603, 0.0001048909801544062, 0.00010369961859103836, 0.00010723819326098895, 0.00010390406788659714, 0.00010604195104306, 0.00010351163068884482, 0.00010597801375174029, 0.00010416791408307774, 0.00010368304993811989, 0.000103592418046485, 0.00010980690780114399, 0.00010464217840568128, 0.00010701746660305682, 0.00010504953908972913, 0.00010292034333966079, 0.00010596007800601556, 0.00010418797211029185, 0.00010537142436945057, 0.00010554332412117202, 0.00010822095632631472, 0.00010444953637800033, 0.00010413016371271207, 0.00010381260351931164, 0.00010646563620392631, 0.0001049682588350049, 0.00010490933274400381, 0.00010370132836057276, 0.00010454680446902934, 0.0001055834411138495, 0.00010400577617682432, 0.00010431976880572689, 0.00010416058941744716, 0.0001032711508632948, 0.0001040782951995282, 0.00010511163894442831, 0.00010313440467829943, 0.00010360871150886746, 0.00010475505913664887, 0.00010394731365994654, 0.0001043084164403216], "tot_time": 100.03409838676453, "tot_iterations": 469, "rho": [0.0001, 6.666666666666667e-05, 0.0001, 0.00015000000000000001, 0.00022500000000000002, 0.0003375, 0.00050625, 0.000759375, 0.0011390624999999999, 0.0017085937499999998, 0.0025628906249999996, 0.0038443359374999994, 0.00576650390625, 0.00576650390625, 0.008649755859375, 0.008649755859375, 0.0129746337890625, 0.008649755859375, 0.0129746337890625, 0.008649755859375, 0.008649755859375, 0.0129746337890625, 0.008649755859375, 0.00576650390625, 0.0038443359374999994, 0.0025628906249999996, 0.0017085937499999996, 0.0011390624999999997, 0.0011390624999999997, 0.0007593749999999997, 0.0011390624999999997, 0.0007593749999999997, 0.0011390624999999997, 0.0007593749999999997, 0.0005062499999999998, 0.0003374999999999998, 0.00022499999999999986, 0.00022499999999999986, 0.0001499999999999999, 0.0001499999999999999, 0.0001499999999999999, 9.999999999999994e-05, 9.999999999999994e-05, 9.999999999999994e-05, 6.666666666666662e-05, 6.666666666666662e-05, 4.4444444444444406e-05, 6.666666666666662e-05, 4.4444444444444406e-05, 4.4444444444444406e-05, 2.9629629629629603e-05, 4.4444444444444406e-05, 2.9629629629629603e-05, 4.4444444444444406e-05, 2.9629629629629603e-05, 1.9753086419753066e-05, 1.3168724279835376e-05, 1.3168724279835376e-05, 8.77914951989025e-06, 5.8527663465935e-06, 8.779149519890249e-06, 1.3168724279835373e-05, 1.975308641975306e-05, 1.975308641975306e-05, 1.3168724279835373e-05, 8.779149519890249e-06, 5.852766346593499e-06, 3.901844231062332e-06, 5.852766346593498e-06, 8.779149519890247e-06, 8.779149519890247e-06, 5.852766346593498e-06, 3.901844231062332e-06, 2.601229487374888e-06, 3.901844231062332e-06, 2.601229487374888e-06, 1.7341529915832585e-06, 1.156101994388839e-06, 1.7341529915832585e-06, 1.7341529915832585e-06, 1.7341529915832585e-06, 1.156101994388839e-06, 1.7341529915832585e-06, 2.601229487374888e-06, 1.7341529915832585e-06, 1.156101994388839e-06, 1.7341529915832585e-06, 1.7341529915832585e-06, 1.7341529915832585e-06, 1.156101994388839e-06, 1e-06, 1.5e-06, 1.5e-06, 1.5e-06, 1e-06, 1e-06, 1e-06, 1e-06, 1e-06, 1.5e-06, 1.5e-06, 1.5e-06, 1e-06, 1e-06, 1.5e-06, 1.5e-06, 1e-06, 1e-06, 1e-06, 1.5e-06, 1.5e-06, 1.5e-06, 1.5e-06, 1e-06, 1e-06, 1e-06, 1e-06, 1e-06, 1.5e-06, 2.25e-06, 1.5e-06, 2.25e-06, 3.375e-06, 2.2499999999999996e-06, 2.2499999999999996e-06, 1.4999999999999996e-06, 2.2499999999999996e-06, 3.3749999999999995e-06, 3.3749999999999995e-06, 3.3749999999999995e-06, 5.062499999999999e-06, 7.593749999999999e-06, 5.062499999999999e-06, 3.3749999999999995e-06, 2.2499999999999996e-06, 1.4999999999999996e-06, 1.4999999999999996e-06, 2.2499999999999996e-06, 2.2499999999999996e-06, 1.4999999999999996e-06, 2.2499999999999996e-06, 3.3749999999999995e-06, 2.2499999999999996e-06, 2.2499999999999996e-06, 3.3749999999999995e-06, 5.062499999999999e-06, 3.3749999999999995e-06, 2.2499999999999996e-06, 3.3749999999999995e-06, 5.062499999999999e-06, 3.3749999999999995e-06, 2.2499999999999996e-06, 3.3749999999999995e-06, 3.3749999999999995e-06, 2.2499999999999996e-06, 1.4999999999999996e-06, 2.2499999999999996e-06, 2.2499999999999996e-06, 1.4999999999999996e-06, 1.4999999999999996e-06, 2.2499999999999996e-06, 2.2499999999999996e-06, 1.4999999999999996e-06, 1e-06, 1.5e-06, 2.25e-06, 2.25e-06, 3.375e-06, 5.062499999999999e-06, 3.3749999999999995e-06, 2.2499999999999996e-06, 1.4999999999999996e-06, 2.2499999999999996e-06, 1.4999999999999996e-06, 1e-06, 1e-06, 1e-06, 1e-06, 1.5e-06, 2.25e-06, 1.5e-06, 1e-06, 1e-06, 1.5e-06, 1e-06, 1.5e-06, 1e-06, 1e-06, 1e-06, 1e-06, 1e-06, 1.5e-06, 1e-06, 1e-06, 1e-06, 1.5e-06, 1e-06, 1.5e-06, 1.5e-06, 2.25e-06, 3.375e-06, 2.2499999999999996e-06, 3.3749999999999995e-06, 5.062499999999999e-06, 3.3749999999999995e-06, 5.062499999999999e-06, 7.593749999999999e-06, 1.1390624999999999e-05, 7.593749999999999e-06, 5.062499999999999e-06, 5.062499999999999e-06, 5.062499999999999e-06, 3.3749999999999995e-06, 2.2499999999999996e-06, 2.2499999999999996e-06, 1.4999999999999996e-06, 2.2499999999999996e-06, 3.3749999999999995e-06, 3.3749999999999995e-06, 3.3749999999999995e-06, 2.2499999999999996e-06, 2.2499999999999996e-06, 1.4999999999999996e-06, 2.2499999999999996e-06, 3.3749999999999995e-06, 5.062499999999999e-06, 3.3749999999999995e-06, 2.2499999999999996e-06, 1.4999999999999996e-06, 1e-06, 1e-06, 1e-06, 1e-06, 1e-06, 1e-06, 1.5e-06, 1e-06, 1e-06, 1.5e-06, 1e-06, 1e-06, 1e-06, 1e-06, 1e-06, 1e-06, 1e-06, 1e-06, 1e-06, 1e-06, 1e-06, 1e-06, 1.5e-06, 1e-06, 1.5e-06, 2.25e-06, 3.375e-06, 2.2499999999999996e-06, 1.4999999999999996e-06, 2.2499999999999996e-06, 3.3749999999999995e-06, 5.062499999999999e-06, 3.3749999999999995e-06, 2.2499999999999996e-06, 1.4999999999999996e-06, 1e-06, 1e-06, 1e-06, 1e-06, 1e-06, 1.5e-06, 1e-06, 1e-06, 1e-06, 