{"avg_loss": [0.28087889889431705, 0.01362095531793859, 0.015307732175771409, 0.012686522037679176, 0.012805962013551105, 0.011270673334672606, 0.0117764890833644, 0.011092165047316558, 0.011746774933769012, 0.012086883465690678, 0.011362950096147417, 0.011200250576400988, 0.011384746395001939, 0.011134656895500628, 0.010999385090735314, 0.011263295635182784, 0.011330406661017532, 0.01049551660887496, 0.010894415077217801, 0.01086261866951629, 0.011827963670937865, 0.010959459915115141, 0.012196910493340764, 0.010396942213768644, 0.010663724507693104, 0.010908784387877783, 0.01004720813725127, 0.010438325488969984, 0.010630464757263192, 0.01253088475201357, 0.010391292912045314, 0.010956234206542107, 0.011117620436226537, 0.01063197263099845, 0.010501054359743803, 0.01025434649930166, 0.010624522089194788, 0.010734589105621568, 0.010580590425771502, 0.010129752577148978, 0.009697703861316092, 0.010348344307615175], "test_loss": [0.015243044042981553, 0.013440380213015687, 0.010548527833454386, 0.014783087963201718, 0.01224576282195685, 0.010426467230390247, 0.012123301778743354, 0.011397785295410426, 0.011195388072674284, 0.011337314095855087, 0.010781741792705326, 0.011334551261394994, 0.00976141552591565, 0.00940503295696297, 0.01093145391359489, 0.010494900587862325, 0.009570431990702656, 0.010265831796806374, 0.01059563864815611, 0.010547060296260157, 0.012513233388527084, 0.01241331372004356, 0.009297573613645482, 0.009417616513623397, 0.0088737489354082, 0.00895479187711272, 0.010493133035914842, 0.01033489646347975, 0.012065077313808405, 0.010325287034898439, 0.009099440050637002, 0.009855003256357532, 0.008834602310008379, 0.010212139861675103, 0.009777006051884583, 0.00959825403236365, 0.011650545728078178, 0.010335209274684188, 0.011778477676718177, 0.009866032229282807, 0.01003679377316583, 0.00951289296598522], "tot_time": 10.057908058166504, "tot_iterations": 168, "rho": [0.0001, 6.666666666666667e-05, 0.0001, 0.00015000000000000001, 0.0001, 0.00015000000000000001, 0.00022500000000000002, 0.0003375, 0.00050625, 0.000759375, 0.00050625, 0.00050625, 0.00050625, 0.00033749999999999996, 0.00022499999999999997, 0.00014999999999999996, 0.00014999999999999996, 9.999999999999996e-05, 9.999999999999996e-05, 6.666666666666664e-05, 4.4444444444444426e-05, 2.9629629629629616e-05, 2.9629629629629616e-05, 1.9753086419753076e-05, 2.9629629629629613e-05, 2.9629629629629613e-05, 1.9753086419753073e-05, 2.962962962962961e-05, 1.9753086419753073e-05, 1.3168724279835381e-05, 1.9753086419753073e-05, 2.962962962962961e-05, 1.9753086419753073e-05, 1.3168724279835381e-05, 1.3168724279835381e-05, 1.3168724279835381e-05, 8.779149519890254e-06, 5.852766346593502e-06, 5.852766346593502e-06, 8.779149519890254e-06, 5.852766346593502e-06, 3.9018442310623345e-06, 5.852766346593501e-06, 3.901844231062334e-06, 5.8527663465935005e-06, 3.901844231062334e-06, 3.901844231062334e-06, 5.8527663465935005e-06, 5.8527663465935005e-06, 3.901844231062334e-06, 2.601229487374889e-06, 1.7341529915832592e-06, 1.1561019943888394e-06, 1e-06, 1.5e-06, 1.5e-06, 2.25e-06, 1.5e-06, 1e-06, 1e-06, 1e-06, 1e-06, 1e-06, 1e-06, 1e-06, 1e-06, 1e-06, 1e-06, 1.5e-06, 1e-06, 1e-06, 1e-06, 1e-06, 1.5e-06, 1e-06, 1e-06, 1.5e-06, 1e-06, 1e-06, 1e-06, 1e-06, 1.5e-06, 1.5e-06, 1e-06, 1e-06, 1e-06, 1e-06, 1e-06, 1.5e-06, 1e-06, 1.5e-06, 1e-06, 1e-06, 1e-06, 1e-06, 1e-06, 1e-06, 1e-06, 1e-06, 1.5e-06, 1e-06, 1e-06, 1e-06, 1e-06, 1e-06, 1e-06, 1e-06, 1e-06, 1e-06, 1e-06, 1e-06, 1e-06, 1.5e-06, 1e-06, 1e-06, 1e-06, 1.5e-06, 1.5e-06, 2.25e-06, 1.5e-06, 1e-06, 1e-06, 1e-06, 1e-06, 1e-06, 1e-06, 1e-06, 1e-06, 1e-06, 1e-06, 1e-06, 1e-06, 1e-06, 1e-06, 1.5e-06, 1.5e-06, 1e-06, 1.5e-06, 1.5e-06, 2.25e-06, 3.375e-06, 2.2499999999999996e-06, 1.4999999999999996e-06, 1.4999999999999996e-06, 1.4999999999999996e-06, 1.4999999999999996e-06, 1e-06, 1e-06, 1.5e-06, 1e-06, 1e-06, 1e-06, 1e-06, 1.5e-06, 2.25e-06, 3.375e-06, 5.062499999999999e-06, 3.3749999999999995e-06, 5.062499999999999e-06, 3.3749999999999995e-06, 5.062499999999999e-06, 7.593749999999999e-06, 5.062499999999999e-06, 7.593749999999999e-06, 5.062499999999999e-06, 3.3749999999999995e-06, 2.2499999999999996e-06, 3.3749999999999995e-06], "alpha": [1.0, 0.5, 0.125, 1.0, 0.25, 0.25, 0.25, 0.5, 1.0, 1.0, 1.0, 1.0, 1.0, 1.0, 1.0, 1.0, 1.0, 1.0, 1.0, 1.0, 1.0, 1.0, 1.0, 0.5, 1.0, 1.0, 0.5, 1.0, 1.0, 0.5, 0.25, 1.0, 1.0, 1.0, 1.0, 1.0, 1.0, 1.0, 1.0, 1.0, 1.0, 0.25, 1.0, 1.0, 1.0, 1.0, 0.5, 1.0, 1.0, 1.0, 1.0, 1.0, 1.0, 0.5, 1.0, 0.5, 1.0, 1.0, 1.0, 1.0, 1.0, 1.0, 1.0, 1.0, 1.0, 1.0, 1.0, 0.25, 1.0, 1.0, 1.0, 1.0, 0.5, 1.0, 1.0, 0.5, 1.0, 1.0, 1.0, 1.0, 0.5, 1.0, 1.0, 1.0, 1.0, 1.0, 1.0, 0.5, 1.0, 1.0, 1.0, 1.0, 1.0, 1.0, 1.0, 1.0, 1.0, 1.0, 0.5, 1.0, 1.0, 1.0, 1.0, 1.0, 1.0, 1.0, 1.0, 1.0, 1.0, 1.0, 1.0, 0.5, 1.0, 1.0, 1.0, 0.5, 1.0, 0.5, 1.0, 1.0, 1.0, 1.0, 1.0, 1.0, 1.0, 1.0, 1.0, 1.0, 1.0, 1.0, 1.0, 1.0, 1.0, 0.5, 1.0, 1.0, 0.5, 1.0, 0.5, 1.0, 1.0, 1.0, 1.0, 1.0, 1.0, 1.0, 1.0, 1.0, 1.0, 1.0, 1.0, 1.0, 1.0, 0.5, 0.5, 0.5, 1.0, 0.5, 1.0, 0.5, 0.5, 1.0, 0.5, 1.0, 1.0, 1.0, 0.5, 1.0]}