{"avg_loss": [0.8122069733954175, 0.04696273977288967, 0.02733468687150311, 0.020847245186737796, 0.017682444772149922, 0.012622034525328413, 0.011556268925172041, 0.011219394958777754, 0.01080815918301897, 0.009915697134599836, 0.009856537025922135, 0.009841508857221355, 0.009826790102875562, 0.009813578186145188, 0.00980062002902301, 0.00978851778132839, 0.009776687070281792, 0.009765413228585536, 0.009754400944022424, 0.009743777842314626, 0.009733397723499085, 0.009723291056204866, 0.009713408741505784, 0.009703709629423424, 0.009694218230859366, 0.009684831905829153, 0.009675638858564333, 0.009666477869843149, 0.009657497324115135, 0.009648481836524298, 0.009639635538800925, 0.009630707762899468, 0.00962193943652427, 0.009613089466631659, 0.009604390208644616, 0.009595662192870044, 0.00958707533912578, 0.009578525327995411, 0.009570105498919158, 0.009561757048581324, 0.009553527990928817, 0.009545371480230437, 0.009537324961157717, 0.009529335949608765, 0.009521449089275288, 0.00951360125473054, 0.009505848917136931, 0.009498119725801425, 0.009490480212806858, 0.009482852807554154, 0.009475309852354669, 0.009467773031529875, 0.009460315851450369, 0.009452862904490182, 0.009445485065233319, 0.009438111980687605, 0.00943080974045017, 0.00942351362145538, 0.009416284285847322, 0.009409062259881527, 0.009401903172848733, 0.009394752026848762, 0.009387660181945798, 0.009380576438395634, 0.009373548576621022, 0.009366528803398699, 0.009359561676841351, 0.009352602734240718, 0.009345693397403003, 0.00933879263600566, 0.00933193862679929, 0.009325093976500253, 0.009318293407694666, 0.009311503386819244, 0.009304754975977022, 0.009298018699565952, 0.009291321770519062, 0.00928463894707, 0.009277993438837792, 0.00927136440807634, 0.009264770903423585, 0.009258196680995544, 0.00925165648911689, 0.009245138882324876, 0.009238654143138502, 0.009232195896811618, 0.00922576974870504, 0.009219374761579417, 0.009213011565301622, 0.009206685172930357, 0.009200390832249689, 0.009194140202025297, 0.009187922561994495, 0.009181757151401463, 0.009175626487893652, 0.009169558513299743, 0.009163527989784538, 0.009157572639095782, 0.00915165846417168, 0.009145833352712731, 0.009140054059289748, 0.009134377180459135, 0.009128751255874302, 0.009123236897667456, 0.009117776629923148], "test_loss": [0.05103342640362845, 0.03313028481302363, 0.024531864109406023, 0.01968961975681568, 0.013328513894879377, 0.0116067694595922, 0.011036802962812634, 0.010539794999420647, 0.009990028010989515, 0.010095354713510259, 0.009864555200311957, 0.010063601474922565, 0.00984091701419312, 0.010033009112864354, 0.009818938256045568, 0.010007066265535559, 0.009799180011633898, 0.00998386440065724, 0.009781129524338126, 0.009962635921974368, 0.009764248987443519, 0.009942923865192558, 0.009748140217763811, 0.009924389662872884, 0.00973251476040836, 0.009906755690594635, 0.00971716273781446, 0.009889793853401524, 0.009701969091707141, 0.009873317645836469, 0.009686988893961744, 0.009857188879932834, 0.00967250491901665, 0.009841344417808663, 0.009658865496394399, 0.009825842687541098, 0.009646141081656593, 0.009810817942876823, 0.009634087503600302, 0.009796350528177492, 0.00962242230722082, 0.009782427143768873, 0.0096109770442419, 0.009768982160942713, 0.009599679613343175, 0.009755939492696718, 0.009588514147332007, 0.009743233551976194, 0.009577491352773214, 0.009730816562842347, 0.009566630106329554, 0.009718658338399315, 0.009555945478157399, 0.009706741661995649, 0.009545445597859276, 0.009695056738602005, 0.009535127473496491, 0.009683595988566062, 0.009524983690617946, 0.009672350920977792, 0.00951500487913397, 0.009661311385570201, 0.009505184218851633, 0.0096504661261758, 0.009495517109502383, 0.009639803213782588, 0.00948600337690435, 0.009629311371812005, 0.009476645428586878, 0.009618980112081383, 0.009467447931845228, 0.00960879954238547, 0.009458418142266023, 0.009598760701967466, 0.009449565225371897, 0.00958885475350919, 0.009440900982354053, 0.009579073050840724, 0.009432439861961857, 0.009569406564267368, 0.009424201055906066, 0.009559845619171834, 0.009416208198008754, 0.0095503791029901, 0.009408491705398704, 0.009540993549380579, 0.009401090401645702, 0.009531672006131075, 0.009394055147107836, 0.009522392344708414, 0.009387450749522056, 0.009513125407546901, 0.009381359721907115, 0.009503833834841394, 0.009375881021049417, 0.00949447318734058, 0.0093711209238614, 0.00948499955396231, 0.009367163404486884, 0.009475389944880478, 0.009364005952693424, 0.009465679200108719, 0.00936086983762895, 0.009456008043460163, 0.009359681561001332], "tot_time": 10.113489866256714, "tot_iterations": 105, "rho": [0.0001, 6.666666666666667e-05, 0.0001, 0.00015000000000000001, 0.00015000000000000001, 0.00022500000000000002, 0.0003375, 0.00050625, 0.000759375, 0.00050625, 0.00033749999999999996, 0.00022499999999999997, 0.00014999999999999996, 9.999999999999996e-05, 6.666666666666664e-05, 4.4444444444444426e-05, 2.9629629629629616e-05, 1.9753086419753076e-05, 1.3168724279835383e-05, 8.779149519890255e-06, 5.852766346593503e-06, 3.901844231062335e-06, 2.60122948737489e-06, 1.73415299158326e-06, 1.1561019943888399e-06, 1e-06, 1e-06, 1e-06, 1e-06, 1e-06, 1e-06, 1e-06, 1e-06, 1e-06, 1e-06, 1e-06, 1e-06, 1e-06, 1e-06, 1e-06, 1e-06, 1e-06, 1e-06, 1e-06, 1e-06, 1e-06, 1e-06, 1e-06, 1e-06, 1e-06, 1e-06, 1e-06, 1e-06, 1e-06, 1e-06, 1e-06, 1e-06, 1e-06, 1e-06, 1e-06, 1e-06, 1e-06, 1e-06, 1e-06, 1e-06, 1e-06, 1e-06, 1e-06, 1e-06, 1e-06, 1e-06, 1e-06, 1e-06, 1e-06, 1e-06, 1e-06, 1e-06, 1e-06, 1e-06, 1e-06, 1e-06, 1e-06, 1e-06, 1e-06, 1e-06, 1e-06, 1e-06, 1e-06, 1e-06, 1e-06, 1e-06, 1e-06, 1e-06, 1e-06, 1e-06, 1e-06, 1e-06, 1e-06, 1e-06, 1e-06, 1e-06, 1e-06, 1e-06, 1e-06, 1e-06], "alpha": [1.0, 0.5, 0.25, 1.0, 0.25, 0.25, 0.25, 0.5, 1.0, 1.0, 1.0, 1.0, 1.0, 1.0, 1.0, 1.0, 1.0, 1.0, 1.0, 1.0, 1.0, 1.0, 1.0, 1.0, 1.0, 1.0, 1.0, 1.0, 1.0, 1.0, 1.0, 1.0, 1.0, 1.0, 1.0, 1.0, 1.0, 1.0, 1.0, 1.0, 1.0, 1.0, 1.0, 1.0, 1.0, 1.0, 1.0, 1.0, 1.0, 1.0, 1.0, 1.0, 1.0, 1.0, 1.0, 1.0, 1.0, 1.0, 1.0, 1.0, 1.0, 1.0, 1.0, 1.0, 1.0, 1.0, 1.0, 1.0, 1.0, 1.0, 1.0, 1.0, 1.0, 1.0, 1.0, 1.0, 1.0, 1.0, 1.0, 1.0, 1.0, 1.0, 1.0, 1.0, 1.0, 1.0, 1.0, 1.0, 1.0, 1.0, 1.0, 1.0, 1.0, 1.0, 1.0, 1.0, 1.0, 1.0, 1.0, 1.0, 1.0, 1.0, 1.0, 1.0, 1.0]}