{"avg_loss": [2.2982087003663896, 2.248631943242931, 2.208891214906222, 2.1719289881151087, 2.132209468569281, 2.0876051560931095, 2.0361673809883762, 1.976680721447268, 1.90791788115134, 1.8287842269207055, 1.7386203945877312, 1.6373569857443029, 1.5259474107820876, 1.4074309570428585, 1.2879128282642107, 1.1761245202626986, 1.07979456886099, 1.0015000476987883, 0.939421107147021, 0.8906018910478973, 0.8524488515597877, 0.8223530506004345, 0.7981447421338878, 0.778271085001961, 0.7614249616206916, 0.7471359837131467, 0.7347135060047185, 0.7236618161186752, 0.7137576147488267, 0.7047727494467834, 0.6966282507905074, 0.6892382095321505, 0.6823141724190409, 0.6757654605908497, 0.669697701203664, 0.6640441294469355, 0.6586094490194415, 0.6533611817451687, 0.6484669230451549, 0.6438243926361963, 0.6392405380214774, 0.6348880071375681, 0.6306366640686611, 0.6266118004286911, 0.6226761376849695, 0.6189798065612488, 0.6152541051698361, 0.6117951623773668, 0.6082707716698087, 0.6048908146558091, 0.6017414415356136, 0.5984845284235811, 0.5953686225448795, 0.592455445708925, 0.5894335441408923, 0.5866035291738618, 0.5838879234096439, 0.5811415034698689, 0.5784638141621846, 0.5757316294776204, 0.5731911209232429, 0.5707751529613252, 0.5682060978993001, 0.5657371507872244, 0.5633920566925091, 0.5610438744522278, 0.5589275976349863, 0.5565883271814307, 0.5542905035500955, 0.5521062099979825, 0.5499047279145947, 0.5479030038007617, 0.545867312525471, 0.5436633149578983, 0.5418343356412656, 0.5397131331640602, 0.5377104764979447, 0.5358791607072753, 0.5340409688941496, 0.5321407338075246, 0.5303115829206966, 0.5285620562117275, 0.5267592683110839, 0.5250296410984848, 0.5234491145265595, 0.5217246612796743, 0.5201125070787949, 0.5184808103077169, 0.5168239822202004, 0.5152913295089978, 0.5137821482543721, 0.5122528323595793, 0.5107746030158189, 0.5093229911874874, 0.5078785246046649, 0.5063477434524286, 0.5049568659325417, 0.5035951220399862, 0.5021051653634515, 0.5008019182341497], "acc": [0.09075000000000003, 0.12366666666666666, 0.18756666666666658, 0.24883333333333335, 0.3015, 0.35109999999999986, 0.3865166666666665, 0.4125, 0.4345166666666667, 0.4512333333333335, 0.4658999999999999, 0.48108333333333336, 0.5083999999999999, 0.5603833333333333, 0.6179333333333333, 0.6507833333333333, 0.6693833333333334, 0.6846666666666666, 0.6966833333333333, 0.7070333333333336, 0.7132499999999999, 0.7190499999999999, 0.7237833333333332, 0.7284333333333333, 0.732, 0.7342333333333333, 0.7377666666666662, 0.7395999999999999, 0.7415499999999999, 0.74385, 0.7461999999999999, 0.7480833333333333, 0.7496833333333333, 0.7510000000000002, 0.7535500000000002, 0.7553833333333336, 0.7571333333333337, 0.7589666666666666, 0.7607166666666669, 0.7620833333333334, 0.7637333333333335, 0.7650666666666666, 0.7666666666666669, 0.7683166666666669, 0.7699833333333336, 0.7709333333333335, 0.7724833333333336, 0.7734666666666666, 0.7747666666666665, 0.7760166666666669, 0.7773166666666665, 0.77845, 0.7797833333333334, 0.7808833333333334, 0.7824166666666666, 0.7832833333333333, 0.7849666666666667, 0.7861666666666667, 0.7871666666666666, 0.7883166666666664, 0.7898333333333336, 0.790283333333333, 0.7918000000000001, 0.79295, 0.7942500000000001, 0.7951833333333334, 0.79655, 0.7971666666666661, 0.7985166666666667, 0.7993166666666666, 0.8004833333333333, 0.8009499999999998, 0.8011666666666664, 0.8023499999999998, 0.8030499999999996, 0.8042999999999999, 0.8050166666666666, 0.8056166666666668, 0.8063999999999999, 0.8072833333333332, 0.8079666666666666, 0.8089499999999998, 0.8093, 0.8101666666666667, 0.8110833333333337, 0.8113833333333332, 0.8120499999999999, 0.8131166666666664, 0.8140333333333332, 0.8143499999999999, 0.8148333333333334, 0.8154, 0.8159333333333332, 0.8165333333333338, 0.8173, 0.8177333333333334, 0.8188666666666665, 0.8184166666666669, 0.8196333333333334, 0.8200666666666669], "test_acc": [0.1032, 0.1479, 0.216, 0.2727, 0.3235, 0.3649, 0.3934, 0.4165, 0.4342, 0.4509, 0.4663, 0.4875, 0.5298, 0.5865, 0.6303, 0.6535, 0.6703, 0.6823, 0.695, 0.7002, 0.7083, 0.7137, 0.7195, 0.7223, 0.7266, 0.7277, 0.7294, 0.7328, 0.7334, 0.7349, 0.7358, 0.7375, 0.7412, 0.7437, 0.7454, 0.7467, 0.7477, 0.7514, 0.7516, 0.7539, 0.7566, 0.7572, 0.7599, 0.7614, 0.7653, 0.7654, 0.7657, 0.7674, 0.767, 0.7697, 0.7703, 0.7725, 0.775, 0.7743, 0.7759, 0.7767, 0.7791, 0.7798, 0.7805, 0.7816, 0.7823, 0.7839, 0.7853, 0.7862, 0.7875, 0.7876, 0.7883, 0.7906, 0.7917, 0.7941, 0.7943, 0.7946, 0.7956, 0.796, 0.7968, 0.7965, 0.7977, 0.7974, 0.8003, 0.8007, 0.8013, 0.8, 0.8019, 0.8018, 0.8018, 0.8046, 0.806, 0.8066, 0.806, 0.8056, 0.8078, 0.8078, 0.8093, 0.8078, 0.8103, 0.8103, 0.8112, 0.8111, 0.8121, 0.8127], "tot_time": 327.06550097465515, "tot_iterations": 6000, "tot_epochs": 100}