{"avg_loss": [2.302697975183533, 2.301979265808524, 2.3009379257728035, 2.2985621275205204, 2.287850059654501, 2.1748783018966, 2.041869868410833, 1.9692569680609364, 1.905207110945061, 1.8653225896773793, 1.8226534155960668, 1.7806569914053523, 1.7543825210916963, 1.7220815989199716, 1.701054762303589, 1.6662152360123859, 1.6455679698536314, 1.6120467091687858, 1.5870794123217182, 1.576164662840086, 1.555430552476607, 1.5075674174068516, 1.4554116975133677, 1.4381644623944478, 1.4114409022631724, 1.3789313406746784, 1.3416440409278143, 1.3231725474213067, 1.297344277568126, 1.2775548540216901, 1.24562366918988, 1.2210054174364928, 1.2024986893413774, 1.1708713724846356, 1.1632250079587438, 1.133799028687254, 1.1113035999192804, 1.1069947254254362, 1.0765395661001782, 1.0520922449130312, 1.0492014636029772, 1.0155021468825902, 0.9941852819347531, 0.9882556685715633, 0.9774919769581522, 0.9427737110385589, 0.9246685781435221, 0.9251753244811978, 0.9026743249865632, 0.8919093029535532, 0.8744943228784524, 0.8617238658435368, 0.8532203502405628, 0.836451733590155, 0.8185084245517686, 0.808596577262652, 0.8112251987863854, 0.7774849654446995, 0.761658339361912, 0.7599007341163062, 0.7539781017795576, 0.7407281453009198, 0.7157255673728327, 0.7075002893086652, 0.7234050265598111, 0.6805384003383435, 0.6743192873853441, 0.6646637138406818, 0.6567013847802883, 0.6399827406342383, 0.6403086264472826, 0.6210754837310893, 0.6245041520651282, 0.6006010952444114, 0.5847965797442558, 0.6072873672822581, 0.5749917668370207, 0.5630696907898503, 0.568943682010255, 0.5505959632272471, 0.5431555872460365, 0.5347623568245404, 0.5151973056610817, 0.5135829351475241, 0.5280165881523605, 0.49889592011013506, 0.4778846111180235, 0.48091019477209135, 0.4621519650726417, 0.46887875937144274, 0.4499325326891763, 0.44615015244733713, 0.4353555248185015, 0.4375655042849624, 0.4302441529467748, 0.4190609437838368, 0.3976854028578172, 0.3709199951559318, 0.4211701632993466, 0.3861941486212727], "acc": [0.10000000000000003, 0.1, 0.1151, 0.19373999999999994, 0.19234, 0.20814000000000007, 0.26786000000000004, 0.3017200000000001, 0.3266599999999999, 0.34074, 0.3554400000000001, 0.3693599999999999, 0.3796600000000001, 0.38905999999999996, 0.39898000000000006, 0.40918000000000015, 0.41716000000000003, 0.4304800000000001, 0.4383200000000001, 0.44458000000000003, 0.45239999999999986, 0.4705999999999998, 0.4897999999999999, 0.49513999999999997, 0.5043599999999999, 0.51442, 0.5316199999999999, 0.5370800000000001, 0.54782, 0.55302, 0.56486, 0.5755399999999999, 0.5801000000000001, 0.5922399999999999, 0.5967, 0.60604, 0.6136399999999999, 0.6158000000000002, 0.6258800000000001, 0.6338399999999997, 0.6373800000000001, 0.6460199999999999, 0.65538, 0.65758, 0.6618999999999999, 0.6720599999999999, 0.67868, 0.6781599999999999, 0.6873400000000001, 0.6901200000000003, 0.6982599999999998, 0.7012400000000001, 0.70422, 0.7108199999999999, 0.7181799999999999, 0.7194199999999998, 0.7192400000000001, 0.7304800000000001, 0.7367000000000001, 0.7371200000000002, 0.7386400000000001, 0.7432599999999999, 0.7507, 0.7541400000000001, 0.7480600000000002, 0.76334, 0.7669400000000001, 0.7696599999999999, 0.7711399999999999, 0.7778, 0.77638, 0.7844600000000002, 0.7824000000000001, 0.7909200000000003, 0.7957, 0.7891999999999999, 0.7988599999999997, 0.80494, 0.79976, 0.80688, 0.8105199999999998, 0.8135199999999999, 0.8202600000000002, 0.8196400000000001, 0.8190599999999998, 0.8272200000000001, 0.8338600000000003, 0.8331000000000001, 0.8376199999999997, 0.8364600000000002, 0.8403000000000003, 0.8443799999999997, 0.8469199999999997, 0.8458999999999998, 0.8503999999999999, 0.8521999999999997, 0.8606999999999999, 0.8703200000000002, 0.8554599999999999, 0.8648199999999997], "test_acc": [0.1, 0.1012, 0.1607, 0.2061, 0.1946, 0.2231, 0.2866, 0.2957, 0.3447, 0.352, 0.3328, 0.3822, 0.3919, 0.3738, 0.3949, 0.4048, 0.4109, 0.4468, 0.4368, 0.4427, 0.4579, 0.4884, 0.4934, 0.4956, 0.5076, 0.5343, 0.5328, 0.5261, 0.5085, 0.4964, 0.5449, 0.5659, 0.5671, 0.5655, 0.5567, 0.5848, 0.5533, 0.5401, 0.602, 0.6128, 0.6062, 0.608, 0.6099, 0.591, 0.6363, 0.6191, 0.5838, 0.6118, 0.6385, 0.5969, 0.6373, 0.623, 0.6261, 0.659, 0.6315, 0.6405, 0.6484, 0.6479, 0.6651, 0.6604, 0.6553, 0.6533, 0.6595, 0.6444, 0.6637, 0.6679, 0.6329, 0.6519, 0.6673, 0.673, 0.6766, 0.6745, 0.6671, 0.6619, 0.6521, 0.6754, 0.6792, 0.6649, 0.6699, 0.6608, 0.646, 0.6503, 0.6578, 0.6818, 0.678, 0.6645, 0.6506, 0.6623, 0.6517, 0.6464, 0.6568, 0.646, 0.6237, 0.6691, 0.6706, 0.6464, 0.6701, 0.6649, 0.6714, 0.6637], "tot_time": 1416.1358480453491, "tot_iterations": 5000, "tot_epochs": 100}