{"avg_loss": [0.3520520155038007, 0.09242365783152429, 0.026308367553524597, 0.012327036785023534, 0.011446080078639193, 0.011216113974876485, 0.01139115413203981, 0.011108599442615483, 0.011142529581030909, 0.011172260959371155, 0.010918681902900094, 0.011209515157942657, 0.01103541675525663, 0.011484507101180354, 0.010934879009839657, 0.010877534997740407, 0.011242548364622549, 0.011593530793731065, 0.010930099267945824, 0.010865636793509879, 0.011314071326569097, 0.011086283071527831, 0.011172181437603703, 0.010878809699846417, 0.011405647477959566, 0.01089892835015659, 0.010659560882935567, 0.01121985340280706, 0.01118243944300053, 0.01180566876751978, 0.010807485244006279, 0.010867582990525423, 0.010822524824911351, 0.01078205140654346, 0.01070362548029318, 0.011073334261874759, 0.010970402871950486, 0.011244801445717028, 0.011342976708928487, 0.01102430480521808, 0.010799867680546197, 0.01121785177001626, 0.011090678847531146, 0.010604494467015958, 0.010865604614346672, 0.011006040344231666, 0.01103725572538613, 0.010888039592782735, 0.010844245516283803, 0.011317643966742643, 0.011708139185561987, 0.011053898929686454, 0.011010976975484726], "test_loss": [0.11453461002277755, 0.03905144671248684, 0.011712235391340179, 0.010922471623525103, 0.010287552642616708, 0.010569224989112013, 0.010570331631749407, 0.011023025419709946, 0.01044195855259112, 0.01093935826059449, 0.01041266657901053, 0.011712325367021314, 0.012933204749169726, 0.011247448208102077, 0.010771037816453532, 0.010771879778015782, 0.011253776778630206, 0.010620193192070365, 0.010496901490336672, 0.010277407894901655, 0.011763925221366087, 0.010145633873551113, 0.011390485142224474, 0.010912103163609237, 0.010187286921117531, 0.011280974717220338, 0.010739401897979409, 0.010705765905401737, 0.011642647373603486, 0.010443491359167095, 0.010426038795195425, 0.01022831781846397, 0.010368293738745867, 0.010213121222721595, 0.010588419946682796, 0.010201545473127452, 0.010473722334669927, 0.010968791762558206, 0.011236325094255666, 0.01040346932880974, 0.010911267495615223, 0.01016094165956155, 0.009862711563686547, 0.010159411694110436, 0.010017279653643811, 0.011009581792123824, 0.010459548223105597, 0.010447825515145507, 0.010538129840730952, 0.010426028352996218, 0.01039973823533449, 0.010610839470082345, 0.0099905394407297], "tot_time": 10.10647201538086, "tot_iterations": 212, "rho": [0.0001, 0.0001, 0.00015000000000000001, 0.00022500000000000002, 0.0003375, 0.00050625, 0.000759375, 0.0011390624999999999, 0.0011390624999999999, 0.0017085937499999998, 0.0011390624999999999, 0.0007593749999999999, 0.0005062499999999999, 0.0003374999999999999, 0.00022499999999999994, 0.00014999999999999996, 9.999999999999996e-05, 6.666666666666664e-05, 4.4444444444444426e-05, 2.9629629629629616e-05, 1.9753086419753076e-05, 1.3168724279835383e-05, 8.779149519890255e-06, 5.852766346593503e-06, 3.901844231062335e-06, 2.60122948737489e-06, 1.73415299158326e-06, 1.1561019943888399e-06, 1e-06, 1e-06, 1e-06, 1e-06, 1e-06, 1e-06, 1e-06, 1e-06, 1e-06, 1e-06, 1e-06, 1e-06, 1e-06, 1e-06, 1e-06, 1e-06, 1e-06, 1e-06, 1e-06, 1e-06, 1e-06, 1e-06, 1e-06, 1e-06, 1e-06, 1e-06, 1e-06, 1e-06, 1e-06, 1e-06, 1e-06, 1e-06, 1e-06, 1e-06, 1e-06, 1e-06, 1e-06, 1e-06, 1e-06, 1e-06, 1e-06, 1e-06, 1e-06, 1e-06, 1e-06, 1e-06, 1e-06, 1e-06, 1e-06, 1e-06, 1e-06, 1e-06, 1e-06, 1e-06, 1e-06, 1e-06, 1e-06, 1e-06, 1e-06, 1e-06, 1e-06, 1e-06, 1e-06, 1e-06, 1e-06, 1e-06, 1e-06, 1e-06, 1e-06, 1e-06, 1e-06, 1e-06, 1e-06, 1e-06, 1e-06, 1e-06, 1e-06, 1e-06, 1e-06, 1e-06, 1e-06, 1e-06, 1e-06, 1e-06, 1e-06, 1e-06, 1e-06, 1e-06, 1e-06, 1e-06, 1e-06, 1e-06, 1e-06, 1e-06, 1e-06, 1e-06, 1e-06, 1e-06, 1e-06, 1e-06, 1e-06, 1e-06, 1e-06, 1e-06, 1e-06, 1e-06, 1e-06, 1e-06, 1e-06, 1e-06, 1e-06, 1e-06, 1e-06, 1e-06, 1e-06, 1e-06, 1e-06, 1e-06, 1e-06, 1e-06, 1e-06, 1e-06, 1e-06, 1e-06, 1e-06, 1e-06, 1e-06, 1e-06, 1e-06, 1e-06, 1e-06, 1e-06, 1e-06, 1e-06, 1e-06, 1e-06, 1e-06, 1e-06, 1e-06, 1e-06, 1e-06, 1e-06, 1e-06, 1e-06, 1e-06, 1e-06, 1e-06, 1e-06, 1e-06, 1e-06, 1e-06, 1e-06, 1e-06, 1e-06, 1e-06, 1e-06, 1e-06, 1e-06, 1e-06, 1e-06, 1e-06, 1e-06, 1e-06, 1e-06, 1e-06, 1e-06, 1e-06, 1e-06, 1e-06, 1e-06, 1e-06, 1e-06, 1e-06, 1e-06, 1e-06, 1e-06, 1e-06, 1e-06, 1e-06, 1e-06, 1e-06, 1e-06, 1e-06, 1e-06], "alpha": [1.0, 0.5, 0.25, 0.125, 0.5, 0.125, 0.5, 1.0, 0.125, 1.0, 1.0, 1.0, 1.0, 1.0, 1.0, 1.0, 1.0, 1.0, 1.0, 1.0, 1.0, 1.0, 1.0, 1.0, 1.0, 1.0, 1.0, 1.0, 1.0, 1.0, 1.0, 1.0, 1.0, 1.0, 1.0, 1.0, 1.0, 1.0, 1.0, 1.0, 1.0, 1.0, 1.0, 1.0, 1.0, 1.0, 1.0, 1.0, 1.0, 1.0, 1.0, 1.0, 1.0, 1.0, 1.0, 1.0, 1.0, 1.0, 1.0, 1.0, 1.0, 1.0, 1.0, 1.0, 1.0, 1.0, 1.0, 1.0, 1.0, 1.0, 1.0, 1.0, 1.0, 1.0, 1.0, 1.0, 1.0, 1.0, 1.0, 1.0, 1.0, 1.0, 1.0, 1.0, 1.0, 1.0, 1.0, 1.0, 1.0, 1.0, 1.0, 1.0, 1.0, 1.0, 1.0, 1.0, 1.0, 1.0, 1.0, 1.0, 1.0, 1.0, 1.0, 1.0, 1.0, 1.0, 1.0, 1.0, 1.0, 1.0, 1.0, 1.0, 1.0, 1.0, 1.0, 1.0, 1.0, 1.0, 1.0, 1.0, 1.0, 1.0, 1.0, 1.0, 1.0, 1.0, 1.0, 1.0, 1.0, 1.0, 1.0, 1.0, 1.0, 1.0, 1.0, 1.0, 1.0, 1.0, 1.0, 1.0, 1.0, 1.0, 1.0, 1.0, 1.0, 1.0, 1.0, 1.0, 1.0, 1.0, 1.0, 1.0, 1.0, 1.0, 1.0, 1.0, 1.0, 1.0, 1.0, 1.0, 1.0, 1.0, 1.0, 1.0, 1.0, 1.0, 1.0, 1.0, 1.0, 1.0, 1.0, 1.0, 1.0, 1.0, 1.0, 1.0, 1.0, 1.0, 1.0, 1.0, 1.0, 1.0, 1.0, 1.0, 1.0, 1.0, 1.0, 1.0, 1.0, 1.0, 1.0, 1.0, 1.0, 1.0, 1.0, 1.0, 1.0, 1.0, 1.0, 1.0, 1.0, 1.0, 1.0, 1.0, 1.0, 1.0, 1.0, 1.0, 1.0, 1.0, 1.0, 1.0]}