{"avg_loss": [0.2953067481424915, 0.028126646251247823, 0.015265306593193294, 0.011323493035811786, 0.011132070331801336, 0.011502705420038412, 0.01125579359067359, 0.011242006667075677, 0.01122926942005456, 0.011159688110304725, 0.011238882127632953, 0.011215632308250791, 0.011639345390888211, 0.011496282866509513, 0.011361374794491048, 0.011221513270101426, 0.01122680750255838, 0.011025549234920568, 0.011366069143025145, 0.010877219727126413, 0.011217481789041415, 0.011061576940339404, 0.011666972664034816, 0.011438126570807079, 0.01121221319290497, 0.011416196375409441, 0.010992852204336571, 0.01115743754713269, 0.011189105042569824, 0.011042456202126698, 0.010762618313319209, 0.010968055067164332, 0.011128683164201264, 0.011058092647671363, 0.011200480903613728, 0.011080899099878251, 0.010972831079604587, 0.011061032409379013, 0.011323380837892536, 0.010862931772766928, 0.011047844909308942, 0.011005498587164278, 0.011045367433175038, 0.011244697559960739, 0.011225966528841343, 0.010949042281861136, 0.010952814316186279, 0.011049717180429566, 0.011228055740227097, 0.0111215397386533, 0.012109100058074338, 0.011045038424799428, 0.011210901075460914, 0.010657745047884686, 0.011484162111956167, 0.010926615736452648, 0.010845328283052978, 0.010897302167539228, 0.011169941615358885, 0.010671804122132731, 0.01078680162515375, 0.011557184934265156, 0.010972785598736955, 0.01109296375394604, 0.011336845885861712, 0.011444945156041997, 0.011000492710294534, 0.010859070874250847, 0.011111969207779583, 0.011342078208802665, 0.011013503346222064, 0.010673793632528057, 0.011054127331742752, 0.010777625856265474, 0.01065241014281689, 0.01099668636042166], "test_loss": [0.034089446310994, 0.018661418597108608, 0.011139690837166797, 0.011460919737077723, 0.010553070596397986, 0.01101241628979056, 0.010687885921604636, 0.010759029974286955, 0.01146019178555565, 0.010706913310223318, 0.010836657830380337, 0.01052908289739995, 0.010506111349203881, 0.010839434970768337, 0.010845609524525108, 0.010781181910136352, 0.010893104661129955, 0.01047591503943204, 0.011008489245930723, 0.010682104178190106, 0.010428859289198714, 0.01054738346156014, 0.011196153869957856, 0.010780119789323722, 0.010324854225516338, 0.010909518056978594, 0.010342901524648066, 0.012021749915540801, 0.011005066642256547, 0.011188674506082913, 0.01135460356882134, 0.010747370991702377, 0.010470820437937053, 0.010717559392444105, 0.010712308516905602, 0.010484974077536022, 0.011220110348109033, 0.011985829827150499, 0.011057994489576936, 0.010325306051602636, 0.010807890294654508, 0.010781665947501169, 0.011750313543053573, 0.010765230523114563, 0.010977238597111938, 0.010447004031640656, 0.01092536269101326, 0.011024529438368505, 0.01074129396226757, 0.010178734629889052, 0.010681003897545737, 0.010202789097418466, 0.010442944604466707, 0.01234275496587619, 0.010440393185227314, 0.010339443667265554, 0.011599139948788464, 0.01070113729364451, 0.010449361203856884, 0.010301643597884826, 0.01322239337906882, 0.010960098416387787, 0.011084678790108615, 0.01078916025486411, 0.010644875758502514, 0.010619340405771224, 0.010774811844767328, 0.011069152102147713, 0.010612812032805868, 0.011048894583363136, 0.01013436842252951, 0.01044095389410529, 0.010043086130441675, 0.010189256326829148, 0.010327319773049149, 0.010291107825663365], "tot_time": 10.116716146469116, "tot_iterations": 304, "rho": [0.0001, 0.0001, 0.00015000000000000001, 0.00022500000000000002, 0.0003375, 0.00050625, 0.000759375, 0.0011390624999999999, 0.0017085937499999998, 0.0025628906249999996, 0.0017085937499999996, 0.0011390624999999997, 0.0007593749999999997, 0.0005062499999999998, 0.0003374999999999998, 0.00022499999999999986, 0.0001499999999999999, 9.999999999999994e-05, 6.666666666666662e-05, 4.4444444444444406e-05, 2.9629629629629603e-05, 1.9753086419753066e-05, 1.3168724279835376e-05, 8.77914951989025e-06, 5.8527663465935e-06, 3.901844231062333e-06, 2.6012294873748884e-06, 1.734152991583259e-06, 1.1561019943888392e-06, 1e-06, 1e-06, 1e-06, 1e-06, 1e-06, 1e-06, 1e-06, 1e-06, 1e-06, 1e-06, 1e-06, 1e-06, 1e-06, 1e-06, 1e-06, 1e-06, 1e-06, 1e-06, 1e-06, 1e-06, 1e-06, 1e-06, 1e-06, 1e-06, 1e-06, 1e-06, 1e-06, 1e-06, 1e-06, 1e-06, 1e-06, 1e-06, 1e-06, 1e-06, 1e-06, 1e-06, 1e-06, 1e-06, 1e-06, 1e-06, 1e-06, 1e-06, 1e-06, 1e-06, 1e-06, 1e-06, 1e-06, 1e-06, 1e-06, 1e-06, 1e-06, 1e-06, 1e-06, 1e-06, 1e-06, 1e-06, 1e-06, 1e-06, 1e-06, 1e-06, 1e-06, 1e-06, 1e-06, 1e-06, 1e-06, 1e-06, 1e-06, 1e-06, 1e-06, 1e-06, 1e-06, 1e-06, 1e-06, 1e-06, 1e-06, 1e-06, 1e-06, 1e-06, 1e-06, 1e-06, 1e-06, 1e-06, 1e-06, 1e-06, 1e-06, 1e-06, 1e-06, 1e-06, 1e-06, 1e-06, 1e-06, 1e-06, 1e-06, 1e-06, 1e-06, 1e-06, 1e-06, 1e-06, 1e-06, 1e-06, 1e-06, 1e-06, 1e-06, 1e-06, 1e-06, 1e-06, 1e-06, 1e-06, 1e-06, 1e-06, 1e-06, 1e-06, 1e-06, 1e-06, 1e-06, 1e-06, 1e-06, 1e-06, 1e-06, 1e-06, 1e-06, 1e-06, 1e-06, 1e-06, 1e-06, 1e-06, 1e-06, 1e-06, 1e-06, 1e-06, 1e-06, 1e-06, 1e-06, 1e-06, 1e-06, 1e-06, 1e-06, 1e-06, 1e-06, 1e-06, 1e-06, 1e-06, 1e-06, 1e-06, 1e-06, 1e-06, 1e-06, 1e-06, 1e-06, 1e-06, 1e-06, 1e-06, 1e-06, 1e-06, 1e-06, 1e-06, 1e-06, 1e-06, 1e-06, 1e-06, 1e-06, 1e-06, 1e-06, 1e-06, 1e-06, 1e-06, 1e-06, 1e-06, 1e-06, 1e-06, 1e-06, 1e-06, 1e-06, 1e-06, 1e-06, 1e-06, 1e-06, 1e-06, 1e-06, 1e-06, 1e-06, 1e-06, 1e-06, 1e-06, 1e-06, 1e-06, 1e-06, 1e-06, 1e-06, 1e-06, 1e-06, 1e-06, 1e-06, 1e-06, 1e-06, 1e-06, 1e-06, 1e-06, 1e-06, 1e-06, 1e-06, 1e-06, 1e-06, 1e-06, 1e-06, 1e-06, 1e-06, 1e-06, 1e-06, 1e-06, 1e-06, 1e-06, 1e-06, 1e-06, 1e-06, 1e-06, 1e-06, 1e-06, 1e-06, 1e-06, 1e-06, 1e-06, 1e-06, 1e-06, 1e-06, 1e-06, 1e-06, 1e-06, 1e-06, 1e-06, 1e-06, 1e-06, 1e-06, 1e-06, 1e-06, 1e-06, 1e-06, 1e-06, 1e-06, 1e-06, 1e-06, 1e-06, 1e-06, 1e-06, 1e-06, 1e-06, 1e-06, 1e-06, 1e-06, 1e-06, 1e-06, 1e-06, 1e-06, 1e-06, 1e-06, 1e-06, 1e-06, 1e-06, 1e-06, 1e-06, 1e-06, 1e-06, 1e-06, 1e-06, 1e-06, 1e-06, 1e-06, 1e-06, 1e-06, 1e-06, 1e-06, 1e-06, 1e-06, 1e-06, 1e-06], "alpha": [1.0, 0.5, 0.25, 0.5, 0.25, 0.25, 0.5, 0.5, 0.25, 1.0, 1.0, 1.0, 1.0, 1.0, 1.0, 1.0, 1.0, 1.0, 1.0, 1.0, 1.0, 1.0, 1.0, 1.0, 1.0, 1.0, 1.0, 1.0, 1.0, 1.0, 1.0, 1.0, 1.0, 1.0, 1.0, 1.0, 1.0, 1.0, 1.0, 1.0, 1.0, 1.0, 1.0, 1.0, 1.0, 1.0, 1.0, 1.0, 1.0, 1.0, 1.0, 1.0, 1.0, 1.0, 1.0, 1.0, 1.0, 1.0, 1.0, 1.0, 1.0, 1.0, 1.0, 1.0, 1.0, 1.0, 1.0, 1.0, 1.0, 1.0, 1.0, 1.0, 1.0, 1.0, 1.0, 1.0, 1.0, 1.0, 1.0, 1.0, 1.0, 1.0, 1.0, 1.0, 1.0, 1.0, 1.0, 1.0, 1.0, 1.0, 1.0, 1.0, 1.0, 1.0, 1.0, 1.0, 1.0, 1.0, 1.0, 1.0, 1.0, 1.0, 1.0, 1.0, 1.0, 1.0, 1.0, 1.0, 1.0, 1.0, 1.0, 1.0, 1.0, 1.0, 1.0, 1.0, 1.0, 1.0, 1.0, 1.0, 1.0, 1.0, 1.0, 1.0, 1.0, 1.0, 1.0, 1.0, 1.0, 1.0, 1.0, 1.0, 1.0, 1.0, 1.0, 1.0, 1.0, 1.0, 1.0, 1.0, 1.0, 1.0, 1.0, 1.0, 1.0, 1.0, 1.0, 1.0, 1.0, 1.0, 1.0, 1.0, 1.0, 1.0, 1.0, 1.0, 1.0, 1.0, 1.0, 1.0, 1.0, 1.0, 1.0, 1.0, 1.0, 1.0, 1.0, 1.0, 1.0, 1.0, 1.0, 1.0, 1.0, 1.0, 1.0, 1.0, 1.0, 1.0, 1.0, 1.0, 1.0, 1.0, 1.0, 1.0, 1.0, 1.0, 1.0, 1.0, 1.0, 1.0, 1.0, 1.0, 1.0, 1.0, 1.0, 1.0, 1.0, 1.0, 1.0, 1.0, 1.0, 1.0, 1.0, 1.0, 1.0, 1.0, 1.0, 1.0, 1.0, 1.0, 1.0, 1.0, 1.0, 1.0, 1.0, 1.0, 1.0, 1.0, 1.0, 1.0, 1.0, 1.0, 1.0, 1.0, 1.0, 1.0, 1.0, 1.0, 1.0, 1.0, 1.0, 1.0, 1.0, 1.0, 1.0, 1.0, 1.0, 1.0, 1.0, 1.0, 1.0, 1.0, 1.0, 1.0, 1.0, 1.0, 1.0, 1.0, 1.0, 1.0, 1.0, 1.0, 1.0, 1.0, 1.0, 1.0, 1.0, 1.0, 1.0, 1.0, 1.0, 1.0, 1.0, 1.0, 1.0, 1.0, 1.0, 1.0, 1.0, 1.0, 1.0, 1.0, 1.0, 1.0, 1.0, 1.0, 1.0, 1.0, 1.0, 1.0, 1.0, 1.0, 1.0, 1.0, 1.0, 1.0, 1.0, 1.0, 1.0, 1.0, 1.0, 1.0, 1.0, 1.0, 1.0, 1.0, 1.0, 1.0, 1.0, 1.0, 1.0, 1.0, 1.0, 1.0]}