{"avg_loss": [0.8625952891566249, 0.4536058854556235, 0.3642095190297581, 0.19448315045539719, 0.03016165524921858, 0.0010474722317100698, 0.00021171409072658106, 0.00016958510497287928, 0.00014706949795375193, 0.00013130558686640128, 0.00011644736171320368, 0.00010925021022869167, 0.00010769941456264814, 0.00010622163043386979, 0.00010520408630782314, 0.00010506901843197529, 0.00010601812031272922, 0.00010623848449038842, 0.000104970494728668, 0.00010411423672972828, 0.00010425015118733693, 0.00010596305637835885, 0.0001042692799330627, 0.00010422183832395986, 0.00010495265552196594, 0.0001051334037830463, 0.00010578688175059842, 0.00010476171878100075, 0.00010474174138023451, 0.00010450200920879669, 0.0001058210290823189, 0.00010492905790597869, 0.00010366382857392079, 0.00010516457260642237, 0.00010449092942791938, 0.00010399565725729706, 0.00010598788451582511, 0.00010373028086340922, 0.00010474389439098067, 0.00010623544565025391, 0.00010440785389880958, 0.00010390758239458852, 0.00010408924825206592, 0.00010526153337289192, 0.00010504674239908638, 0.00010457401886201506, 0.00010501835909554551, 0.00010351161046470977, 0.0001034764316673878, 0.00010518935198763031, 0.00010582917024609524, 0.00010443691298111421, 0.0001045099936908911, 0.00010631416540278085, 0.00010514059220976566, 0.00010590908951503965, 0.00010434234623475198, 0.00010386348540992739, 0.00010437638853691955, 0.0001048572815593682, 0.00010501183968635211, 0.00010396368115034193, 0.00010408983333046084, 0.00010348412295928158, 0.0001049401928649605, 0.00010319167942384399, 0.00010376316067840078, 0.00010454188373750741, 0.00010467626344208732, 0.00010571159154328852, 0.0001065289966830623, 0.00010543301293398794], "test_loss": [0.4516800345392315, 0.4131155334438468, 0.3111107923624054, 0.07703556450972612, 0.002880347752262424, 0.00022427644125664757, 0.00017358194258564603, 0.0001524438403866984, 0.00013570333297355857, 0.00011793747389909757, 0.00011001905878102412, 0.00010567923763112695, 0.0001050861799184732, 0.00010359558343565992, 0.00010300021297621625, 0.00010342872658523363, 0.00010442578410775751, 0.00010449360013020777, 0.00010396112323891395, 0.00010363765575186905, 0.00010475130773619071, 0.00010300428808384396, 0.00010244743438477647, 0.00010195079990136042, 0.0001038158175856398, 0.00010274986224024711, 0.00010375170357648164, 0.00010315546511148639, 0.00010402600669476079, 0.00010182969176746021, 0.0001025630929908095, 0.00010296989483076383, 0.00010306475836002747, 0.00010360361776004519, 0.00010274156377817711, 0.00010473211470184096, 0.00010492964397286745, 0.00010523404995639152, 0.00010616055582006917, 0.00010398426931373968, 0.00010340183911055374, 0.00010342539808673753, 0.00010395713092013786, 0.00010360188706951467, 0.00010528122936467589, 0.00010460364472860289, 0.00010499076859831873, 0.0001027702883862769, 0.00010335740488714225, 0.00010288066029501699, 0.00010824413191736167, 0.00010236573322407342, 0.00010395143779987834, 0.0001097472024198551, 0.00010396964868494783, 0.00010218467070332801, 0.00010348980444700914, 0.00010334211183975278, 0.00010747945439181776, 0.00010293068597984208, 0.00010579548196610383, 0.0001035006598840558, 0.00010489234029999748, 0.00010312800045058071, 0.0001025954443162892, 0.00010218854145525232, 0.00010272051573850056, 0.00010308673990864096, 0.00010296013476987579, 0.00010925475559058715, 0.00010339271375911796, 0.0001045857360376401], "tot_time": 100.24278831481934, "tot_iterations": 504, "rho": [0.0001, 6.666666666666667e-05, 0.0001, 0.00015000000000000001, 0.00022500000000000002, 0.0003375, 0.00050625, 0.000759375, 0.0011390624999999999, 0.0017085937499999998, 0.0025628906249999996, 0.0038443359374999994, 0.00576650390625, 0.008649755859375, 0.0129746337890625, 0.0129746337890625, 0.01946195068359375, 0.012974633789062499, 0.012974633789062499, 0.008649755859374999, 0.012974633789062499, 0.01946195068359375, 0.012974633789062499, 0.01946195068359375, 0.012974633789062499, 0.01946195068359375, 0.029192926025390625, 0.029192926025390625, 0.029192926025390625, 0.01946195068359375, 0.012974633789062499, 0.008649755859374999, 0.005766503906249999, 0.008649755859374999, 0.008649755859374999, 0.005766503906249999, 0.003844335937499999, 0.002562890624999999, 0.0017085937499999994, 0.0011390624999999995, 0.0007593749999999996, 0.0005062499999999998, 0.0003374999999999998, 0.0005062499999999998, 0.0007593749999999996, 0.0005062499999999998, 0.0003374999999999998, 0.0005062499999999998, 0.0005062499999999998, 0.0003374999999999998, 0.0003374999999999998, 0.0005062499999999998, 0.0005062499999999998, 0.0003374999999999998, 0.0003374999999999998, 0.00022499999999999986, 0.0003374999999999998, 0.00022499999999999986, 0.0003374999999999998, 0.00022499999999999986, 0.00022499999999999986, 0.0001499999999999999, 9.999999999999994e-05, 0.0001499999999999999, 9.999999999999994e-05, 0.0001499999999999999, 9.999999999999994e-05, 9.999999999999994e-05, 6.666666666666662e-05, 6.666666666666662e-05, 4.4444444444444406e-05, 4.4444444444444406e-05, 2.9629629629629603e-05, 4.4444444444444406e-05, 2.9629629629629603e-05, 4.4444444444444406e-05, 2.9629629629629603e-05, 4.4444444444444406e-05, 6.666666666666662e-05, 4.4444444444444406e-05, 6.666666666666662e-05, 9.999999999999992e-05, 6.666666666666662e-05, 4.4444444444444406e-05, 6.666666666666662e-05, 4.4444444444444406e-05, 6.666666666666662e-05, 4.4444444444444406e-05, 4.4444444444444406e-05, 2.9629629629629603e-05, 1.9753086419753066e-05, 2.96296296296296e-05, 1.9753086419753066e-05, 1.3168724279835376e-05, 1.3168724279835376e-05, 1.3168724279835376e-05, 1.9753086419753066e-05, 1.3168724279835376e-05, 1.9753086419753066e-05, 1.3168724279835376e-05, 8.77914951989025e-06, 8.77914951989025e-06, 8.77914951989025e-06, 5.8527663465935e-06, 3.901844231062333e-06, 2.6012294873748884e-06, 1.734152991583259e-06, 1.1561019943888392e-06, 1.1561019943888392e-06, 1e-06, 1e-06, 1e-06, 1e-06, 1e-06, 1e-06, 1e-06, 1e-06, 1.5e-06, 1.5e-06, 1e-06, 1e-06, 1e-06, 1e-06, 1e-06, 1e-06, 1e-06, 1e-06, 1e-06, 1.5e-06, 1e-06, 1.5e-06, 1e-06, 1.5e-06, 1e-06, 1e-06, 1e-06, 1e-06, 1e-06, 1e-06, 1.5e-06, 1e-06, 1e-06, 1e-06, 1e-06, 1e-06, 1.5e-06, 1e-06, 1e-06, 1.5e-06, 1e-06, 1e-06, 1e-06, 1e-06, 1e-06, 1e-06, 1.5e-06, 2.25e-06, 1.5e-06, 2.25e-06, 1.5e-06, 2.25e-06, 1.5e-06, 1e-06, 1e-06, 1e-06, 1e-06, 1e-06, 1.5e-06, 1.5e-06, 2.25e-06, 2.25e-06, 3.375e-06, 3.375e-06, 5.062499999999999e-06, 7.593749999999999e-06, 5.062499999999999e-06, 5.062499999999999e-06, 3.3749999999999995e-06, 2.2499999999999996e-06, 3.3749999999999995e-06, 3.3749999999999995e-06, 2.2499999999999996e-06, 1.4999999999999996e-06, 1.4999999999999996e-06, 2.2499999999999996e-06, 1.4999999999999996e-06, 1.4999999999999996e-06, 1e-06, 1e-06, 1e-06, 1e-06, 1e-06, 1e-06, 1e-06, 1.5e-06, 1.5e-06, 1e-06, 1e-06, 1.5e-06, 2.25e-06, 3.375e-06, 2.2499999999999996e-06, 2.2499999999999996e-06, 1.4999999999999996e-06, 1e-06, 1e-06, 1e-06, 1e-06, 1e-06, 1e-06, 1e-06, 1.5e-06, 1.5e-06, 1e-06, 1e-06, 1.5e-06, 1.5e-06, 1e-06, 1e-06, 1.5e-06, 2.25e-06, 2.25e-06, 3.375e-06, 5.062499999999999e-06, 3.3749999999999995e-06, 2.2499999999999996e-06, 1.4999999999999996e-06, 1e-06, 1e-06, 1e-06, 1e-06, 1.5e-06, 1e-06, 1e-06, 1e-06, 1e-06, 1e-06, 1e-06, 1e-06, 1.5e-06, 1.5e-06, 1e-06, 1e-06, 1e-06, 1e-06, 1e-06, 1e-06, 1e-06, 1e-06, 1.5e-06, 1e-06, 1.5e-06, 1.5e-06, 1.5e-06, 1e-06, 1.5e-06, 1.5e-06, 2.25e-06, 2.25e-06, 1.5e-06, 1e-06, 1e-06, 1e-06, 1e-06, 1e-06, 1.5e-06, 1.5e-06, 1e-06, 1e-06, 1e-06, 1.5e-06, 1.5e-06, 2.25e-06, 2.25e-06, 3.375e-06, 2.2499999999999996e-06, 2.2499999999999996e-06, 2.2499999999999996e-06, 2.2499999999999996e-06, 1.4999999999999996e-06, 1e-06, 1e-06, 1e-06, 1e-06, 1e-06, 1e-06, 1e-06, 1.5e-06, 1e-06, 1.5e-06, 2.25e-06, 1.5e-06, 1e-06, 1.5e-06, 1e-06, 1e-06, 1.5e-06, 1e-06, 1e-06, 1e-06, 1e-06, 1.5e-06, 1e-06, 1e-06, 1e-06, 1e-06, 1e-06, 1.5e-06, 2.25e-06, 1.5e-06, 1e-06, 1e-06, 1e-06, 1e-06, 1.5e-06, 1e-06, 1e-06, 1e-06, 1e-06, 1.5e-06, 2.25e-06, 