{"avg_loss": [0.23974892745508272, 0.015576969425247247, 0.013729363671028741, 0.013409811216116854, 0.012739425709974172, 0.011923704837355035, 0.011451616208671751, 0.011471870123881296, 0.013129004492941996, 0.01241898319943024, 0.010913059473207658, 0.010958450215476628, 0.01175851071438751, 0.012044429764739064, 0.010332863639844848, 0.011035736796207845, 0.011111326880184976, 0.010645986827521908, 0.012672585214040846, 0.01067202035475788, 0.010470035809315888, 0.010534026924195642], "test_loss": [0.01800364143630281, 0.016406950870351527, 0.01406216181512117, 0.013399988176178242, 0.01067551578670613, 0.011542763685067306, 0.010976159152820285, 0.011592396913228336, 0.010810994657562778, 0.009054759025802134, 0.010056567692035175, 0.010587430140440288, 0.009613050599038992, 0.010076208905882584, 0.0091092642041965, 0.011442400009532793, 0.010036102175028797, 0.009856339135301014, 0.009956820490668037, 0.010951443344192032, 0.01312005453679011, 0.00966581046126583], "tot_time": 10.10952877998352, "tot_iterations": 88, "rho": [0.0001, 0.00015000000000000001, 0.00022500000000000002, 0.0003375, 0.00050625, 0.000759375, 0.0011390624999999999, 0.0017085937499999998, 0.0017085937499999998, 0.0025628906249999996, 0.0025628906249999996, 0.0038443359374999994, 0.0025628906249999996, 0.0038443359374999994, 0.00576650390625, 0.0038443359374999994, 0.00576650390625, 0.0038443359374999994, 0.00576650390625, 0.00576650390625, 0.0038443359374999994, 0.00576650390625, 0.008649755859375, 0.00576650390625, 0.00576650390625, 0.008649755859375, 0.00576650390625, 0.008649755859375, 0.00576650390625, 0.0038443359374999994, 0.00576650390625, 0.0038443359374999994, 0.00576650390625, 0.00576650390625, 0.00576650390625, 0.00576650390625, 0.008649755859375, 0.008649755859375, 0.0129746337890625, 0.008649755859375, 0.00576650390625, 0.008649755859375, 0.00576650390625, 0.00576650390625, 0.008649755859375, 0.00576650390625, 0.008649755859375, 0.00576650390625, 0.0038443359374999994, 0.00576650390625, 0.008649755859375, 0.008649755859375, 0.00576650390625, 0.008649755859375, 0.0129746337890625, 0.01946195068359375, 0.012974633789062499, 0.012974633789062499, 0.012974633789062499, 0.008649755859374999, 0.012974633789062499, 0.008649755859374999, 0.008649755859374999, 0.012974633789062499, 0.012974633789062499, 0.008649755859374999, 0.012974633789062499, 0.01946195068359375, 0.012974633789062499, 0.012974633789062499, 0.01946195068359375, 0.012974633789062499, 0.008649755859374999, 0.012974633789062499, 0.012974633789062499, 0.008649755859374999, 0.012974633789062499, 0.012974633789062499, 0.008649755859374999, 0.012974633789062499, 0.01946195068359375, 0.012974633789062499, 0.01946195068359375, 0.012974633789062499, 0.008649755859374999, 0.008649755859374999, 0.005766503906249999, 0.003844335937499999], "alpha": [0.5, 0.5, 0.25, 0.125, 0.25, 0.25, 0.5, 1.0, 0.5, 1.0, 0.25, 1.0, 0.5, 0.25, 1.0, 0.5, 1.0, 0.5, 1.0, 1.0, 1.0, 0.5, 1.0, 1.0, 0.25, 1.0, 0.5, 1.0, 1.0, 0.5, 1.0, 1.0, 1.0, 1.0, 1.0, 0.5, 1.0, 0.5, 1.0, 1.0, 0.5, 1.0, 1.0, 0.5, 1.0, 1.0, 1.0, 1.0, 0.5, 0.5, 1.0, 1.0, 0.5, 1.0, 0.25, 1.0, 1.0, 1.0, 1.0, 0.5, 1.0, 1.0, 0.25, 1.0, 1.0, 0.5, 0.5, 1.0, 1.0, 0.5, 1.0, 1.0, 0.5, 1.0, 1.0, 0.5, 1.0, 1.0, 0.5, 1.0, 1.0, 0.5, 1.0, 1.0, 1.0, 1.0, 1.0, 0.25]}