{"avg_loss": [0.8122069733954175, 0.04708322472593094, 0.02728905381210834, 0.021184506589825732, 0.015016423463593968, 0.011880544683297665, 0.011451704904534163, 0.011235549342287569, 0.011001777738144975, 0.009920947236574334, 0.009654235282644006, 0.009582264897255409, 0.009490183346584139, 0.009429476031978811, 0.00942534213647378, 0.00908764476868424, 0.009007554284098303, 0.008882229025695281, 0.00878893781879453, 0.008759289976877197, 0.008568712945259196, 0.008545245177955085, 0.008502027448334424, 0.008373643148366895, 0.008340088546214704, 0.00817387251345104, 0.008111000518220108, 0.008064980132842455, 0.00788705248960379, 0.007851387557074475, 0.007746717134528671, 0.007712802605565264, 0.007585057016332718, 0.007549453098391468, 0.007508113528843517, 0.00745394382639481, 0.0073737396602582056, 0.007346158768041139, 0.007305843677413216, 0.007279962074851005, 0.0072478007374195555, 0.007224920056088258, 0.00719735112514134, 0.007175118902533065, 0.0071493262651446945, 0.007127647393330102, 0.007103205594806986, 0.007081961685782592, 0.007058610923861619, 0.007037743203942625, 0.007015242555351868, 0.006994694286112378, 0.0069726373554799765, 0.006952225345634404, 0.006929917989019722, 0.006909165381347379], "test_loss": [0.051157189222166624, 0.03308567239335545, 0.024923810404708806, 0.016631313194733516, 0.012475531208776213, 0.011508312368792285, 0.01108047622071713, 0.01070374248647697, 0.010107060196270723, 0.009615287035251002, 0.009791410595222285, 0.009939796643943956, 0.009576913642579496, 0.009940707555701738, 0.00936013435353728, 0.009432288713725392, 0.009168449507811524, 0.009379189392652844, 0.009252923335233181, 0.009027279835234134, 0.009042770643974284, 0.009038180150944455, 0.008922263212010246, 0.008955530096493039, 0.008810052687409187, 0.008786498955231993, 0.008715915417099165, 0.00869749348374109, 0.008678026190231421, 0.008552729639334835, 0.00855700750227356, 0.008541158296414102, 0.008452091560103297, 0.008424926527648502, 0.008348085634710758, 0.008463499121568031, 0.008328246525358587, 0.008388765352955999, 0.008256695107667444, 0.008350221904457191, 0.008211115359321225, 0.008308189464562214, 0.008169264084075445, 0.008268548776602951, 0.008130785692430469, 0.008229770311490685, 0.008095831578440483, 0.008190099208893202, 0.00806118422095486, 0.00814885171885449, 0.008027269019282714, 0.00810462683438142, 0.00799744625353205, 0.008061612299355134, 0.007966490211934636, 0.008022129348549366], "tot_time": 10.064441442489624, "tot_iterations": 56, "rho": [0.0001, 6.666666666666667e-05, 0.0001, 0.00015000000000000001, 0.00015000000000000001, 0.00022500000000000002, 0.0003375, 0.00050625, 0.000759375, 0.00050625, 0.00033749999999999996, 0.00050625, 0.000759375, 0.000759375, 0.0011390624999999999, 0.0007593749999999999, 0.0011390624999999999, 0.0007593749999999999, 0.0005062499999999999, 0.0007593749999999999, 0.0005062499999999999, 0.0007593749999999999, 0.0011390624999999999, 0.0007593749999999999, 0.0011390624999999999, 0.0007593749999999999, 0.0005062499999999999, 0.0007593749999999999, 0.0005062499999999999, 0.0007593749999999999, 0.0005062499999999999, 0.0007593749999999999, 0.0005062499999999999, 0.0003374999999999999, 0.00022499999999999994, 0.0003374999999999999, 0.00022499999999999994, 0.00022499999999999994, 0.00014999999999999996, 0.00014999999999999996, 9.999999999999996e-05, 6.666666666666664e-05, 4.4444444444444426e-05, 2.9629629629629616e-05, 1.9753086419753076e-05, 1.3168724279835383e-05, 8.779149519890255e-06, 5.852766346593503e-06, 3.901844231062335e-06, 2.60122948737489e-06, 1.73415299158326e-06, 1.1561019943888399e-06, 1e-06, 1e-06, 1e-06, 1e-06], "alpha": [1.0, 0.5, 0.25, 1.0, 0.25, 0.25, 0.25, 0.5, 1.0, 1.0, 0.25, 0.5, 1.0, 0.5, 1.0, 0.5, 1.0, 1.0, 0.5, 1.0, 0.25, 0.5, 1.0, 0.5, 1.0, 1.0, 0.5, 1.0, 0.5, 1.0, 0.5, 1.0, 1.0, 1.0, 0.5, 1.0, 1.0, 1.0, 1.0, 1.0, 1.0, 1.0, 1.0, 1.0, 1.0, 1.0, 1.0, 1.0, 1.0, 1.0, 1.0, 1.0, 1.0, 1.0, 1.0, 1.0]}