{"avg_loss": [2.3030326665985847, 2.302929012321572, 2.3028359032082912, 2.302751346333752, 2.3026732864092425, 2.3025986516243493, 2.302528074858073, 2.3024590281030974, 2.302391174682521, 2.3023243545461822, 2.302255768529622, 2.3021877479837114, 2.3021163552466404, 2.3020433126656448, 2.3019675433376583, 2.3018883371759564, 2.3018066675281204, 2.301721026840218, 2.301630802895726, 2.301536936788942, 2.3014379750989487, 2.301332002566886, 2.3012198355067377, 2.3010998934983844, 2.30096956454086, 2.3008298612055835, 2.3006788030564342, 2.300513601683105, 2.300333693073384, 2.3001360730604308, 2.2999179730560586, 2.299675771585783, 2.2994042846277774, 2.299100074778208, 2.2987548613354445, 2.298358480800402, 2.2979061581082885, 2.2973886734272093, 2.296796059449453, 2.296111779291422, 2.295307272820267, 2.294352445748225, 2.2932078557197046, 2.2918104129279677, 2.290073347711422, 2.2878414231329844, 2.2848695182064787, 2.2807845116081866, 2.2749952347427156, 2.2665520536607215, 2.2539737180489197, 2.2354828158516313, 2.2101960516347106, 2.179810728977343, 2.148238971665067, 2.118639449223217, 2.091731767045265, 2.0675065046214405, 2.046820154789185, 2.029365289005046, 2.0142653031245175, 2.0002297219171283, 1.9864943417521888, 1.9734847201644614, 1.9603793868774912, 1.9475524669015167, 1.93528417091171, 1.9229371433094, 1.9117576245202317, 1.9002265961338776, 1.8880717374401437, 1.8770743553363203, 1.8655254607972187, 1.8525318853265893, 1.8426637070381204, 1.8509229436668355, 1.8237238319083036, 1.8205412310162592, 1.8054883112167368, 1.8090048811003785, 1.7964414331874585, 1.7851630112014019, 1.783163989427622, 1.7674790704451049, 1.7670572304145735, 1.7445133480316062, 1.7578757590612364, 1.741225796374219, 1.7283953330679942, 1.7287177865152856, 1.7224595707842618, 1.7044194385425875, 1.699274796740991, 1.700384123987949, 1.7034059197203693, 1.6807582678862776, 1.6781072559371355, 1.6651435357637365, 1.6673201033411587, 1.6622138599506904], "acc": [0.1, 0.10000000000000002, 0.10000000000000002, 0.10000000000000005, 0.10000000000000003, 0.10000000000000002, 0.10000000000000002, 0.10000000000000005, 0.1, 0.10000000000000003, 0.10000000000000005, 0.10000000000000003, 0.10000000000000002, 0.10000000000000003, 0.10000000000000002, 0.10000000000000007, 0.10000000000000005, 0.10006000000000005, 0.10008000000000004, 0.10084000000000001, 0.10187999999999998, 0.10246000000000004, 0.10536000000000004, 0.11071999999999999, 0.11148000000000001, 0.11722000000000002, 0.11966000000000006, 0.12758000000000003, 0.13455999999999999, 0.14894, 0.16243999999999992, 0.17653999999999997, 0.18901999999999997, 0.19593999999999998, 0.20482, 0.20376000000000005, 0.20438000000000003, 0.20538000000000006, 0.20593999999999998, 0.20616000000000004, 0.20604, 0.20453999999999997, 0.20268000000000005, 0.20290000000000005, 0.20116000000000012, 0.20008000000000004, 0.19662000000000002, 0.19190000000000002, 0.18796, 0.18152, 0.17879999999999996, 0.18245999999999998, 0.19084000000000004, 0.20834, 0.22805999999999998, 0.24052000000000004, 0.25078000000000006, 0.26188000000000006, 0.2695600000000001, 0.27651999999999993, 0.28354, 0.2907, 0.2969800000000001, 0.3032, 0.30867999999999995, 0.3133800000000001, 0.3196400000000001, 0.32336000000000004, 0.32778000000000007, 0.33006, 0.33559999999999995, 0.33881999999999995, 0.34271999999999997, 0.34746000000000005, 0.34878, 0.3486799999999999, 0.35636, 0.35611999999999994, 0.3635799999999999, 0.36026, 0.36493999999999993, 0.36870000000000014, 0.3715, 0.37594, 0.37434000000000006, 0.38245999999999986, 0.37798000000000004, 0.38548000000000016, 0.38718, 0.3880199999999999, 0.3912799999999999, 0.39681999999999995, 0.39892000000000005, 0.39697999999999994, 0.3962399999999999, 0.40373999999999993, 0.40545999999999993, 0.4101000000000001, 0.41037999999999997, 0.41042], "test_acc": [0.1, 0.1, 0.1, 0.1, 0.1, 0.1, 0.1, 0.1, 0.1, 0.1, 0.1, 0.1, 0.1, 0.1, 0.1, 0.1, 0.1, 0.1001, 0.1002, 0.1006, 0.1011, 0.1033, 0.1051, 0.1085, 0.1128, 0.1169, 0.1205, 0.128, 0.1396, 0.1539, 0.1696, 0.1805, 0.1898, 0.1959, 0.1986, 0.2005, 0.2014, 0.2003, 0.2004, 0.2007, 0.2018, 0.2034, 0.2017, 0.2018, 0.1986, 0.196, 0.1918, 0.1876, 0.1823, 0.1796, 0.1798, 0.1858, 0.1992, 0.2173, 0.2314, 0.2427, 0.2629, 0.2706, 0.278, 0.2824, 0.2913, 0.2974, 0.3023, 0.306, 0.3127, 0.3174, 0.3196, 0.3239, 0.3285, 0.3348, 0.3347, 0.3402, 0.3453, 0.3466, 0.3499, 0.3581, 0.3473, 0.358, 0.3468, 0.3523, 0.3549, 0.3704, 0.3726, 0.3744, 0.3807, 0.38, 0.3736, 0.3641, 0.3848, 0.3921, 0.3931, 0.3877, 0.3927, 0.3977, 0.3878, 0.4018, 0.4012, 0.4045, 0.3981, 0.4122], "tot_time": 1416.843157529831, "tot_iterations": 5000, "tot_epochs": 100}