{"avg_loss": [0.8625952891566249, 0.4536058854556235, 0.3642095190297581, 0.19448315045539719, 0.030161359904704244, 0.0010490434493881378, 0.00021451587571771146, 0.00017242779621004186, 0.00015370380728039855, 0.00014073099628025967, 0.0001319662254445802, 0.00012499454249029164, 0.00012216473651363487, 0.00011921866944217222, 0.00011728125472378929, 0.00011604806387579396, 0.00011451550447715037, 0.00011246032625606132, 0.00011140267107541333, 0.00011031698570940576, 0.00011001915973879778, 0.00010894413764106233, 0.00010866856240173823, 0.00010784730324899017, 0.00010692989427681091, 0.00010707302930938997, 0.00010688570790950764, 0.00010647975873655038, 0.00010657947987194529, 0.00010593226556892223, 0.00010587572041948886, 0.0001055617932634228, 0.00010535112395624268, 0.00010576818345566687, 0.0001047336966946062, 0.00010530363550320108, 0.00010593681923653584, 0.0001051090478133432, 0.00010495395372825273, 0.00010509109407018, 0.00010543108467832284, 0.00010509056184460842, 0.00010478435782417768, 0.00010534635555739824, 0.00010495946951624193, 0.00010510392631054642, 0.00010423605119939536, 0.00010370935976927929, 0.00010406886086215265, 0.00010419623365696014, 0.00010469698031581275, 0.00010450408217917952, 0.0001048415497418237, 0.0001047678776136639, 0.00010449076279622396, 0.00010454074862879365, 0.00010446352559044116, 0.000104112337911635, 0.00010375599894695367, 0.00010493008252614243, 0.0001041535744647295, 0.00010380909425417026, 0.00010470850880939769, 0.00010403543333403194, 0.00010448700312056357, 0.00010384624656115108, 0.00010460197090822305, 0.0001039158456031243, 0.0001045354235475271, 0.00010427463048918855, 0.00010445236773517744, 0.00010504062124640284, 0.00010387659487120102, 0.00010364451965052207, 0.00010447595618642587, 0.00010408347131201977, 0.00010414947702086117, 0.00010376906975127376, 0.00010435190193821512, 0.00010400951409671336, 0.00010388666587811336, 0.00010362297786189234, 0.0001039538903375479, 0.00010401419285858324, 0.0001042211755081564, 0.00010500211517463251, 0.00010398410484536583, 0.00010399452347791548, 0.00010425168212260732, 0.00010391477131500486], "test_loss": [0.4516800345392315, 0.4131155334438468, 0.3111107923624054, 0.07703556450972612, 0.0028806448920247803, 0.00022972942366114986, 0.00017646734254937212, 0.00015805519373820253, 0.00014604442110270234, 0.0001297076194676178, 0.00012530498919054186, 0.00012011380250010144, 0.0001183789863066289, 0.00011521695299116922, 0.00011308954981341287, 0.00011320423574263901, 0.00011184760836839562, 0.00011095643765028614, 0.0001115574791131174, 0.0001076478110903937, 0.00010775324006607333, 0.0001072613499959957, 0.000106176644485262, 0.000105206264050138, 0.00010530883395867393, 0.00010534726096984523, 0.00010465925679215612, 0.00010529503183592233, 0.00010556251393653545, 0.00010411031953632082, 0.00010420723137881434, 0.00010449433658348673, 0.00010527497383748076, 0.00010483939217843269, 0.00010431512965436355, 0.00010479733405666565, 0.0001049158588926427, 0.00010623123141408393, 0.0001034570359638308, 0.00010532947983871071, 0.00010383884975407557, 0.00010363964876427817, 0.00010505860898051669, 0.00010514978529130661, 0.0001057332445641975, 0.0001039865546587346, 0.00010296416374890129, 0.00010445285512064507, 0.00010300563885848221, 0.00010336340533213066, 0.00010326368373381745, 0.00010366795888001201, 0.00010303109739107624, 0.00010434302326134982, 0.00010308191593897915, 0.00010281218131608326, 0.00010389872431867856, 0.00010372361342283741, 0.00010632995312885522, 0.00010324609000054949, 0.00010503775253567092, 0.00010381882220340969, 0.00010496763461956115, 0.00010298398053307527, 0.00010325218746602462, 0.00010240706879037968, 0.00010251852324117915, 0.00010326810640155589, 0.00010301934412917586, 0.00010411980723104722, 0.00010319452955697577, 0.0001043169846545543, 0.00010308342740013568, 0.00010222133298373004, 0.00010400077131657445, 0.00010482527163178667, 0.00010265222515431618, 0.00010397064502579591, 0.00010264782145691746, 0.00010398560548147739, 0.00010285191404149041, 0.00010365438394813005, 0.00010378608370874389, 0.00010259204315276192, 0.00010254225863770218, 0.00010295755402850123, 0.00010310427498216586, 0.00010359912302198233, 0.00010299190879387676, 0.00010240849618621889], "tot_time": 100.66017460823059, "tot_iterations": 630,