{"avg_loss": [2.298335566022991, 2.248773709291754, 2.20897826336513, 2.1720036597390027, 2.132311951577752, 2.0877529559981167, 2.036330087573626, 1.9768661605667326, 1.9081148858230883, 1.8290348412772057, 1.7389318150245956, 1.6376910079763476, 1.526274669229912, 1.4076724737312893, 1.287860197253106, 1.175764235716279, 1.0793399723941084, 1.001103933463066, 0.9391338564965206, 0.8904170388662505, 0.8523409565552754, 0.8223283138255033, 0.7979939577754591, 0.7780890167979939, 0.7613590475666515, 0.7470002008606262, 0.734519509143788, 0.7235060401868048, 0.7135738072616782, 0.7046635400964659, 0.6965100741988507, 0.6889896311550714, 0.6820643391705036, 0.6755382442964571, 0.6695068028445958, 0.663770639426205, 0.6583237571991896, 0.6532638072523331, 0.6483184984959162, 0.643604349679384, 0.6390770876322928, 0.6346732265313999, 0.6304167296938402, 0.6264717570302906, 0.6226012492713401, 0.6187879780680885, 0.6151714483169086, 0.6115554159675984, 0.6082281825434428, 0.6047617922405821, 0.601612222076181, 0.5984019701455416, 0.595313360591656, 0.5924244921731552, 0.5894068292933191, 0.5865957765815387, 0.5837157835661099, 0.5811094476905498, 0.5784128950714162, 0.5757135301101144, 0.5731861873914437, 0.5706342890268971, 0.5682050812383769, 0.5658541382622327, 0.5635339360143817, 0.5611284576471453, 0.5589621929806605, 0.5566122655386853, 0.5544184429790566, 0.5523049646992574, 0.5501453384658868, 0.5480172797826453, 0.545965309397651, 0.5439758983949272, 0.5419119098269067, 0.5399382247883175, 0.5381032697821496, 0.5361856978349019, 0.5341755413544661, 0.5324026954695154, 0.5305648588501941, 0.5287814732826361, 0.526986887689548, 0.5252318511123186, 0.5236136288743964, 0.5218928561237525, 0.520224052438263, 0.5185911238413782, 0.5170329353909324, 0.5153801922756159, 0.5138829726638282, 0.5124067725172529, 0.5107877588543704, 0.5094426914484165, 0.5079175689715372, 0.5064978824185371, 0.5051334378288341, 0.5036383497935135, 0.502189463481267, 0.5008131390183457], "acc": [0.09028333333333335, 0.12433333333333335, 0.18739999999999998, 0.2484166666666667, 0.3019833333333334, 0.3504833333333333, 0.3860833333333333, 0.41326666666666656, 0.4343500000000001, 0.4507833333333334, 0.46611666666666685, 0.4816333333333333, 0.5095999999999999, 0.5599833333333333, 0.6169333333333332, 0.6506666666666665, 0.6701499999999998, 0.6841, 0.6973333333333335, 0.7068499999999998, 0.71345, 0.718783333333333, 0.7238333333333333, 0.7288833333333333, 0.731733333333333, 0.734883333333333, 0.7373, 0.7395833333333333, 0.7413666666666666, 0.7438666666666663, 0.7457333333333334, 0.7479666666666668, 0.7496333333333333, 0.7517500000000001, 0.7535999999999997, 0.7547000000000003, 0.7567833333333335, 0.7583833333333334, 0.7606000000000003, 0.7620000000000001, 0.76405, 0.7650333333333332, 0.7664833333333335, 0.7681666666666666, 0.7694500000000002, 0.7707000000000002, 0.7722666666666668, 0.773416666666667, 0.7748666666666669, 0.7765333333333334, 0.7773333333333335, 0.7788666666666668, 0.7797333333333333, 0.7813000000000003, 0.7827333333333334, 0.7839666666666667, 0.7846999999999997, 0.7858500000000003, 0.7870666666666666, 0.7886333333333335, 0.7897666666666667, 0.79085, 0.7923166666666666, 0.7925000000000001, 0.7935166666666665, 0.7952833333333333, 0.7965999999999998, 0.7965166666666667, 0.7982666666666665, 0.7991499999999998, 0.7999500000000002, 0.80075, 0.8017999999999997, 0.8028999999999998, 0.8034000000000001, 0.8041833333333331, 0.80495, 0.8054166666666667, 0.8073833333333337, 0.8072666666666669, 0.8076166666666665, 0.8083666666666667, 0.8092999999999999, 0.8100333333333334, 0.8104833333333334, 0.8113166666666665, 0.8114500000000001, 0.8129666666666664, 0.8137500000000002, 0.8144166666666667, 0.8149166666666666, 0.81525, 0.8159833333333332, 0.816316666666667, 0.8170000000000004, 0.8172833333333334, 0.8185499999999998, 0.8182666666666664, 0.8193166666666668, 0.8205666666666667], "test_acc": [0.1029, 0.1471, 0.2155, 0.2718, 0.323, 0.364, 0.3942, 0.4147, 0.4337, 0.451, 0.4637, 0.4877, 0.5267, 0.5873, 0.631, 0.6531, 0.6696, 0.6829, 0.6935, 0.6998, 0.7054, 0.714, 0.7174, 0.7219, 0.7253, 0.7276, 0.7302, 0.7335, 0.7334, 0.7353, 0.7367, 0.7383, 0.7415, 0.7433, 0.7444, 0.7461, 0.7489, 0.7483, 0.752, 0.7521, 0.7524, 0.7582, 0.7565, 0.76, 0.76, 0.7646, 0.7646, 0.7674, 0.7685, 0.7694, 0.7707, 0.7712, 0.7727, 0.7739, 0.7753, 0.7767, 0.7785, 0.7795, 0.7806, 0.7807, 0.7825, 0.7836, 0.7843, 0.7876, 0.7866, 0.7895, 0.7896, 0.7916, 0.7925, 0.7921, 0.794, 0.794, 0.7957, 0.7963, 0.7971, 0.7971, 0.7981, 0.799, 0.799, 0.8003, 0.8014, 0.8036, 0.8025, 0.8036, 0.8038, 0.806, 0.805, 0.8052, 0.807, 0.8093, 0.8082, 0.8091, 0.8084, 0.8094, 0.8104, 0.8113, 0.812, 0.8114, 0.8121, 0.8138], "tot_time": 325.1435763835907, "tot_iterations": 6000, "tot_epochs": 100}