{"avg_loss": [0.3520520155038007, 0.09242365783152429, 0.026204135109897966, 0.012571750875041424, 0.01201419846505095, 0.012112284487238473, 0.011921341056824644, 0.01198492300367189, 0.011831196464008775, 0.012096895228685976, 0.011730618486268602, 0.011670144597183862, 0.011638949011762772, 0.011925303668247553, 0.011468313932569158, 0.011429628992629743, 0.011575065372811985, 0.011988872579444903, 0.011496368688637315, 0.011363662358813195, 0.011457725245331328, 0.01151980235674132, 0.011571274336753154, 0.011321528714898712, 0.011413033329189052, 0.011298950758192202, 0.011162436757440764, 0.011594199337939407, 0.011354316960537993, 0.011630533558101227, 0.011138786025474986, 0.01115975544608001, 0.011122518812672372, 0.011269701178881715, 0.01108283388959699, 0.011289967880003964, 0.011258445374153632, 0.01125202096252769, 0.011119926521314737, 0.01115208593655095, 0.011172710056312391, 0.01135977455321527, 0.011151629508143138, 0.010974889285908644, 0.011264514340389659, 0.011377300605222818, 0.011032419580279437, 0.011080497517745407, 0.010989895073798899, 0.011292151804722192, 0.01203159070725667, 0.01111293858523139, 0.011125367207623128, 0.01103926235160415, 0.01139761591650545, 0.011198335905818294, 0.011053233306294593, 0.010762143237171494, 0.011083519719034948, 0.011174348676556754, 0.011051504263392253, 0.01111831607254429, 0.011280676187932256, 0.011120994970842625, 0.011135125230702375, 0.010786325398910092, 0.01107404862740964, 0.010906208202858916, 0.010890957893671173, 0.011271275332436062, 0.011019547947739466, 0.011015430963594983, 0.010954650531644305, 0.010805696696379406, 0.010921001219383138, 0.010708202515976508], "test_loss": [0.11453461002277755, 0.03905144671248684, 0.012019253566871377, 0.012192850291943853, 0.011785668092082929, 0.011940765934091565, 0.01159191355738836, 0.011951677208999222, 0.011581971871470116, 0.011928005351932117, 0.0114094612903285, 0.012600394285952199, 0.013876650615503376, 0.012054315971947246, 0.011923075573342457, 0.011546448462111142, 0.011669188035898642, 0.011536647340948142, 0.011239712684489964, 0.011053339336194158, 0.011839935643026168, 0.010967194449617248, 0.01150130595045131, 0.011507549438034287, 0.011003280007454957, 0.012238928580108523, 0.01111442945495892, 0.01121068980160701, 0.010931794050093105, 0.01112514903020594, 0.010936439299958833, 0.010828917609983033, 0.010851358637829133, 0.01107361793973507, 0.011219675100611358, 0.011038798593556179, 0.011023790630538856, 0.011646296595966736, 0.011808343228013718, 0.010909173788818378, 0.011051643604223465, 0.010972782887602025, 0.01100876447978124, 0.010992688071782379, 0.010772964257379544, 0.011252202972269228, 0.010995903094811858, 0.011233106619680857, 0.011356182960299688, 0.010940773372695363, 0.010764230158549173, 0.011289954517588602, 0.010759296563430451, 0.010964243800511387, 0.01164271693550483, 0.011093802909230076, 0.010844562716435057, 0.011071668895855586, 0.010669819767755693, 0.010750533402287403, 0.010891268983415988, 0.011462270905433036, 0.010599090536309861, 0.01080367034461097, 0.010807407576127881, 0.011223246942046365, 0.010545285486910158, 0.010901113723833124, 0.011862506231665853, 0.010565100282453976, 0.010706352360573287, 0.010905301433469284, 0.011350030688512347, 0.010594673905565469, 0.010508745301138912, 0.011106688498945992], "tot_time": 10.01908564567566, "tot_iterations": 304, "rho": [0.0001, 0.0001, 0.00015000000000000001, 0.00022500000000000002, 0.0003375, 0.00050625, 0.000759375, 0.0011390624999999999, 0.0011390624999999999, 0.0017085937499999998, 0.0011390624999999999, 0.0007593749999999999, 0.0005062499999999999, 0.0003374999999999999, 0.00022499999999999994, 0.00014999999999999996, 9.999999999999996e-05, 6.666666666666664e-05, 4.4444444444444426e-05, 2.9629629629629616e-05, 1.9753086419753076e-05, 1.3168724279835383e-05, 8.779149519890255e-06, 5.852766346593503e-06, 3.901844231062335e-06, 2.60122948737489e-06, 1.73415299158326e-06, 1.1561019943888399e-06, 1e-06, 1e-06, 1e-06, 1e-06, 1e-06, 1e-06, 1e-06, 1e-06, 1e-06, 1e-06, 1e-06, 1e-06, 1e-06, 1e-06, 1e-06, 1e-06, 1e-06, 1e-06, 1e-06, 1e-06, 1e-06, 1e-06, 1e-06, 1e-06, 1e-06, 1e-06, 1e-06, 1e-06, 1e-06, 1e-06, 1e-06, 1e-06, 1e-06, 1e-06, 1e-06, 1e-06, 1e-06, 1e-06, 1e-06, 1e-06, 1e-06, 1e-06, 1e-06, 1e-06, 1e-06, 1e-06, 1e-06, 1e-06, 1e-06, 1e-06, 1e-06, 1e-06, 1e-06, 1e-06, 1e-06, 1e-06, 1e-06, 1e-06, 1e-06, 1e-06, 1e-06, 1e-06, 1e-06, 1e-06, 1e-06, 1e-06, 1e-06, 1e-06, 1e-06, 1e-06, 1e-06, 1e-06, 1e-06, 1e-06, 1e-06, 1e-06, 1e-06, 1e-06, 1e-06, 1e-06, 1e-06, 1e-06, 1e-06, 1e-06, 1e-06, 1e-06, 1e-06, 1e-06, 1e-06, 1e-06, 1e-06, 1e-06, 1e-06, 1e-06, 1e-06, 1e-06, 1e-06, 1e-06, 1e-06, 1e-06, 1e-06, 1e-06, 1e-06, 1e-06, 1e-06, 1e-06, 1e-06, 1e-06, 1e-06, 1e-06, 1e-06, 1e-06, 1e-06, 1e-06, 1e-06, 1e-06, 1e-06, 1e-06, 1e-06, 1e-06, 1e-06, 1e-06, 1e-06, 1e-06, 1e-06, 1e-06, 1e-06, 1e-06, 1e-06, 1e-06, 1e-06, 1e-06, 1e-06, 1e-06, 1e-06, 1e-06, 1e-06, 1e-06, 1e-06, 1e-06, 1e-06, 1e-06, 1e-06, 1e-06, 1e-06, 1e-06, 1e-06, 1e-06, 1e-06, 1e-06, 1e-06, 1e-06, 1e-06, 1e-06, 1e-06, 1e-06, 1e-06, 1e-06, 1e-06, 1e-06, 1e-06, 1e-06, 1e-06, 1e-06, 1e-06, 1e-06, 1e-06, 1e-06, 1e-06, 1e-06, 1e-06, 1e-06, 1e-06, 1e-06, 1e-06, 1e-06, 1e-06, 1e-06, 1e-06, 1e-06, 1e-06, 1e-06, 1e-06, 1e-06, 1e-06, 1e-06, 1e-06, 1e-06, 1e-06, 1e-06, 1e-06, 1e-06, 1e-06, 1e-06, 1e-06, 1e-06, 1e-06, 1e-06, 1e-06, 1e-06, 1e-06, 1e-06, 1e-06, 1e-06, 1e-06, 1e-06, 1e-06, 1e-06, 1e-06, 1e-06, 1e-06, 1e-06, 1e-06, 1e-06, 1e-06, 1e-06, 1e-06, 1e-06, 1e-06, 1e-06, 1e-06, 1e-06, 1e-06, 1e-06, 1e-06, 1e-06, 1e-06, 1e-06, 1e-06, 1e-06, 1e-06, 1e-06, 1e-06, 1e-06, 1e-06, 1e-06, 1e-06, 1e-06, 1e-06, 1e-06, 1e-06, 1e-06, 1e-06, 1e-06, 1e-06, 1e-06, 1e-06, 1e-06, 1e-06, 1e-06, 1e-06, 1e-06, 1e-06, 1e-06, 1e-06, 1e-06, 1e-06, 1e-06, 1e-06, 1e-06, 1e-06, 1e-06, 1e-06, 1e-06, 1e-06, 1e-06, 1e-06, 1e-06, 1e-06, 1e-06, 1e-06, 1e-06, 1e-06, 1e-06, 1e-06, 1e-06], "alpha": [1.0, 0.5, 0.25, 0.125, 0.5, 0.125, 0.5, 1.0, 0.125, 1.0, 1.0, 1.0, 1.0, 1.0, 1.0, 1.0, 1.0, 1.0, 1.0, 1.0, 1.0, 1.0, 1.0, 1.0, 1.0, 1.0, 1.0, 1.0, 1.0, 1.0, 1.0, 1.0, 1.0, 1.0, 1.0, 1.0, 1.0, 1.0, 1.0, 1.0, 1.0, 1.0, 1.0, 1.0, 1.0, 1.0, 1.0, 1.0, 1.0, 1.0, 1.0, 1.0, 1.0, 1.0, 1.0, 1.0, 1.0, 1.0, 1.0, 1.0, 1.0, 1.0, 1.0, 1.0, 1.0, 1.0, 1.0, 1.0, 1.0, 1.0, 1.0, 1.0, 1.0, 1.0, 1.0, 1.0, 1.0, 1.0, 1.0, 1.0, 1.0, 1.0, 1.0, 1.0, 1.0, 1.0, 1.0, 1.0, 1.0, 1.0, 1.0, 1.0, 1.0, 1.0, 1.0, 1.0, 1.0, 1.0, 1.0, 1.0, 1.0, 1.0, 1.0, 1.0, 1.0, 1.0, 1.0, 1.0, 1.0, 1.0, 1.0, 1.0, 1.0, 1.0, 1.0, 1.0, 1.0, 1.0, 1.0, 1.0, 1.0, 1.0, 1.0, 1.0, 1.0, 1.0, 1.0, 1.0, 1.0, 1.0, 1.0, 1.0, 1.0, 1.0, 1.0, 1.0, 1.0, 1.0, 1.0, 1.0, 1.0, 1.0, 1.0, 1.0, 1.0, 1.0, 1.0, 1.0, 1.0, 1.0, 1.0, 1.0, 1.0, 1.0, 1.0, 1.0, 1.0, 1.0, 1.0, 1.0, 1.0, 1.0, 1.0, 1.0, 1.0, 1.0, 1.0, 1.0, 1.0, 1.0, 1.0, 1.0, 1.0, 1.0, 1.0, 1.0, 1.0, 1.0, 1.0, 1.0, 1.0, 1.0, 1.0, 1.0, 1.0, 1.0, 1.0, 1.0, 1.0, 1.0, 1.0, 1.0, 1.0, 1.0, 1.0, 1.0, 1.0, 1.0, 1.0, 1.0, 1.0, 1.0, 1.0, 1.0, 1.0, 1.0, 1.0, 1.0, 1.0, 1.0, 1.0, 1.0, 1.0, 1.0, 1.0, 1.0, 1.0, 1.0, 1.0, 1.0, 1.0, 1.0, 1.0, 1.0, 1.0, 1.0, 1.0, 1.0, 1.0, 1.0, 1.0, 1.0, 1.0, 1.0, 1.0, 1.0, 1.0, 1.0, 1.0, 1.0, 1.0, 1.0, 1.0, 1.0, 1.0, 1.0, 1.0, 1.0, 1.0, 1.0, 1.0, 1.0, 1.0, 1.0, 1.0, 1.0, 1.0, 1.0, 1.0, 1.0, 1.0, 1.0, 1.0, 1.0, 1.0, 1.0, 1.0, 1.0, 1.0, 1.0, 1.0, 1.0, 1.0, 1.0, 1.0, 1.0, 1.0, 1.0, 1.0, 1.0, 1.0, 1.0, 1.0, 1.0, 1.0, 1.0, 1.0, 1.0, 1.0, 1.0, 1.0, 1.0, 1.0, 1.0, 1.0, 1.0, 1.0, 1.0, 1.0, 1.0, 1.0, 1.0, 1.0, 1.0]}