{"avg_loss": [0.28087889889431705, 0.01362095531793859, 0.014774863568416315, 0.012622596814738539, 0.012486975235070988, 0.012689992992942697, 0.012259995311808802, 0.012365545268820548, 0.012055915882301335, 0.012008177991288671, 0.011945867780814835, 0.011953768787101556, 0.012256143165639029, 0.011704823464817292, 0.011679497097295941, 0.011535232076901008, 0.011673225073212012, 0.011536405480660017, 0.011556198898353064, 0.011781758992091985, 0.01150137659398321, 0.01148468382227891, 0.011520718187119463, 0.011457304571545304, 0.011362010090965328, 0.011365941112038262, 0.011207033188137566, 0.011413958136070674, 0.011459605866912786, 0.012047682652934679, 0.011176752695247382, 0.011404400007372351, 0.012481677609832684, 0.011178084439498706, 0.011435640195712724, 0.011342584590572854, 0.011239360225429876, 0.011251500368238609, 0.01119520416940244, 0.011315677938696641, 0.011366040003168359, 0.01133138106432205, 0.011282963485048918, 0.011118164679491983, 0.011249755641096825, 0.011226542932575408, 0.011099955347753725, 0.011173009047139621, 0.01106344114749652, 0.01159522908171085, 0.011417394339179729, 0.010993208663032777, 0.011053472608500231, 0.011182674321415757, 0.011311371841201831, 0.01129878468434933, 0.011536869120304754, 0.01117741207730551, 0.011437659971612061, 0.011702219426351232, 0.01134677609634326, 0.011302703290168338, 0.011065619927468465, 0.011422478047868768, 0.011088769764623373, 0.011257351424657277, 0.0112968639279124, 0.011220926677285713, 0.011309951995341247, 0.01112765340500009, 0.011104356301377346, 0.011360182951744641, 0.010943476542220554, 0.011040160694842337, 0.010863446700300523, 0.010854480322651692, 0.011283474366939973, 0.01097682216457307, 0.011081568549180357], "test_loss": [0.015243044042981553, 0.013440380213015687, 0.010632476649476728, 0.01049410177595508, 0.01153228281569623, 0.011418872736087085, 0.01066622249054137, 0.010291901091739743, 0.010153032915250729, 0.010529749898092643, 0.010751188406034116, 0.011393080467240916, 0.010411030771289203, 0.01029782196156707, 0.010433400637810996, 0.010473081711808016, 0.011194891126084698, 0.010191170530586945, 0.010254692922076475, 0.010509659770137496, 0.010199368781596167, 0.010245362254515052, 0.010237430540223792, 0.010501400297865728, 0.010339612174108188, 0.010217612280939333, 0.010728180915184318, 0.010197624083964914, 0.01173879810461914, 0.010505387298857225, 0.010551776005892018, 0.010140437095653796, 0.010502093134048051, 0.010691250375884193, 0.010544768452348694, 0.010100146294087021, 0.010173712706306764, 0.010659988936052347, 0.01025984163609739, 0.010717403219995276, 0.010528699779185446, 0.010328858048772488, 0.010210946526274248, 0.010173660850557948, 0.010599648113140653, 0.010428557256819947, 0.0107410085819342, 0.010253283739488915, 0.010539615793284869, 0.010529621013957534, 0.010262873312134399, 0.010452263834622314, 0.010852958753674051, 0.010538801330491157, 0.011278251055300923, 0.01022083345987674, 0.010726610724416337, 0.011423324510296482, 0.011441810553525675, 0.010523922559188712, 0.01018899238035532, 0.010506118143034397, 0.010757858302782254, 0.010234742746921446, 0.011327937114613612, 0.010598289389998763, 0.011110442034840165, 0.010693874265368102, 0.010338959052543511, 0.010602656193072204, 0.010314114039895506, 0.011404819490477834, 0.010266229042594032, 0.01032803293281382, 0.010217417734207349, 0.011044656934699608, 0.011009501879895687, 0.01068778494041263, 0.010261735641882375], "tot_time": 10.041435480117798, "tot_iterations": 316, "rho": [0.0001, 6.666666666666667e-05, 0.0001, 0.00015000000000000001, 0.0001, 0.00015000000000000001, 0.00022500000000000002, 0.0003375, 0.00050625, 0.000759375, 0.00050625, 0.00033749999999999996, 0.00022499999999999997, 0.00014999999999999996, 9.999999999999996e-05, 6.666666666666664e-05, 4.4444444444444426e-05, 2.9629629629629616e-05, 1.9753086419753076e-05, 1.3168724279835383e-05, 8.779149519890255e-06, 5.852766346593503e-06, 3.901844231062335e-06, 2.60122948737489e-06, 1.73415299158326e-06, 1.1561019943888399e-06, 1e-06, 1e-06, 1e-06, 1e-06, 1e-06, 1e-06, 1e-06, 1e-06, 1e-06, 1e-06, 1e-06, 1e-06, 1e-06, 1e-06, 1e-06, 1e-06, 1e-06, 1e-06, 1e-06, 1e-06, 1e-06, 1e-06, 1e-06, 1e-06, 1e-06, 1e-06, 1e-06, 1e-06, 1e-06, 1e-06, 1e-06, 1e-06, 1e-06, 1e-06, 1e-06, 1e-06, 1e-06, 1e-06, 1e-06, 1e-06, 1e-06, 1e-06, 1e-06, 1e-06, 1e-06, 1e-06, 1e-06, 1e-06, 1e-06, 1e-06, 1e-06, 1e-06, 1e-06, 1e-06, 1e-06, 1e-06, 1e-06, 1e-06, 1e-06, 1e-06, 1e-06, 1e-06, 1e-06, 1e-06, 1e-06, 1e-06, 1e-06, 1e-06, 1e-06, 1e-06, 1e-06, 1e-06, 1e-06, 1e-06, 1e-06, 1e-06, 1e-06, 1e-06, 1e-06, 1e-06, 1e-06, 1e-06, 1e-06, 1e-06, 1e-06, 1e-06, 1e-06, 1e-06, 1e-06, 1e-06, 1e-06, 1e-06, 1e-06, 1e-06, 1e-06, 1e-06, 1e-06, 1e-06, 1e-06, 1e-06, 1e-06, 1e-06, 1e-06, 1e-06, 1e-06, 1e-06, 1e-06, 1e-06, 1e-06, 1e-06, 1e-06, 1e-06, 1e-06, 1e-06, 1e-06, 1e-06, 1e-06, 1e-06, 1e-06, 1e-06, 1e-06, 1e-06, 1e-06, 1e-06, 1e-06, 1e-06, 1e-06, 1e-06, 1e-06, 1e-06, 1e-06, 1e-06, 1e-06, 1e-06, 1e-06, 1e-06, 1e-06, 1e-06, 1e-06, 1e-06, 1e-06, 1e-06, 1e-06, 1e-06, 1e-06, 1e-06, 1e-06, 1e-06, 1e-06, 1e-06, 1e-06, 1e-06, 1e-06, 1e-06, 1e-06, 1e-06, 1e-06, 1e-06, 1e-06, 1e-06, 1e-06, 1e-06, 1e-06, 1e-06, 1e-06, 1e-06, 1e-06, 1e-06, 1e-06, 1e-06, 1e-06, 1e-06, 1e-06, 1e-06, 1e-06, 1e-06, 1e-06, 1e-06, 1e-06, 1e-06, 1e-06, 1e-06, 1e-06, 1e-06, 1e-06, 1e-06, 1e-06, 1e-06, 1e-06, 1e-06, 1e-06, 1e-06, 1e-06, 1e-06, 1e-06, 1e-06, 1e-06, 1e-06, 1e-06, 1e-06, 1e-06, 1e-06, 1e-06, 1e-06, 1e-06, 1e-06, 1e-06, 1e-06, 1e-06, 1e-06, 1e-06, 1e-06, 1e-06, 1e-06, 1e-06, 1e-06, 1e-06, 1e-06, 1e-06, 1e-06, 1e-06, 1e-06, 1e-06, 1e-06, 1e-06, 1e-06, 1e-06, 1e-06, 1e-06, 1e-06, 1e-06, 1e-06, 1e-06, 1e-06, 1e-06, 1e-06, 1e-06, 1e-06, 1e-06, 1e-06, 1e-06, 1e-06, 1e-06, 1e-06, 1e-06, 1e-06, 1e-06, 1e-06, 1e-06, 1e-06, 1e-06, 1e-06, 1e-06, 1e-06, 1e-06, 1e-06, 1e-06, 1e-06, 1e-06, 1e-06, 1e-06, 1e-06, 1e-06, 1e-06, 1e-06, 1e-06, 1e-06, 1e-06, 1e-06, 1e-06, 1e-06, 1e-06, 1e-06, 1e-06, 1e-06, 1e-06, 1e-06, 1e-06, 1e-06, 1e-06, 1e-06, 1e-06, 1e-06, 1e-06, 1e-06, 1e-06, 1e-06, 1e-06, 1e-06, 1e-06], "alpha": [1.0, 0.5, 0.125, 1.0, 0.25, 0.25, 0.25, 0.5, 1.0, 1.0, 1.0, 1.0, 1.0, 1.0, 1.0, 1.0, 1.0, 1.0, 1.0, 1.0, 1.0, 1.0, 1.0, 1.0, 1.0, 1.0, 1.0, 1.0, 1.0, 1.0, 1.0, 1.0, 1.0, 1.0, 1.0, 1.0, 1.0, 1.0, 1.0, 1.0, 1.0, 1.0, 1.0, 1.0, 1.0, 1.0, 1.0, 1.0, 1.0, 1.0, 1.0, 1.0, 1.0, 1.0, 1.0, 1.0, 1.0, 1.0, 1.0, 1.0, 1.0, 1.0, 1.0, 1.0, 1.0, 1.0, 1.0, 1.0, 1.0, 1.0, 1.0, 1.0, 1.0, 1.0, 1.0, 1.0, 1.0, 1.0, 1.0, 1.0, 1.0, 1.0, 1.0, 1.0, 1.0, 1.0, 1.0, 1.0, 1.0, 1.0, 1.0, 1.0, 1.0, 1.0, 1.0, 1.0, 1.0, 1.0, 1.0, 1.0, 1.0, 1.0, 1.0, 1.0, 1.0, 1.0, 1.0, 1.0, 1.0, 1.0, 1.0, 1.0, 1.0, 1.0, 1.0, 1.0, 1.0, 1.0, 1.0, 1.0, 1.0, 1.0, 1.0, 1.0, 1.0, 1.0, 1.0, 1.0, 1.0, 1.0, 1.0, 1.0, 1.0, 1.0, 1.0, 1.0, 1.0, 1.0, 1.0, 1.0, 1.0, 1.0, 1.0, 1.0, 1.0, 1.0, 1.0, 1.0, 1.0, 1.0, 1.0, 1.0, 1.0, 1.0, 1.0, 1.0, 1.0, 1.0, 1.0, 1.0, 1.0, 1.0, 1.0, 1.0, 1.0, 1.0, 1.0, 1.0, 1.0, 1.0, 1.0, 1.0, 1.0, 1.0, 1.0, 1.0, 1.0, 1.0, 1.0, 1.0, 1.0, 1.0, 1.0, 1.0, 1.0, 1.0, 1.0, 1.0, 1.0, 1.0, 1.0, 1.0, 1.0, 1.0, 1.0, 1.0, 1.0, 1.0, 1.0, 1.0, 1.0, 1.0, 1.0, 1.0, 1.0, 1.0, 1.0, 1.0, 1.0, 1.0, 1.0, 1.0, 1.0, 1.0, 1.0, 1.0, 1.0, 1.0, 1.0, 1.0, 1.0, 1.0, 1.0, 1.0, 1.0, 1.0, 1.0, 1.0, 1.0, 1.0, 1.0, 1.0, 1.0, 1.0, 1.0, 1.0, 1.0, 1.0, 1.0, 1.0, 1.0, 1.0, 1.0, 1.0, 1.0, 1.0, 1.0, 1.0, 1.0, 1.0, 1.0, 1.0, 1.0, 1.0, 1.0, 1.0, 1.0, 1.0, 1.0, 1.0, 1.0, 1.0, 1.0, 1.0, 1.0, 1.0, 1.0, 1.0, 1.0, 1.0, 1.0, 1.0, 1.0, 1.0, 1.0, 1.0, 1.0, 1.0, 1.0, 1.0, 1.0, 1.0, 1.0, 1.0, 1.0, 1.0, 1.0, 1.0, 1.0, 1.0, 1.0, 1.0, 1.0, 1.0, 1.0, 1.0, 1.0, 1.0, 1.0, 1.0, 1.0, 1.0, 1.0, 1.0, 1.0, 1.0, 1.0, 1.0, 1.0, 1.0, 1.0, 1.0, 1.0, 1.0, 1.0, 1.0]}