{"avg_loss": [2.3030773262866586, 2.3030658968097883, 2.3030544972266562, 2.303043248992206, 2.3030322005177335, 2.303021162405492, 2.3030103169375895, 2.3029995421992426, 2.302988924007562, 2.302978505349618, 2.3029680563545494, 2.302957882941605, 2.302947669171759, 2.30293767499272, 2.3029277973850126, 2.3029179666853783, 2.3029082926741773, 2.302898708998624, 2.3028891700985126, 2.302879820729649, 2.302870602184904, 2.3028613913456932, 2.302852361234799, 2.3028434155635686, 2.302834439907086, 2.3028256365499686, 2.3028169593145056, 2.302808294481864, 2.3027997468969987, 2.3027912627700937, 2.3027828002064443, 2.302774445614002, 2.30276614906552, 2.302757959880148, 2.3027498049096, 2.302741643342459, 2.302733705957934, 2.302725739476634, 2.302717732477342, 2.302709889635716, 2.302702030818812, 2.30269426193237, 2.302686664112961, 2.3026788882542575, 2.3026713132122807, 2.302663645064723, 2.302656085285282, 2.3026486237363617, 2.3026411953496604, 2.3026337497354787, 2.3026263162378346, 2.302619001138806, 2.3026116432613573, 2.3026043896495425, 2.3025972051051595, 2.3025899723264605, 2.3025827414212587, 2.3025755672166572, 2.30256841982048, 2.302561307659522, 2.302554264438506, 2.3025471571096054, 2.3025401060341455, 2.3025330989744597, 2.3025261660268637, 2.3025191656738992, 2.302512209206669, 2.3025052765794003, 2.30249835294575, 2.3024915126800725, 2.302484591467871, 2.302477755156775, 2.302470861690407, 2.3024640261992935, 2.30245712626462, 2.30245038478921, 2.302443480952696, 2.302436706355613, 2.302429936959868, 2.302423158180075, 2.3024163352601166, 2.302409581120794, 2.302402876764369, 2.302396073168818, 2.3023892763752407, 2.3023826139644856, 2.302375813400736, 2.3023690153629435, 2.3023623690931463, 2.3023555443454766, 2.3023488530534904, 2.30234212358217, 2.3023353839368856, 2.3023286093016675, 2.3023219075956196, 2.302315120873841, 2.3023084393683635, 2.3023016763259547, 2.3022948717383116, 2.3022881790599454], "acc": [0.1, 0.10000000000000002, 0.10000000000000002, 0.10000000000000005, 0.10000000000000003, 0.10000000000000002, 0.10000000000000002, 0.10000000000000005, 0.1, 0.10000000000000003, 0.10000000000000005, 0.10000000000000003, 0.10000000000000002, 0.10000000000000003, 0.10000000000000002, 0.10000000000000007, 0.10000000000000005, 0.10000000000000005, 0.10000000000000003, 0.1, 0.10000000000000003, 0.10000000000000003, 0.10000000000000003, 0.10000000000000002, 0.10000000000000003, 0.10000000000000005, 0.10000000000000002, 0.10000000000000002, 0.10000000000000003, 0.10000000000000002, 0.1, 0.10000000000000002, 0.09999999999999996, 0.10000000000000003, 0.10000000000000003, 0.1, 0.10000000000000007, 0.10000000000000002, 0.10000000000000003, 0.10000000000000005, 0.10000000000000003, 0.10000000000000002, 0.10000000000000007, 0.10000000000000007, 0.10000000000000003, 0.10000000000000003, 0.10000000000000002, 0.10000000000000002, 0.10000000000000002, 0.10000000000000002, 0.10000000000000002, 0.10000000000000003, 0.1, 0.09999999999999998, 0.10000000000000002, 0.10000000000000002, 0.10000000000000005, 0.09999999999999998, 0.10000000000000002, 0.10000000000000002, 0.1, 0.10000000000000003, 0.10000000000000002, 0.10000000000000007, 0.10000000000000003, 0.10000000000000005, 0.10000000000000005, 0.10000000000000002, 0.10000000000000002, 0.10000000000000005, 0.1, 0.10000000000000005, 0.1, 0.10000000000000003, 0.10000000000000003, 0.10000000000000002, 0.10000000000000003, 0.10000000000000002, 0.10000000000000003, 0.10000000000000003, 0.1, 0.10000000000000003, 0.10000000000000002, 0.1, 0.1, 0.10000000000000002, 0.09999999999999998, 0.10000000000000003, 0.10000000000000002, 0.10000000000000003, 0.10000000000000005, 0.1, 0.10000000000000007, 0.10000000000000003, 0.10000000000000003, 0.10000000000000003, 0.10000000000000003, 0.09999999999999996, 0.10000000000000002, 0.10000000000000003], "test_acc": [0.1, 0.1, 0.1, 0.1, 0.1, 0.1, 0.1, 0.1, 0.1, 0.1, 0.1, 0.1, 0.1, 0.1, 0.1, 0.1, 0.1, 0.1, 0.1, 0.1, 0.1, 0.1, 0.1, 0.1, 0.1, 0.1, 0.1, 0.1, 0.1, 0.1, 0.1, 0.1, 0.1, 0.1, 0.1, 0.1, 0.1, 0.1, 0.1, 0.1, 0.1, 0.1, 0.1, 0.1, 0.1, 0.1, 0.1, 0.1, 0.1, 0.1, 0.1, 0.1, 0.1, 0.1, 0.1, 0.1, 0.1, 0.1, 0.1, 0.1, 0.1, 0.1, 0.1, 0.1, 0.1, 0.1, 0.1, 0.1, 0.1, 0.1, 0.1, 0.1, 0.1, 0.1, 0.1, 0.1, 0.1, 0.1, 0.1, 0.1, 0.1, 0.1, 0.1, 0.1, 0.1, 0.1, 0.1, 0.1, 0.1, 0.1, 0.1, 0.1, 0.1, 0.1, 0.1, 0.1, 0.1, 0.1, 0.1, 0.1], "tot_time": 1409.3843591213226, "tot_iterations": 5000, "tot_epochs": 100}