{"avg_loss": [2.4081412033965415, 2.303123858682448, 2.303134528196765, 2.302981465188937, 2.3030053367648766, 2.3031111708485215, 2.3029541621741965, 2.3029784945362737, 2.30301149592785, 2.3029620106053, 2.302954656360497, 2.302956428098357, 2.303079569125714, 2.302899638832507, 2.303135425439884, 2.3028742327043394, 2.3029477451648286, 2.302988500833726, 2.302926424767333, 2.3029422089195113, 2.3029935891182953, 2.3029891237188687, 2.302948960330586, 2.30295771142729, 2.303067254131478, 2.302992953844225, 2.303047319045327, 2.302975503363594, 2.302847571888142, 2.302971672222826, 2.3029916691934122, 2.3029033088575437, 2.3030144736218703, 2.302946160787433, 2.302919614143898, 2.302903980457993, 2.302948675958743, 2.3029039312177657, 2.3029130408725096, 2.3030106875721263, 2.302937064481704, 2.3028282515860923, 2.302869289976277, 2.3029566263276577, 2.3029702793322833, 2.3028506514638902, 2.3030066136359695, 2.302894933791424, 2.3029509394796666, 2.30286122231855, 2.3029692672946482, 2.3029939293485904, 2.3029391255249876, 2.370037809065422, 2.302891113815051, 2.302859702598445, 2.3028571355932987, 2.3029510568513074, 2.3029418833210697, 2.3028457106326417, 2.3029087920294065, 2.3027633369652274, 2.302847814470406, 2.302937026896759, 2.3028829234073727, 2.3029015860080864, 2.302861285721454, 2.3029045151538488, 2.3029150954018633, 2.302917030441962, 2.3027961700117463, 2.3029050052795856, 2.3029427950577164, 2.3028095479371227, 2.302917509211214, 2.3029477156171594, 2.302906123142767, 2.3029010360996693, 2.302892082210977, 2.3028833351874307, 2.3027384528366484, 2.3029718783978064, 2.3029866866780173, 2.3029308014539254, 2.302955060731824, 2.3028753462446176, 2.302908358606303, 2.3028712772613513, 2.3029186736298115, 2.302835051236335, 2.3029387739116087, 2.302901634759073, 2.302911747690909, 2.302866283664071, 2.3028275194779706, 2.302834317819623, 2.3028683683119957, 2.302870875635915, 2.3028563379017664, 2.302893421217768], "acc": [0.1049, 0.09765000000000006, 0.09656666666666669, 0.10001666666666668, 0.09960000000000001, 0.09774999999999999, 0.10083333333333337, 0.09933333333333337, 0.09914999999999999, 0.10101666666666669, 0.09836666666666669, 0.09828333333333335, 0.09525000000000003, 0.09953333333333339, 0.0982666666666667, 0.10058333333333337, 0.09805000000000001, 0.0984166666666667, 0.09991666666666665, 0.09960000000000001, 0.09908333333333333, 0.09831666666666668, 0.09908333333333334, 0.09798333333333334, 0.09706666666666668, 0.09998333333333335, 0.09613333333333338, 0.0980666666666667, 0.09765000000000006, 0.09793333333333334, 0.09901666666666673, 0.09993333333333337, 0.09856666666666673, 0.09833333333333336, 0.09961666666666669, 0.09896666666666672, 0.0987166666666667, 0.09893333333333337, 0.09939999999999999, 0.09901666666666671, 0.09851666666666668, 0.09958333333333337, 0.10041666666666668, 0.09853333333333336, 0.0962, 0.09835000000000003, 0.09963333333333334, 0.09953333333333335, 0.09740000000000003, 0.09938333333333335, 0.09850000000000002, 0.10105000000000003, 0.09928333333333333, 0.10178333333333335, 0.09855, 0.10028333333333334, 0.09814999999999999, 0.09916666666666668, 0.1001166666666667, 0.0993166666666667, 0.10038333333333337, 0.10121666666666668, 0.09871666666666666, 0.10005000000000004, 0.09749999999999999, 0.09883333333333337, 0.10030000000000003, 0.09758333333333336, 0.09753333333333332, 0.0981666666666667, 0.10048333333333334, 0.10013333333333335, 0.09838333333333335, 0.10068333333333339, 0.09891666666666672, 0.09945000000000004, 0.09774999999999999, 0.09725000000000002, 0.09958333333333337, 0.09983333333333338, 0.09951666666666668, 0.09893333333333336, 0.09558333333333334, 0.0984, 0.09778333333333335, 0.09933333333333336, 0.09803333333333336, 0.09843333333333332, 0.09795000000000001, 0.10060000000000001, 0.09803333333333336, 0.09851666666666671, 0.09785000000000005, 0.10033333333333339, 0.09990000000000004, 0.09946666666666668, 0.09659999999999995, 0.10111666666666667, 0.09921666666666669, 0.09891666666666668], "test_acc": [0.1, 0.1, 0.1, 0.1, 0.1001, 0.1, 0.1, 0.1, 0.1, 0.1001, 0.1001, 0.1, 0.0997, 0.1, 0.1, 0.1, 0.1, 0.1, 0.1, 0.1, 0.1, 0.1, 0.1, 0.1, 0.1, 0.1, 0.1, 0.1, 0.1, 0.1, 0.1, 0.1, 0.1, 0.1, 0.1, 0.1, 0.1, 0.1, 0.1, 0.1, 0.1, 0.1, 0.1, 0.1, 0.1, 0.1, 0.1, 0.1, 0.1, 0.1, 0.1, 0.1, 0.1, 0.0997, 0.1, 0.1, 0.1, 0.1, 0.1, 0.1, 0.1, 0.1, 0.1, 0.1, 0.1, 0.1, 0.1, 0.1, 0.1, 0.1, 0.1, 0.1, 0.1, 0.1, 0.1, 0.1, 0.1, 0.1, 0.1, 0.1, 0.1, 0.1, 0.1, 0.1, 0.1, 0.1, 0.1, 0.1, 0.1, 0.1, 0.1, 0.1, 0.1, 0.1, 0.1, 0.1, 0.1, 0.1, 0.1, 0.1], "tot_time": 328.1521375179291, "tot_iterations": 6000, "tot_epochs": 100}