{"avg_loss": [2.29819082554632, 2.2486204216607866, 2.208891508800051, 2.1718849550096677, 2.132159922373331, 2.0875517031649693, 2.0361061550328023, 1.9766362676858877, 1.9078455413465882, 1.8288020807103338, 1.7387497094016087, 1.6375414636475567, 1.5261247259388064, 1.4074329855725165, 1.2874041393671782, 1.1751432799167882, 1.0787639407785732, 1.0006857313540254, 0.9388631667437459, 0.8902571362375784, 0.8523013777339271, 0.8221770815616444, 0.7980260148939385, 0.7780385988085691, 0.7612427403138347, 0.7469340708619157, 0.7343474931529348, 0.7233424699734733, 0.7134599874274314, 0.7045505920384845, 0.6964045625204761, 0.6889277190563982, 0.6820348756954924, 0.6755410567695301, 0.6694684917008644, 0.6637844018024792, 0.6583387260954807, 0.6531929275994768, 0.6482441153743712, 0.643506212675928, 0.6389860838076381, 0.6346839914948694, 0.6305606460418548, 0.6264367591564006, 0.6225101110009386, 0.6188146105385695, 0.6151439861909902, 0.6115618395844138, 0.6081850220096748, 0.6048100897182404, 0.6014914307026297, 0.5984432145715771, 0.5953619637824225, 0.5923444282219534, 0.5894232271035043, 0.586605187313138, 0.5838657202676131, 0.5811754796905055, 0.578441883019316, 0.5758322824924154, 0.5732196001202301, 0.5707347883794364, 0.5682537623497503, 0.5658750937835139, 0.5635272276228317, 0.5612650520727721, 0.5589742068896754, 0.5567166873723638, 0.5544829541594443, 0.5523809322453022, 0.5502529481559771, 0.5480469093648997, 0.5460188288231368, 0.5440766944300033, 0.5420635969082628, 0.5399925685478367, 0.5379317463315627, 0.536017458160737, 0.5341634229351176, 0.5323835247239752, 0.5304771094246763, 0.5287609727989879, 0.5269830462540853, 0.5252239517719763, 0.5235490158775788, 0.5218927598097068, 0.5201779188525353, 0.5186553855392613, 0.5170808484207131, 0.5154869119304941, 0.5139123866809722, 0.5125031169543761, 0.5109357995046528, 0.5095161777234437, 0.508120989430367, 0.5066748750389676, 0.5053416244283784, 0.5039337946596948, 0.5025404454484064, 0.5013331957553014], "acc": [0.09040000000000002, 0.12389999999999997, 0.18669999999999995, 0.24760000000000001, 0.30256666666666665, 0.3498833333333333, 0.38641666666666674, 0.41236666666666666, 0.43283333333333346, 0.4511666666666666, 0.46545000000000003, 0.48110000000000014, 0.5074333333333335, 0.5623166666666667, 0.6169333333333336, 0.6504999999999997, 0.6699833333333333, 0.6838499999999998, 0.69745, 0.7063499999999999, 0.7142333333333334, 0.7186833333333331, 0.7243333333333333, 0.7285833333333334, 0.7312, 0.735, 0.7370499999999998, 0.7391499999999999, 0.7415166666666667, 0.7436499999999998, 0.7456, 0.7482500000000004, 0.7496333333333335, 0.7512999999999997, 0.7533666666666666, 0.7545000000000002, 0.7565500000000003, 0.7580166666666667, 0.7599833333333336, 0.7618833333333336, 0.7629166666666667, 0.7649166666666666, 0.7664666666666666, 0.76815, 0.7693666666666668, 0.7705666666666667, 0.7717666666666668, 0.77335, 0.7744833333333335, 0.7760833333333336, 0.77755, 0.7785500000000002, 0.7805833333333335, 0.7814499999999998, 0.7826333333333337, 0.7833, 0.78475, 0.7858666666666665, 0.7870000000000004, 0.7884166666666669, 0.7896333333333332, 0.7910333333333335, 0.7917166666666671, 0.7927333333333331, 0.7945833333333335, 0.7948999999999998, 0.7959166666666666, 0.7974166666666666, 0.7981666666666664, 0.798816666666667, 0.7998333333333332, 0.8009833333333335, 0.8016, 0.8028999999999998, 0.8032833333333331, 0.8040333333333332, 0.8051666666666669, 0.8054000000000002, 0.8068666666666667, 0.8079833333333334, 0.8082333333333334, 0.8084333333333333, 0.8097333333333333, 0.8104000000000001, 0.8112333333333334, 0.8113000000000002, 0.812833333333333, 0.8126166666666667, 0.8133666666666669, 0.8148833333333331, 0.815466666666667, 0.8159166666666666, 0.8159333333333336, 0.8166833333333334, 0.8174000000000002, 0.8177500000000002, 0.8184499999999999, 0.8188666666666667, 0.8194166666666666, 0.8199666666666668], "test_acc": [0.1035, 0.1469, 0.2165, 0.2733, 0.3233, 0.3656, 0.3937, 0.415, 0.4345, 0.4502, 0.4634, 0.4841, 0.5284, 0.5878, 0.6301, 0.6535, 0.6696, 0.686, 0.6932, 0.7028, 0.7069, 0.7127, 0.7185, 0.7184, 0.7254, 0.728, 0.7304, 0.7321, 0.7335, 0.7354, 0.7371, 0.7385, 0.7406, 0.7427, 0.7433, 0.7459, 0.7481, 0.7502, 0.752, 0.7515, 0.7527, 0.7563, 0.759, 0.7608, 0.7616, 0.765, 0.7665, 0.7641, 0.7678, 0.7687, 0.7704, 0.7711, 0.7727, 0.7745, 0.7754, 0.7772, 0.7776, 0.7794, 0.7792, 0.7812, 0.7831, 0.7854, 0.7845, 0.7868, 0.7881, 0.7888, 0.7901, 0.7915, 0.7914, 0.7927, 0.794, 0.7944, 0.795, 0.7955, 0.7973, 0.798, 0.798, 0.799, 0.7999, 0.8005, 0.8008, 0.8012, 0.8007, 0.8046, 0.8031, 0.803, 0.8049, 0.8067, 0.8066, 0.8071, 0.8072, 0.8087, 0.8088, 0.8099, 0.8098, 0.8102, 0.8117, 0.8117, 0.8114, 0.8125], "tot_time": 327.1889841556549, "tot_iterations": 6000, "tot_epochs": 100}