{"avg_loss": [0.285242764358724, 0.0312858709809892, 0.019404526217280737, 0.012001924443931201, 0.012146121594953457, 0.012820964157322028, 0.012507036489137684, 0.012510840151845228, 0.01189140811229041, 0.01129709100983545, 0.012198460203684092, 0.012409309828159775, 0.012842579274422852, 0.011210834299159268, 0.011829807608281551, 0.011737605265768728, 0.012348667834225724, 0.010819562865882494, 0.010785668015973677, 0.011687616844751307, 0.010778679859031364, 0.011782776024794907, 0.011964341587920525, 0.01081608601899407, 0.010398584315637406, 0.010556965383162841, 0.012502759700565642, 0.011033883195947655, 0.010431040904479135, 0.010750314812159994, 0.010862168856898719, 0.01232546100446304, 0.012712272566343094, 0.011693216573473737, 0.01092034705131632, 0.011351122112623945, 0.011216025961268203, 0.010920177570988551, 0.010435663568980114], "test_loss": [0.03331266634112365, 0.02287445789873516, 0.012932393885967145, 0.012326607776735774, 0.011521366480173068, 0.011895158125665448, 0.010059048338973278, 0.01170449492002418, 0.010983691506138822, 0.012437335611092464, 0.00983645424390531, 0.010025037068967374, 0.009961802925686023, 0.012427958339066136, 0.012377420616584462, 0.013596318341601896, 0.010679221480265021, 0.009285146658182466, 0.01040920927606601, 0.00996990949386303, 0.01152286619706345, 0.014015031964753767, 0.012307606702698703, 0.01045975273264911, 0.010615213407343376, 0.00961504042991866, 0.009808483427329071, 0.010293023442570343, 0.009557662383895877, 0.009694264386149992, 0.011052316769733093, 0.01514014522082324, 0.009896316436065556, 0.01007087178432648, 0.010928248837840453, 0.00989228857021564, 0.010566262092250108, 0.010954095934887836, 0.009803802522616143], "tot_time": 10.188045263290405, "tot_iterations": 156, "rho": [0.0001, 0.0001, 6.666666666666667e-05, 0.0001, 0.00015000000000000001, 0.00022500000000000002, 0.0003375, 0.00050625, 0.000759375, 0.0011390624999999999, 0.0007593749999999999, 0.0007593749999999999, 0.0007593749999999999, 0.0005062499999999999, 0.0003374999999999999, 0.0003374999999999999, 0.0003374999999999999, 0.0003374999999999999, 0.0003374999999999999, 0.0005062499999999999, 0.0005062499999999999, 0.0005062499999999999, 0.0003374999999999999, 0.0003374999999999999, 0.0005062499999999999, 0.0003374999999999999, 0.0003374999999999999, 0.00022499999999999994, 0.00022499999999999994, 0.00022499999999999994, 0.00022499999999999994, 0.00014999999999999996, 0.00022499999999999994, 0.00022499999999999994, 0.00014999999999999996, 0.00014999999999999996, 0.00022499999999999994, 0.00014999999999999996, 0.00022499999999999994, 0.0003374999999999999, 0.0003374999999999999, 0.00022499999999999994, 0.0003374999999999999, 0.0005062499999999999, 0.0003374999999999999, 0.0003374999999999999, 0.0003374999999999999, 0.00022499999999999994, 0.0003374999999999999, 0.0003374999999999999, 0.0003374999999999999, 0.0005062499999999999, 0.0003374999999999999, 0.00022499999999999994, 0.00022499999999999994, 0.00014999999999999996, 9.999999999999996e-05, 6.666666666666664e-05, 6.666666666666664e-05, 6.666666666666664e-05, 6.666666666666664e-05, 6.666666666666664e-05, 9.999999999999996e-05, 6.666666666666664e-05, 9.999999999999996e-05, 6.666666666666664e-05, 6.666666666666664e-05, 9.999999999999996e-05, 9.999999999999996e-05, 6.666666666666664e-05, 4.4444444444444426e-05, 6.666666666666664e-05, 4.4444444444444426e-05, 4.4444444444444426e-05, 2.9629629629629616e-05, 1.9753086419753076e-05, 1.9753086419753076e-05, 2.9629629629629613e-05, 4.444444444444442e-05, 4.444444444444442e-05, 2.9629629629629613e-05, 4.444444444444442e-05, 6.666666666666663e-05, 6.666666666666663e-05, 6.666666666666663e-05, 9.999999999999994e-05, 6.666666666666662e-05, 9.999999999999992e-05, 0.00014999999999999988, 9.999999999999991e-05, 0.00014999999999999985, 0.00022499999999999978, 0.00022499999999999978, 0.00014999999999999985, 0.00022499999999999978, 0.0003374999999999997, 0.00022499999999999978, 0.0003374999999999997, 0.00022499999999999978, 0.0003374999999999997, 0.00022499999999999978, 0.00022499999999999978, 0.00022499999999999978, 0.00022499999999999978, 0.00014999999999999985, 0.00014999999999999985, 0.00014999999999999985, 9.99999999999999e-05, 9.99999999999999e-05, 6.666666666666659e-05, 4.444444444444439e-05, 2.9629629629629593e-05, 4.444444444444439e-05, 2.9629629629629593e-05, 2.9629629629629593e-05, 1.975308641975306e-05, 1.3168724279835373e-05, 8.779149519890249e-06, 5.852766346593499e-06, 3.901844231062332e-06, 5.852766346593498e-06, 8.779149519890247e-06, 1.316872427983537e-05, 8.779149519890245e-06, 5.852766346593496e-06, 8.779149519890245e-06, 8.779149519890245e-06, 8.779149519890245e-06, 8.779149519890245e-06, 8.779149519890245e-06, 5.852766346593496e-06, 8.779149519890245e-06, 5.852766346593496e-06, 8.779149519890245e-06, 8.779149519890245e-06, 5.852766346593496e-06, 8.779149519890245e-06, 8.779149519890245e-06, 5.852766346593496e-06, 5.852766346593496e-06, 8.779149519890245e-06, 5.852766346593496e-06, 5.852766346593496e-06, 8.779149519890245e-06, 1.3168724279835368e-05, 8.779149519890245e-06, 8.779149519890245e-06, 8.779149519890245e-06, 5.852766346593496e-06, 3.90184423106233e-06, 5.8527663465934954e-06, 5.8527663465934954e-06, 3.90184423106233e-06, 5.8527663465934954e-06, 8.779149519890244e-06, 8.779149519890244e-06], "alpha": [1.0, 1.0, 1.0, 0.5, 0.25, 0.5, 0.125, 0.5, 0.25, 1.0, 1.0, 1.0, 1.0, 1.0, 1.0, 1.0, 1.0, 1.0, 0.5, 1.0, 1.0, 1.0, 1.0, 0.5, 1.0, 1.0, 1.0, 1.0, 1.0, 1.0, 1.0, 0.5, 1.0, 1.0, 1.0, 0.5, 1.0, 0.5, 0.5, 1.0, 1.0, 0.5, 1.0, 1.0, 1.0, 1.0, 1.0, 0.5, 1.0, 1.0, 1.0, 1.0, 1.0, 1.0, 1.0, 1.0, 1.0, 1.0, 1.0, 1.0, 1.0, 0.5, 1.0, 1.0, 1.0, 1.0, 0.5, 1.0, 1.0, 1.0, 0.5, 1.0, 1.0, 1.0, 1.0, 1.0, 0.5, 0.5, 1.0, 1.0, 0.5, 0.5, 1.0, 1.0, 0.5, 1.0, 0.5, 0.5, 1.0, 0.5, 0.5, 1.0, 1.0, 0.5, 0.25, 1.0, 0.5, 1.0, 0.5, 1.0, 1.0, 1.0, 1.0, 1.0, 1.0, 1.0, 1.0, 1.0, 1.0, 1.0, 1.0, 0.25, 1.0, 1.0, 1.0, 1.0, 1.0, 1.0, 1.0, 0.25, 0.25, 1.0, 1.0, 1.0, 1.0, 1.0, 1.0, 1.0, 1.0, 1.0, 0.25, 1.0, 1.0, 1.0, 1.0, 0.5, 1.0, 1.0, 1.0, 1.0, 1.0, 1.0, 0.25, 0.5, 1.0, 1.0, 1.0, 1.0, 1.0, 0.5, 1.0, 1.0, 0.5, 0.5, 1.0, 1.0]}