{"avg_loss": [0.8122069733954179, 0.04706101668739673, 0.027377270949442162, 0.021262948890543667, 0.016951456206924394, 0.012405819596799119, 0.011487792576749055, 0.011192335778342596, 0.010848983664007114, 0.00990771086389761, 0.009862299916528892, 0.009837019929219398, 0.009814242109857683, 0.009803244896203388, 0.009792862409782168, 0.009781627925580355, 0.00977061285553977, 0.009761419679557973, 0.009752325984535919, 0.009743709470240922, 0.009735178409313974, 0.009726920604661736, 0.009718749374366703, 0.009710767001191261, 0.00970287591802326, 0.009695118931808064, 0.009687461075266066, 0.009679895269831372, 0.009672434901213852, 0.009665032819766887, 0.009657742254914062, 0.009650481805149382, 0.009643338227592984, 0.009636201424427738, 0.009629186048739543, 0.00962215835047204, 0.00961525595262989, 0.009608325771155361, 0.009601524251883658, 0.009594682474600123, 0.009587972363926297, 0.009581211870562429, 0.009574585798943923, 0.009567901005523793, 0.009561353204777401, 0.009554739671055355, 0.009548265548974331, 0.009541719666431912, 0.009535315473767287, 0.009528834234198145, 0.009522496820143049, 0.00951607765225904, 0.009509804295617104, 0.009503444953411752, 0.009497233250827268, 0.009490931738739668, 0.009484779532446908, 0.00947853405570139, 0.00947243938670464, 0.009466248317891427, 0.009460209394752235, 0.009454071250511904, 0.009448086427153082, 0.009441999850607228, 0.009436067609322045, 0.009430031355856888, 0.009424150293207034, 0.009418163218057699, 0.009412332032554507, 0.009406393079540434, 0.009400610560570193, 0.009394718751676624, 0.009388983769421605, 0.00938313819511988, 0.009377449691401132, 0.009371649501690681, 0.009366006481611493, 0.009360250877813212, 0.009354652402137969, 0.009348940629350252, 0.009343385807547422, 0.009337717147788496, 0.009332205131603457, 0.009326578897525806, 0.009321108874983018, 0.009315524404097669, 0.009310095593826211, 0.009304552243111039, 0.009299163888855405, 0.009293661029643801, 0.00928831239482942, 0.009282849407798952, 0.00927753977001442, 0.009272116040160474, 0.009266844685327458, 0.009261459596684531, 0.009256225812741147, 0.009250878742612554, 0.009245681812405256, 0.009240372124847827, 0.009235211317862231], "test_loss": [0.05114159980626788, 0.03317728359766415, 0.025022371881482364, 0.01885434003983842, 0.01308730349605887, 0.01154708616458532, 0.011021082786505421, 0.010563598710068975, 0.01005370349563094, 0.010087054968511377, 0.009812310562624247, 0.009978936926274646, 0.009850191007351872, 0.009960063839265619, 0.009838562634931805, 0.0099448088158049, 0.009809266859093196, 0.009929448977276625, 0.009792416270049004, 0.009914255147570246, 0.0097795316418055, 0.009899180890202275, 0.009768457956168621, 0.009884185429176214, 0.009759195952327103, 0.009869241588056193, 0.009750375116196836, 0.009854416293043296, 0.009742263313209203, 0.009839788895566377, 0.00973454121011495, 0.009825487896320389, 0.009726976792676336, 0.009811642831048732, 0.00971939994209043, 0.009798359163652764, 0.009711699916742195, 0.00978570281762904, 0.009703819671226376, 0.009773696862472132, 0.009695744218946804, 0.009762327193227935, 0.009687487502781365, 0.009751552169745365, 0.00967908061113193, 0.00974131255863226, 0.0096705628641888, 0.009731539748505297, 0.009661975530631627, 0.009722162772461606, 0.009653357874321216, 0.009713113699504259, 0.009644744808033798, 0.009704331297389472, 0.009636165751928225, 0.009695763018340957, 0.00962764429434361, 0.009687365562509664, 0.009619198415267894, 0.009679104599850507, 0.009610841024526804, 0.00967095391655934, 0.009602580717144895, 0.009662894409825847, 0.009594422570377304, 0.009654912735273016, 0.009586368937720805, 0.009647000121764246, 0.0095784201644146, 0.009639151214521453, 0.009570575193169, 0.009631363114740447, 0.009562832053282974, 0.009623634495815643, 0.009555188227980887, 0.009615965053115877, 0.009547640915491009, 0.009608354969788494, 0.009540187211507406, 0.009600804642678604, 0.009532824214318355, 0.009593314403685415, 0.009525549086565055, 0.009585884449727742, 0.009518359082213865, 0.009578514706774208, 0.009511251552089614, 0.009571204847103986, 0.009504223936013592, 0.00956395422961899, 0.009497273753987536, 0.009556761908756414, 0.009490398584735889, 0.009549626665021693, 0.009483596053421455, 0.009542546927508036, 0.009476863818119479, 0.009535520865064234, 0.0094701995520454, 0.00952854628125404, 0.00946360093288586], "tot_time": 10.055577039718628, "tot_iterations": 101, "rho": [0.0001, 6.666666666666667e-05, 0.0001, 0.00015000000000000001, 0.00015000000000000001, 0.00022500000000000002, 0.0003375, 0.00050625, 0.000759375, 0.00050625, 0.00033749999999999996, 0.00022499999999999997, 0.00014999999999999996, 9.999999999999996e-05, 6.666666666666664e-05, 4.4444444444444426e-05, 2.9629629629629616e-05, 1.9753086419753076e-05, 1.3168724279835383e-05, 8.779149519890255e-06, 5.852766346593503e-06, 3.901844231062335e-06, 2.60122948737489e-06, 1.73415299158326e-06, 1.1561019943888399e-06, 1e-06, 1e-06, 1e-06, 1e-06, 1e-06, 1e-06, 1e-06, 1e-06, 1e-06, 1e-06, 1e-06, 1e-06, 1e-06, 1e-06, 1e-06, 1e-06, 1e-06, 1e-06, 1e-06, 1e-06, 1e-06, 1e-06, 1e-06, 1e-06, 1e-06, 1e-06, 1e-06, 1e-06, 1e-06, 1e-06, 1e-06, 1e-06, 1e-06, 1e-06, 1e-06, 1e-06, 1e-06, 1e-06, 1e-06, 1e-06, 1e-06, 1e-06, 1e-06, 1e-06, 1e-06, 1e-06, 1e-06, 1e-06, 1e-06, 1e-06, 1e-06, 1e-06, 1e-06, 1e-06, 1e-06, 1e-06, 1e-06, 1e-06, 1e-06, 1e-06, 1e-06, 1e-06, 1e-06, 1e-06, 1e-06, 1e-06, 1e-06, 1e-06, 1e-06, 1e-06, 1e-06, 1e-06, 1e-06, 1e-06, 1e-06, 1e-06], "alpha": [1.0, 0.5, 0.25, 1.0, 0.25, 0.25, 0.25, 0.5, 1.0, 1.0, 1.0, 1.0, 1.0, 1.0, 1.0, 1.0, 1.0, 1.0, 1.0, 1.0, 1.0, 1.0, 1.0, 1.0, 1.0, 1.0, 1.0, 1.0, 1.0, 1.0, 1.0, 1.0, 1.0, 1.0, 1.0, 1.0, 1.0, 1.0, 1.0, 1.0, 1.0, 1.0, 1.0, 1.0, 1.0, 1.0, 1.0, 1.0, 1.0, 1.0, 1.0, 1.0, 1.0, 1.0, 1.0, 1.0, 1.0, 1.0, 1.0, 1.0, 1.0, 1.0, 1.0, 1.0, 1.0, 1.0, 1.0, 1.0, 1.0, 1.0, 1.0, 1.0, 1.0, 1.0, 1.0, 1.0, 1.0, 1.0, 1.0, 1.0, 1.0, 1.0, 1.0, 1.0, 1.0, 1.0, 1.0, 1.0, 1.0, 1.0, 1.0, 1.0, 1.0, 1.0, 1.0, 1.0, 1.0, 1.0, 1.0, 1.0, 1.0]}