{"avg_loss": [2.098388489514176, 1.289880622720688, 0.7725582856265408, 0.6847186882331341, 0.6417397359812568, 0.6046684090954996, 0.5780049459732685, 0.5602780109047892, 0.5362441277331558, 0.5270927433291664, 0.5074143181837049, 0.5010794975350282, 0.499563303505292, 0.47793272738370013, 0.4738992904351696, 0.4629411081095695, 0.4608428213019304, 0.4524779738434981, 0.44558279060863726, 0.4422266793261026, 0.4343385330342814, 0.4324520378070363, 0.42717291337085317, 0.42344346067670824, 0.41988483675815286, 0.41760400699253203, 0.4107195962037457, 0.4074176076906438, 0.4059268121337426, 0.40149303815029114, 0.39987407231952327, 0.3969908619323681, 0.3914543735988836, 0.39307976058249144, 0.3866367629111219, 0.383694701483026, 0.3795485697947008, 0.38326964726875457, 0.3764648362479226, 0.37422324576917804, 0.37785153837388735, 0.37328700803333636, 0.370181309759495, 0.36976095230171657, 0.363917680737767, 0.3679415810382036, 0.36063520817077105, 0.3623193253487689, 0.3643232754003334, 0.35548142710955816, 0.3572317377531606, 0.35462030585291926, 0.35342425167352026, 0.35414286889363006, 0.3509604954104572, 0.3481305730289697, 0.3469995865110426, 0.34405372403351503, 0.3445925668679225, 0.34346408621266444, 0.3412203216451792, 0.34180695741890316, 0.3383771668628126, 0.336697570054775, 0.3397309939130748, 0.33391180112057767, 0.3351271689049006, 0.33520254199518745, 0.330907056218324, 0.332023192144924, 0.32748180393649146, 0.32580819140389594, 0.32901215170898257, 0.33142041515341764, 0.3254946944617286, 0.3218585021882721, 0.32516479221619865, 0.32133124702635224, 0.32435885373109385, 0.32041338963952487, 0.3209303209738591, 0.3213730643078071, 0.31627724226206605, 0.3221038492954823, 0.3157043421699944, 0.3182939141564047, 0.3132355510840121, 0.3134946616041646, 0.31286583294284126, 0.31331730582432615, 0.30972441765736003, 0.3095937104130258, 0.3110951722617253, 0.30828973148488864, 0.3080436559661393, 0.3063116176987379, 0.30319215998809795, 0.3052862882677309, 0.30386264498260596, 0.3045596123446647], "acc": [0.2911499999999999, 0.5983, 0.7262333333333334, 0.7475, 0.7622833333333335, 0.7762333333333336, 0.7857166666666667, 0.7929333333333334, 0.8030666666666663, 0.8065666666666664, 0.8161166666666667, 0.8166666666666665, 0.8169000000000004, 0.8257333333333337, 0.8279166666666669, 0.8330333333333335, 0.8324500000000002, 0.8356499999999999, 0.8379999999999997, 0.8399666666666668, 0.8424166666666667, 0.8429, 0.8454999999999999, 0.8454666666666666, 0.8477666666666664, 0.8476999999999998, 0.8514166666666665, 0.8519333333333332, 0.8522833333333334, 0.8543499999999998, 0.8539333333333332, 0.8558833333333332, 0.8574666666666665, 0.8577166666666668, 0.8599333333333329, 0.8611000000000001, 0.86185, 0.8609166666666664, 0.8636500000000003, 0.8645999999999996, 0.8622666666666666, 0.8637499999999999, 0.8650666666666662, 0.86535, 0.8677499999999999, 0.8662833333333335, 0.8689999999999999, 0.8670666666666664, 0.8662166666666663, 0.8704166666666662, 0.8694666666666665, 0.8712166666666669, 0.8721166666666667, 0.8717, 0.8717333333333331, 0.8732000000000001, 0.8733166666666665, 0.8746666666666667, 0.8747833333333331, 0.8766000000000002, 0.8751666666666668, 0.8745, 0.8773, 0.8773666666666667, 0.8754333333333333, 0.8791666666666668, 0.8783333333333332, 0.8779999999999998, 0.8796833333333335, 0.8792500000000002, 0.8820166666666671, 0.8815999999999999, 0.8792333333333334, 0.8792500000000002, 0.882416666666667, 0.8829833333333337, 0.8815666666666666, 0.8835333333333335, 0.8818333333333335, 0.8834000000000002, 0.8834666666666668, 0.8823833333333335, 0.8851, 0.8809333333333336, 0.8855833333333335, 0.8835833333333336, 0.8863833333333335, 0.8869166666666671, 0.885866666666667, 0.8858999999999998, 0.8883666666666669, 0.8872500000000005, 0.8870500000000003, 0.8868500000000002, 0.888016666666667, 0.8879666666666669, 0.8895833333333337, 0.8891166666666668, 0.8896499999999999, 0.889316666666667], "test_acc": [0.4486, 0.6995, 0.7248, 0.7496, 0.769, 0.7733, 0.7848, 0.7955, 0.7992, 0.8104, 0.7954, 0.8014, 0.8185, 0.8224, 0.8241, 0.8291, 0.8325, 0.8319, 0.8289, 0.8337, 0.8303, 0.8404, 0.8369, 0.8327, 0.8354, 0.8483, 0.8462, 0.837, 0.8448, 0.8467, 0.8452, 0.8486, 0.851, 0.8489, 0.8469, 0.8474, 0.8543, 0.8564, 0.855, 0.8569, 0.856, 0.8595, 0.848, 0.8555, 0.8607, 0.8555, 0.8564, 0.8601, 0.8616, 0.8585, 0.8519, 0.86, 0.8618, 0.86, 0.8619, 0.8641, 0.8628, 0.866, 0.866, 0.8587, 0.8594, 0.8624, 0.8663, 0.8654, 0.8671, 0.8625, 0.8642, 0.8664, 0.8651, 0.8673, 0.8697, 0.8679, 0.8693, 0.8667, 0.8693, 0.8678, 0.871, 0.8726, 0.8659, 0.8719, 0.8727, 0.8713, 0.8742, 0.8722, 0.8715, 0.8728, 0.8739, 0.87, 0.8736, 0.8708, 0.8651, 0.8713, 0.8762, 0.8765, 0.872, 0.8756, 0.875, 0.8763, 0.8748, 0.8678], "tot_time": 324.7590787410736, "tot_iterations": 6000, "tot_epochs": 100}