{"avg_loss": [2.3081038835536662, 2.2902601226935504, 2.2892875513235995, 2.2998192278744085, 2.3026763125000027, 2.2919957819834327, 2.286803789963756, 2.2006600876654208, NaN, NaN, NaN, NaN, NaN, NaN, NaN, NaN, NaN, NaN, NaN, NaN, NaN, NaN, NaN, NaN, NaN, NaN, NaN, NaN, NaN, NaN, NaN, NaN, NaN, NaN, NaN, NaN, NaN, NaN, NaN, NaN, NaN, NaN, NaN, NaN, NaN, NaN, NaN, NaN, NaN, NaN, NaN, NaN, NaN, NaN, NaN, NaN, NaN, NaN, NaN, NaN, NaN, NaN, NaN, NaN, NaN, NaN, NaN, NaN, NaN, NaN, NaN, NaN, NaN, NaN, NaN, NaN, NaN, NaN, NaN, NaN, NaN, NaN, NaN, NaN, NaN, NaN, NaN, NaN, NaN, NaN, NaN, NaN, NaN, NaN, NaN, NaN, NaN, NaN, NaN, NaN], "acc": [0.11354000000000003, 0.12181999999999997, 0.13283999999999999, 0.10952000000000002, 0.10400000000000002, 0.12333999999999998, 0.14153999999999997, 0.18878, 0.14642, 0.10000000000000003, 0.10000000000000003, 0.10000000000000002, 0.10000000000000003, 0.09999999999999998, 0.10000000000000002, 0.10000000000000002, 0.1, 0.10000000000000005, 0.10000000000000003, 0.10000000000000002, 0.10000000000000002, 0.10000000000000003, 0.10000000000000002, 0.1, 0.10000000000000002, 0.09999999999999998, 0.10000000000000002, 0.1, 0.10000000000000003, 0.10000000000000002, 0.10000000000000005, 0.10000000000000003, 0.1, 0.10000000000000003, 0.1, 0.10000000000000003, 0.1, 0.10000000000000002, 0.10000000000000002, 0.10000000000000003, 0.10000000000000002, 0.10000000000000005, 0.10000000000000003, 0.10000000000000003, 0.10000000000000003, 0.10000000000000002, 0.10000000000000002, 0.10000000000000002, 0.10000000000000002, 0.1, 0.10000000000000003, 0.1, 0.10000000000000002, 0.10000000000000003, 0.10000000000000003, 0.10000000000000002, 0.10000000000000003, 0.10000000000000002, 0.1, 0.1, 0.1, 0.10000000000000005, 0.10000000000000003, 0.10000000000000002, 0.09999999999999998, 0.10000000000000005, 0.10000000000000007, 0.10000000000000003, 0.10000000000000003, 0.10000000000000002, 0.1, 0.10000000000000003, 0.10000000000000003, 0.10000000000000003, 0.10000000000000002, 0.10000000000000002, 0.10000000000000002, 0.1, 0.10000000000000003, 0.1, 0.1, 0.10000000000000002, 0.10000000000000002, 0.1, 0.1, 0.10000000000000005, 0.10000000000000003, 0.10000000000000005, 0.10000000000000003, 0.1, 0.1, 0.09999999999999998, 0.10000000000000003, 0.10000000000000002, 0.09999999999999998, 0.10000000000000005, 0.09999999999999998, 0.1, 0.10000000000000007, 0.09999999999999998], "test_acc": [0.1, 0.1407, 0.1, 0.1, 0.1, 0.1472, 0.1653, 0.152, 0.1, 0.1, 0.1, 0.1, 0.1, 0.1, 0.1, 0.1, 0.1, 0.1, 0.1, 0.1, 0.1, 0.1, 0.1, 0.1, 0.1, 0.1, 0.1, 0.1, 0.1, 0.1, 0.1, 0.1, 0.1, 0.1, 0.1, 0.1, 0.1, 0.1, 0.1, 0.1, 0.1, 0.1, 0.1, 0.1, 0.1, 0.1, 0.1, 0.1, 0.1, 0.1, 0.1, 0.1, 0.1, 0.1, 0.1, 0.1, 0.1, 0.1, 0.1, 0.1, 0.1, 0.1, 0.1, 0.1, 0.1, 0.1, 0.1, 0.1, 0.1, 0.1, 0.1, 0.1, 0.1, 0.1, 0.1, 0.1, 0.1, 0.1, 0.1, 0.1, 0.1, 0.1, 0.1, 0.1, 0.1, 0.1, 0.1, 0.1, 0.1, 0.1, 0.1, 0.1, 0.1, 0.1, 0.1, 0.1, 0.1, 0.1, 0.1, 0.1], "tot_time": 1366.4745082855225, "tot_iterations": 5000, "tot_epochs": 100}