{"avg_loss": [2.0982011903028734, 1.2912046086900415, 0.7742110310992066, 0.6826511795374599, 0.6416694813400828, 0.6034501124120938, 0.5815432631027615, 0.5553006848212512, 0.5421074279885406, 0.528354614741635, 0.5125332504902171, 0.4987746554899212, 0.4912439543417957, 0.4777569726236093, 0.4772034443872701, 0.46736228505376004, 0.45566518177023574, 0.45296222689673543, 0.44590323531730836, 0.4385757455930541, 0.4379536034070663, 0.43256131660510716, 0.42217250476236085, 0.4243605556051716, 0.4153199173943084, 0.4151377721980357, 0.4097042227825884, 0.40740068859604633, 0.40416156565066164, 0.40372363249366, 0.40000380632796684, 0.3919180080418427, 0.3942757470896441, 0.39084948126916685, 0.3867504999621515, 0.3861200804498212, 0.3853395049248928, 0.3858821235742117, 0.37874879539646095, 0.3802724412680619, 0.3721160643612541, 0.3713758042718468, 0.3670587545993781, 0.3687928409269538, 0.3689395355569911, 0.36380934063792225, 0.36051337227417674, 0.35928562808712267, 0.3621782799565952, 0.35366513824476, 0.36309300037570286, 0.35491514297273524, 0.35566904903296886, 0.3513459997068985, 0.35052937842291354, 0.3526175630911671, 0.34617553554246155, 0.34662617782947436, 0.34278880082038465, 0.3410357112284829, 0.34470481229151456, 0.3396959708551408, 0.3389850210748798, 0.3390934869883833, 0.33893346482736303, 0.3339760087023222, 0.33193022030040226, 0.32971480249624824, 0.3309003015173902, 0.3267835297023688, 0.32979176536681126, 0.32862916658811436, 0.3261651926116883, 0.32935373689287734, 0.3223606087014968, 0.3245207056260236, 0.3218383458870476, 0.3238879859828247, 0.3217923278844708, 0.32015513591075895, 0.31759402116931024, 0.3226872508266171, 0.31576903270073087, 0.31921448116101325, 0.31723792664172146, 0.3138959731523331, 0.3109155351773145, 0.31321208423378694, 0.30922500540659825, 0.3114067448668177, 0.3080508090956104, 0.31170560562666666, 0.30798581510828704, 0.3081868057683702, 0.30650095545405553, 0.30541355730053715, 0.3077589784406179, 0.3027644534181469, 0.3002577988913862, 0.30192295184399304], "acc": [0.2929166666666667, 0.5975666666666667, 0.7252500000000002, 0.74855, 0.7624166666666669, 0.7766000000000001, 0.7844333333333335, 0.7962499999999999, 0.7999666666666668, 0.8059499999999999, 0.8121999999999999, 0.8186000000000002, 0.8209833333333332, 0.8269000000000001, 0.8258000000000002, 0.8306833333333334, 0.8356166666666668, 0.8368166666666667, 0.8380666666666664, 0.8417333333333332, 0.8409500000000002, 0.8428833333333333, 0.8478499999999999, 0.8470833333333333, 0.8499166666666665, 0.8487833333333332, 0.8505, 0.8523999999999998, 0.8535499999999997, 0.8535666666666669, 0.8551666666666666, 0.8586166666666667, 0.8565833333333331, 0.8577666666666665, 0.8604333333333332, 0.8598166666666667, 0.860483333333333, 0.8592666666666667, 0.862433333333333, 0.8616166666666665, 0.8646499999999999, 0.8649333333333332, 0.86645, 0.8654833333333332, 0.865466666666667, 0.8675166666666664, 0.8698833333333328, 0.8694000000000001, 0.8686166666666664, 0.8711500000000002, 0.8671166666666665, 0.8711666666666665, 0.869716666666667, 0.8724833333333332, 0.8721666666666669, 0.8718, 0.87485, 0.8745999999999999, 0.8757499999999999, 0.8762000000000004, 0.8746166666666667, 0.8771500000000002, 0.8763833333333335, 0.8756666666666668, 0.8770333333333334, 0.8788499999999999, 0.8797500000000001, 0.8806000000000002, 0.8790833333333333, 0.8808500000000001, 0.879466666666667, 0.8803333333333335, 0.881083333333334, 0.8799333333333336, 0.8830000000000001, 0.88175, 0.8824666666666671, 0.8820333333333336, 0.8822000000000003, 0.8836500000000005, 0.8843666666666669, 0.8823333333333334, 0.8852833333333334, 0.8829999999999999, 0.8841166666666668, 0.8848666666666669, 0.8875833333333334, 0.8858833333333332, 0.8880666666666669, 0.8865333333333333, 0.8876500000000002, 0.8857666666666667, 0.8885666666666666, 0.8875333333333335, 0.8877666666666664, 0.8894333333333334, 0.8879833333333337, 0.8907499999999998, 0.8908500000000001, 0.8900500000000002], "test_acc": [0.4505, 0.6878, 0.7271, 0.7184, 0.767, 0.7622, 0.783, 0.7843, 0.7817, 0.798, 0.8149, 0.8174, 0.8149, 0.7977, 0.8184, 0.8239, 0.8322, 0.8306, 0.8265, 0.838, 0.8391, 0.8342, 0.838, 0.8344, 0.8421, 0.844, 0.8449, 0.8491, 0.8471, 0.8487, 0.8507, 0.8505, 0.8497, 0.8472, 0.8544, 0.8557, 0.8528, 0.8401, 0.8423, 0.8541, 0.8565, 0.8521, 0.8581, 0.8514, 0.8586, 0.8552, 0.8556, 0.8521, 0.8565, 0.8607, 0.8597, 0.8507, 0.8622, 0.8656, 0.8636, 0.866, 0.8624, 0.8648, 0.8671, 0.8663, 0.864, 0.8619, 0.8647, 0.8605, 0.8649, 0.866, 0.8667, 0.8667, 0.8672, 0.867, 0.8675, 0.8687, 0.8629, 0.8679, 0.8696, 0.8615, 0.8704, 0.8656, 0.8699, 0.8728, 0.8618, 0.8709, 0.8681, 0.8707, 0.8689, 0.8684, 0.8715, 0.8744, 0.8729, 0.8705, 0.875, 0.8694, 0.8717, 0.8751, 0.8677, 0.8735, 0.8744, 0.8702, 0.8675, 0.876], "tot_time": 321.9477322101593, "tot_iterations": 6000, "tot_epochs": 100}