{"avg_loss": [NaN, NaN, NaN, NaN, NaN, NaN, NaN, NaN, NaN, NaN, NaN, NaN, NaN, NaN, NaN, NaN, NaN, NaN, NaN, NaN, NaN, NaN, NaN, NaN, NaN, NaN, NaN, NaN, NaN, NaN, NaN, NaN, NaN, NaN, NaN, NaN, NaN, NaN, NaN, NaN, NaN, NaN, NaN, NaN, NaN, NaN, NaN, NaN, NaN, NaN, NaN, NaN, NaN, NaN, NaN, NaN, NaN, NaN, NaN, NaN, NaN, NaN, NaN, NaN, NaN, NaN, NaN, NaN, NaN, NaN, NaN, NaN, NaN, NaN, NaN, NaN, NaN, NaN, NaN, NaN, NaN, NaN, NaN, NaN, NaN, NaN, NaN, NaN, NaN, NaN, NaN, NaN, NaN, NaN, NaN, NaN, NaN, NaN, NaN, NaN], "acc": [0.10398333333333336, 0.10000000000000006, 0.10000000000000003, 0.1, 0.1, 0.10000000000000005, 0.10000000000000002, 0.10000000000000005, 0.10000000000000002, 0.10000000000000006, 0.1, 0.09999999999999996, 0.1, 0.1, 0.1, 0.10000000000000003, 0.10000000000000003, 0.10000000000000005, 0.10000000000000005, 0.10000000000000002, 0.1, 0.10000000000000006, 0.10000000000000003, 0.10000000000000002, 0.10000000000000003, 0.1, 0.10000000000000003, 0.10000000000000006, 0.1, 0.1, 0.1, 0.10000000000000002, 0.10000000000000003, 0.09999999999999999, 0.10000000000000006, 0.10000000000000002, 0.1, 0.10000000000000003, 0.10000000000000005, 0.10000000000000003, 0.10000000000000002, 0.10000000000000005, 0.10000000000000002, 0.10000000000000005, 0.10000000000000003, 0.10000000000000002, 0.10000000000000002, 0.10000000000000006, 0.10000000000000003, 0.1, 0.10000000000000005, 0.10000000000000002, 0.1, 0.10000000000000005, 0.10000000000000006, 0.10000000000000005, 0.09999999999999999, 0.10000000000000003, 0.10000000000000003, 0.10000000000000005, 0.10000000000000003, 0.09999999999999996, 0.10000000000000006, 0.10000000000000003, 0.10000000000000003, 0.10000000000000002, 0.1, 0.10000000000000006, 0.10000000000000003, 0.10000000000000002, 0.10000000000000006, 0.10000000000000009, 0.09999999999999999, 0.1, 0.10000000000000006, 0.10000000000000003, 0.10000000000000003, 0.1, 0.1, 0.1, 0.10000000000000006, 0.10000000000000005, 0.10000000000000003, 0.1, 0.10000000000000002, 0.10000000000000003, 0.1, 0.10000000000000005, 0.10000000000000003, 0.10000000000000006, 0.10000000000000005, 0.10000000000000002, 0.10000000000000003, 0.10000000000000005, 0.10000000000000003, 0.1, 0.10000000000000003, 0.10000000000000002, 0.10000000000000007, 0.10000000000000006], "test_acc": [0.1, 0.1, 0.1, 0.1, 0.1, 0.1, 0.1, 0.1, 0.1, 0.1, 0.1, 0.1, 0.1, 0.1, 0.1, 0.1, 0.1, 0.1, 0.1, 0.1, 0.1, 0.1, 0.1, 0.1, 0.1, 0.1, 0.1, 0.1, 0.1, 0.1, 0.1, 0.1, 0.1, 0.1, 0.1, 0.1, 0.1, 0.1, 0.1, 0.1, 0.1, 0.1, 0.1, 0.1, 0.1, 0.1, 0.1, 0.1, 0.1, 0.1, 0.1, 0.1, 0.1, 0.1, 0.1, 0.1, 0.1, 0.1, 0.1, 0.1, 0.1, 0.1, 0.1, 0.1, 0.1, 0.1, 0.1, 0.1, 0.1, 0.1, 0.1, 0.1, 0.1, 0.1, 0.1, 0.1, 0.1, 0.1, 0.1, 0.1, 0.1, 0.1, 0.1, 0.1, 0.1, 0.1, 0.1, 0.1, 0.1, 0.1, 0.1, 0.1, 0.1, 0.1, 0.1, 0.1, 0.1, 0.1, 0.1, 0.1], "tot_time": 328.2062666416168, "tot_iterations": 6000, "tot_epochs": 100}