{"avg_loss": [0.2953067481424915, 0.028126646251247823, 0.01557097039714973, 0.012199114335666702, 0.01274331855509048, 0.013769885757319697, 0.011240204700018188, 0.01171966865117258, 0.012197658524851421, 0.011517850533329398, 0.011327153461370448, 0.01116186272367968, 0.011708566581472452, 0.011526527465030034, 0.011646986588267641, 0.011149489341369929, 0.011161441536837607, 0.010807588715572563, 0.012505124286728075, 0.010800515547250183, 0.01072506002203405, 0.011290057922773322, 0.01145554441177322, 0.011093865496242392, 0.0114278404710361, 0.011306073195933627, 0.010476981202503559, 0.011809230698846736, 0.01187551708677408, 0.011161508634414887, 0.010610625685972368, 0.012556700172876242, 0.011042378650176453, 0.010992470489454242, 0.010563981627519368, 0.010961933634317796, 0.011149771052742044, 0.010487637669218498, 0.012876064582379429, 0.010696561423021897, 0.010926817621085765, 0.010122556922554734, 0.01048839717124556, 0.012424995341989936, 0.011618046572537004, 0.010359108216810402, 0.010644401771676644, 0.011533550478980359, 0.012407650305467218, 0.010584888113480479, 0.011218514521105255, 0.011613108795841284, 0.010198464280375099, 0.010203452298963061, 0.01252995241184488], "test_loss": [0.034089446310994, 0.018661418597108608, 0.01292233985289568, 0.011231560071160995, 0.012164432511464022, 0.011737391593556832, 0.013909660618779572, 0.013915684188596412, 0.013009414259384183, 0.010370232566772837, 0.01059963196113697, 0.010439904724195108, 0.010062186433306208, 0.010472300828142527, 0.01169700191936426, 0.009780626356301758, 0.010811477171988739, 0.010698320440136007, 0.010791711513368609, 0.009741424877555827, 0.010881117903345434, 0.010145159092909658, 0.011230845447514825, 0.00954759994089832, 0.010447191203765738, 0.01095242672615598, 0.01100977721108861, 0.012221598639481183, 0.012612987860711246, 0.010126718728424777, 0.010608780636051059, 0.009867499253882625, 0.010954458017864746, 0.008915560905643953, 0.011267071392492518, 0.009637770758588555, 0.009908278379731197, 0.013335985215960825, 0.012303381522317407, 0.00998964058560298, 0.01049819553549571, 0.010359744900698223, 0.012808252731084253, 0.01043772108159761, 0.011027872188415114, 0.00971053922541096, 0.009488961277199918, 0.009909291932292522, 0.009569274533609121, 0.009948494018628006, 0.010694514713040873, 0.009547507174612837, 0.008868058743745817, 0.012315137306592498, 0.009935170264820551], "tot_time": 10.12198519706726, "tot_iterations": 220, "rho": [0.0001, 0.0001, 0.00015000000000000001, 0.00022500000000000002, 0.0003375, 0.00050625, 0.000759375, 0.0011390624999999999, 0.0017085937499999998, 0.0025628906249999996, 0.0017085937499999996, 0.0011390624999999997, 0.0011390624999999997, 0.0007593749999999997, 0.0007593749999999997, 0.0005062499999999998, 0.0003374999999999998, 0.0003374999999999998, 0.0005062499999999998, 0.0005062499999999998, 0.0007593749999999996, 0.0011390624999999995, 0.0011390624999999995, 0.0007593749999999996, 0.0005062499999999998, 0.0003374999999999998, 0.00022499999999999986, 0.0003374999999999998, 0.0005062499999999998, 0.0003374999999999998, 0.0003374999999999998, 0.0005062499999999998, 0.0005062499999999998, 0.0005062499999999998, 0.0003374999999999998, 0.0003374999999999998, 0.0003374999999999998, 0.00022499999999999986, 0.0003374999999999998, 0.0003374999999999998, 0.0005062499999999998, 0.0007593749999999996, 0.0011390624999999995, 0.0007593749999999996, 0.0005062499999999998, 0.0007593749999999996, 0.0007593749999999996, 0.0005062499999999998, 0.0003374999999999998, 0.00022499999999999986, 0.0001499999999999999, 0.0001499999999999999, 9.999999999999994e-05, 6.666666666666662e-05, 4.4444444444444406e-05, 2.9629629629629603e-05, 2.9629629629629603e-05, 1.9753086419753066e-05, 1.3168724279835376e-05, 8.77914951989025e-06, 8.77914951989025e-06, 5.8527663465935e-06, 8.779149519890249e-06, 5.852766346593499e-06, 8.779149519890249e-06, 5.852766346593499e-06, 5.852766346593499e-06, 3.901844231062332e-06, 2.601229487374888e-06, 1.7341529915832585e-06, 2.601229487374888e-06, 2.601229487374888e-06, 1.7341529915832585e-06, 1.7341529915832585e-06, 1.7341529915832585e-06, 1.156101994388839e-06, 1.156101994388839e-06, 1e-06, 1e-06, 1e-06, 1e-06, 1e-06, 1e-06, 1e-06, 1.5e-06, 1.5e-06, 1.5e-06, 1e-06, 1.5e-06, 1e-06, 1e-06, 1.5e-06, 1.5e-06, 2.25e-06, 2.25e-06, 1.5e-06, 1.5e-06, 1e-06, 1.5e-06, 1.5e-06, 1.5e-06, 1e-06, 1.5e-06, 2.25e-06, 1.5e-06, 1e-06, 1.5e-06, 1e-06, 1.5e-06, 1.5e-06, 1.5e-06, 1e-06, 1e-06, 1e-06, 1.5e-06, 1e-06, 1e-06, 1e-06, 1e-06, 1e-06, 1e-06, 1e-06, 1e-06, 1e-06, 1e-06, 1e-06, 1.5e-06, 1e-06, 1e-06, 1e-06, 1e-06, 1.5e-06, 2.25e-06, 1.5e-06, 1.5e-06, 1.5e-06, 1e-06, 1e-06, 1e-06, 1e-06, 1.5e-06, 1e-06, 1e-06, 1e-06, 1e-06, 1e-06, 1e-06, 1e-06, 1e-06, 1e-06, 1.5e-06, 2.25e-06, 2.25e-06, 3.375e-06, 5.062499999999999e-06, 5.062499999999999e-06, 7.593749999999999e-06, 1.1390624999999999e-05, 7.593749999999999e-06, 5.062499999999999e-06, 5.062499999999999e-06, 3.3749999999999995e-06, 3.3749999999999995e-06, 3.3749999999999995e-06, 2.2499999999999996e-06, 1.4999999999999996e-06, 2.2499999999999996e-06, 2.2499999999999996e-06, 3.3749999999999995e-06, 3.3749999999999995e-06, 3.3749999999999995e-06, 2.2499999999999996e-06, 3.3749999999999995e-06, 5.062499999999999e-06, 3.3749999999999995e-06, 3.3749999999999995e-06, 3.3749999999999995e-06, 3.3749999999999995e-06, 5.062499999999999e-06, 5.062499999999999e-06, 3.3749999999999995e-06, 2.2499999999999996e-06, 2.2499999999999996e-06, 1.4999999999999996e-06, 2.2499999999999996e-06, 1.4999999999999996e-06, 2.2499999999999996e-06, 3.3749999999999995e-06, 2.2499999999999996e-06, 2.2499999999999996e-06, 3.3749999999999995e-06, 3.3749999999999995e-06, 5.062499999999999e-06, 5.062499999999999e-06, 5.062499999999999e-06, 3.3749999999999995e-06, 3.3749999999999995e-06, 3.3749999999999995e-06, 3.3749999999999995e-06, 3.3749999999999995e-06, 5.062499999999999e-06, 7.593749999999999e-06, 1.1390624999999999e-05, 7.593749999999999e-06, 5.062499999999999e-06, 3.3749999999999995e-06, 3.3749999999999995e-06, 3.3749999999999995e-06, 2.2499999999999996e-06, 2.2499999999999996e-06, 1.4999999999999996e-06, 1e-06, 1e-06, 1.5e-06, 1.5e-06, 1e-06, 1e-06, 1e-06, 1.5e-06, 1e-06], "alpha": [1.0, 0.5, 0.25, 0.5, 0.25, 0.25, 0.5, 0.5, 0.25, 1.0, 1.0, 1.0, 1.0, 1.0, 1.0, 1.0, 1.0, 0.5, 1.0, 1.0, 0.5, 1.0, 1.0, 1.0, 1.0, 1.0, 1.0, 0.5, 1.0, 1.0, 0.5, 1.0, 1.0, 1.0, 1.0, 1.0, 1.0, 0.5, 1.0, 0.5, 0.5, 0.25, 1.0, 1.0, 0.5, 1.0, 1.0, 1.0, 1.0, 1.0, 1.0, 1.0, 1.0, 1.0, 1.0, 1.0, 1.0, 1.0, 1.0, 1.0, 1.0, 0.5, 1.0, 0.25, 1.0, 1.0, 1.0, 1.0, 1.0, 0.5, 1.0, 1.0, 1.0, 1.0, 1.0, 1.0, 1.0, 1.0, 1.0, 1.0, 1.0, 1.0, 1.0, 0.5, 1.0, 1.0, 1.0, 0.5, 1.0, 1.0, 0.5, 1.0, 0.25, 1.0, 1.0, 1.0, 1.0, 1.0, 1.0, 1.0, 1.0, 0.5, 0.5, 1.0, 1.0, 0.5, 1.0, 1.0, 1.0, 1.0, 1.0, 1.0, 1.0, 0.5, 1.0, 1.0, 1.0, 1.0, 1.0, 1.0, 1.0, 1.0, 1.0, 1.0, 1.0, 1.0, 1.0, 1.0, 1.0, 1.0, 0.5, 1.0, 1.0, 1.0, 1.0, 1.0, 1.0, 1.0, 1.0, 0.5, 1.0, 1.0, 1.0, 1.0, 1.0, 1.0, 1.0, 1.0, 1.0, 0.5, 0.5, 1.0, 1.0, 0.5, 1.0, 0.25, 0.5, 1.0, 1.0, 1.0, 1.0, 1.0, 1.0, 1.0, 1.0, 0.5, 1.0, 0.5, 1.0, 1.0, 1.0, 1.0, 1.0, 1.0, 1.0, 1.0, 1.0, 0.5, 1.0, 1.0, 1.0, 1.0, 1.0, 0.5, 1.0, 0.5, 0.5, 1.0, 1.0, 0.5, 1.0, 0.5, 1.0, 1.0, 1.0, 1.0, 1.0, 1.0, 1.0, 0.25, 0.5, 0.25, 1.0, 1.0, 1.0, 1.0, 1.0, 1.0, 1.0, 1.0, 1.0, 1.0, 1.0, 1.0, 1.0, 1.0, 1.0, 0.25, 1.0, 1.0]}