{"avg_loss": [0.8122069733954169, 0.04699139393544525, 0.027172148009690686, 0.021122235364506903, 0.015506185169422324, 0.011995886282242012, 0.011427321131751014, 0.011196428914839976, 0.010979338491299069, 0.009920718651088614, 0.009874253789393606, 0.009859247944677501, 0.009846630490381618, 0.009834965016343162, 0.009823474944046421, 0.009812612180163266, 0.009801919929904786, 0.009791708160651466, 0.009781659829091112, 0.009771995082149819, 0.009762484287730014, 0.009753283957592479, 0.009744229077028621, 0.00973542672616153, 0.0097267635904835, 0.009718305691320364, 0.009709983927883883, 0.009701827527628071, 0.009693807960406437, 0.009685918589024104, 0.009678171136802572, 0.009670520995358993, 0.009663021651839788, 0.009655587105244733, 0.009648313606068607, 0.009641071677208568, 0.009633998278796898, 0.00962692313412495, 0.009620017556096476, 0.009613079068611993, 0.009606304883231826, 0.009599472166629552, 0.009592793100813271, 0.009586037001935246, 0.00957941999099187, 0.00957271374731316, 0.009566124469350434, 0.009559438435588293, 0.00955282670521049, 0.009546113906371074, 0.009539369799819772, 0.009532523082570875, 0.009525291884234604, 0.009517962517075778, 0.009508244222075522, 0.009498488663945034, 0.009435251864126302, 0.009381465453706125, 0.00935557864825134, 0.00932746355539799, 0.009320207732007315, 0.009312873578559191, 0.009306969091711078, 0.009300981087325438, 0.009295348246232536, 0.009289635266238156, 0.009284136364612543, 0.009278558012965111, 0.009273146672577151, 0.009267655668059711, 0.009262311574207791, 0.009256887230513756, 0.009251599737651738, 0.009246231263870659, 0.009240994025778413, 0.009235675041903414, 0.009230483881711354, 0.009225210236254989, 0.009220062183407174, 0.009214830963238496, 0.009209723772850313, 0.009204532807343598, 0.009199464700747595, 0.009194312293462296, 0.009189281808674213, 0.009184166582595018, 0.009179172483215805, 0.009174093286474332, 0.009169134503432376, 0.009164090349248017, 0.009159165941896722, 0.009154155968553542, 0.009149265097659811, 0.009144288540915512, 0.009139430449173647, 0.009134486622419022, 0.00912966061995551, 0.00912474889952559, 0.009119954352666822], "test_loss": [0.05107265186157785, 0.032950555116713645, 0.024848930900688463, 0.017213445279371558, 0.01263094545907113, 0.011498718438894317, 0.011047270584367124, 0.010678056063210374, 0.01011822426989383, 0.010072836966792858, 0.009889486275299177, 0.01006125345617463, 0.009867899351570907, 0.010034764377014093, 0.009846362635744628, 0.010011523469040403, 0.009827526647839417, 0.00999060199918127, 0.009810675490855682, 0.009971429593315363, 0.009795243058087795, 0.009953621102826644, 0.009780903544980981, 0.00993686732699778, 0.009767494145124504, 0.009920872448372298, 0.009754983782295303, 0.00990531027826804, 0.009743464686446832, 0.009889790234661187, 0.009733137389728459, 0.009873881008404788, 0.00972422814683611, 0.00985723222557884, 0.009716812235767532, 0.009839776576733029, 0.009710607114958941, 0.009821859288774035, 0.009705234485893402, 0.009804103706649584, 0.009699698479285363, 0.009787109173009331, 0.009693722518808448, 0.009771170949655357, 0.00968707134896764, 0.009756233918709861, 0.009679724096261924, 0.009741899555518827, 0.009671733033720955, 0.00972730458777157, 0.009663094037168406, 0.009710353015265436, 0.009653464810653921, 0.009683138299688346, 0.009640292421563584, 0.009591916912588979, 0.009557371909716584, 0.009703099666217954, 0.009525683542445264, 0.009603326498889812, 0.009514969542143512, 0.009584289740292871, 0.009506677501982207, 0.009574145346743366, 0.009498855296740638, 0.009565648071222304, 0.009491377480405036, 0.009557786835022408, 0.00948415102227071, 0.009550242490299237, 0.009477114078232823, 0.00954289476719114, 0.009470224205055926, 0.009535691822190025, 0.009463452448947507, 0.009528608048187516, 0.009456779122877242, 0.009521628609790899, 0.009450190766342159, 0.009514743348124374, 0.009443678068973364, 0.00950794443007623, 0.009437234439095632, 0.009501225355349703, 0.009430855048248227, 0.009494580463895268, 0.009424536220744956, 0.009488004860921783, 0.009418275016445252, 0.009481494174327358, 0.009412068985171506, 0.00947504457144231, 0.009405915989420685, 0.009468652633862646, 0.009399814115570558, 0.009462315298720006, 0.009393761593075714, 0.009456029818426304, 0.009387756761936103], "tot_time": 10.201110601425171, "tot_iterations": 99, "rho": [0.0001, 6.666666666666667e-05, 0.0001, 0.00015000000000000001, 0.00015000000000000001, 0.00022500000000000002, 0.0003375, 0.00050625, 0.000759375, 0.00050625, 0.00033749999999999996, 0.00022499999999999997, 0.00014999999999999996, 9.999999999999996e-05, 6.666666666666664e-05, 4.4444444444444426e-05, 2.9629629629629616e-05, 1.9753086419753076e-05, 1.3168724279835383e-05, 8.779149519890255e-06, 5.852766346593503e-06, 3.901844231062335e-06, 2.60122948737489e-06, 1.73415299158326e-06, 1.1561019943888399e-06, 1e-06, 1e-06, 1e-06, 1e-06, 1e-06, 1e-06, 1e-06, 1e-06, 1e-06, 1e-06, 1e-06, 1e-06, 1e-06, 1e-06, 1e-06, 1e-06, 1e-06, 1e-06, 1e-06, 1e-06, 1e-06, 1e-06, 1e-06, 1e-06, 1e-06, 1e-06, 1e-06, 1e-06, 1e-06, 1e-06, 1e-06, 1e-06, 1e-06, 1e-06, 1e-06, 1e-06, 1e-06, 1e-06, 1e-06, 1e-06, 1e-06, 1e-06, 1e-06, 1e-06, 1e-06, 1e-06, 1e-06, 1e-06, 1e-06, 1e-06, 1e-06, 1e-06, 1e-06, 1e-06, 1e-06, 1e-06, 1e-06, 1e-06, 1e-06, 1e-06, 1e-06, 1e-06, 1e-06, 1e-06, 1e-06, 1e-06, 1e-06, 1e-06, 1e-06, 1e-06, 1e-06, 1e-06, 1e-06, 1e-06], "alpha": [1.0, 0.5, 0.25, 1.0, 0.25, 0.25, 0.25, 0.5, 1.0, 1.0, 1.0, 1.0, 1.0, 1.0, 1.0, 1.0, 1.0, 1.0, 1.0, 1.0, 1.0, 1.0, 1.0, 1.0, 1.0, 1.0, 1.0, 1.0, 1.0, 1.0, 1.0, 1.0, 1.0, 1.0, 1.0, 1.0, 1.0, 1.0, 1.0, 1.0, 1.0, 1.0, 1.0, 1.0, 1.0, 1.0, 1.0, 1.0, 1.0, 1.0, 1.0, 1.0, 1.0, 1.0, 1.0, 1.0, 1.0, 1.0, 1.0, 1.0, 1.0, 1.0, 1.0, 1.0, 1.0, 1.0, 1.0, 1.0, 1.0, 1.0, 1.0, 1.0, 1.0, 1.0, 1.0, 1.0, 1.0, 1.0, 1.0, 1.0, 1.0, 1.0, 1.0, 1.0, 1.0, 1.0, 1.0, 1.0, 1.0, 1.0, 1.0, 1.0, 1.0, 1.0, 1.0, 1.0, 1.0, 1.0, 1.0]}