{"avg_loss": [0.2953067481424915, 0.028126646251247823, 0.015199857608595215, 0.011226880761061875, 0.011125534525019416, 0.011461231012834654, 0.01134728473680307, 0.011292501884624074, 0.011080968040258769, 0.011111310463277676, 0.011310541612242132, 0.011655063682312552, 0.01113562258000226, 0.01133475048546947, 0.011636394315582579, 0.01111290523238049, 0.011257615733205547, 0.011038903478658692, 0.011290645477399427, 0.01106594415832451, 0.011383284986284208, 0.01109405333838431, 0.011533415289983032, 0.011148565974858773, 0.011205876815179936, 0.01125347671457328, 0.011068867595677, 0.011196051791963316, 0.011357250469910518, 0.011110225170441692, 0.010872838195533406, 0.01103552217955571, 0.011059276906349377, 0.011051723400824198, 0.011231941986525865, 0.011136844300280179, 0.011085749224033301, 0.011003993056065892, 0.011253157743723957, 0.01099571386707115, 0.011100541966961568, 0.01105154356197139, 0.010950146415175306, 0.011233345849497083, 0.011036006887897038, 0.011072948541573754, 0.01112804571475546, 0.011175700064616491, 0.011383814248531243, 0.011169295041831319, 0.011513035086629113, 0.011127529398867282, 0.011109660437023645, 0.010849327816522585, 0.011450794061425618, 0.011126061556897408, 0.010983626613765105, 0.011319897787421068, 0.011121372315560084, 0.010880407486328837, 0.010902560773367966, 0.011607282023555147, 0.010962829499687961, 0.011151650765967674, 0.0110956074868464, 0.011213352990585637], "test_loss": [0.034089446310994, 0.018661418597108608, 0.011124994044434483, 0.011023429097410815, 0.011172396050755528, 0.011341526608437168, 0.011032894765579105, 0.011070813770795523, 0.01074013973518477, 0.010759835619186312, 0.010966262568943688, 0.010621247228209611, 0.010834963968965591, 0.011130013427192408, 0.010772725024571838, 0.010700838779768004, 0.01090349736860616, 0.010657376658568767, 0.010887754303753718, 0.010838697874502612, 0.010456788753091648, 0.010905660294449275, 0.010718371859669501, 0.010505138376508944, 0.010528779437923777, 0.010760456867193187, 0.010525748060681277, 0.010934727729729704, 0.010767768433171008, 0.01089243949810878, 0.01057776427898269, 0.010644240837085626, 0.010477133739794394, 0.010813178539268989, 0.010570343938682116, 0.01041144633881476, 0.011084192086206437, 0.010763390641045213, 0.011063168382315053, 0.010523040357972385, 0.01097740883511277, 0.010580001862253375, 0.010812326939038832, 0.010369148895132118, 0.011189643375775802, 0.010547752698067335, 0.011084395848435392, 0.010937036271194004, 0.01066765542930788, 0.01041290788929582, 0.010547310800892619, 0.010524486145812565, 0.010766815674622026, 0.011779836023528629, 0.010516646174588478, 0.01046361491258082, 0.01102555573401293, 0.010883078642087167, 0.010473796344195025, 0.010520251307112522, 0.011986621597855898, 0.010611068129196299, 0.010965227932404916, 0.010431583637349646, 0.010825134602037947, 0.010605513401923887], "tot_time": 10.06806206703186, "tot_iterations": 264, "rho": [0.0001, 0.0001, 0.00015000000000000001, 0.00022500000000000002, 0.0003375, 0.00050625, 0.000759375, 0.0011390624999999999, 0.0017085937499999998, 0.0025628906249999996, 0.0017085937499999996, 0.0011390624999999997, 0.0007593749999999997, 0.0005062499999999998, 0.0003374999999999998, 0.00022499999999999986, 0.0001499999999999999, 9.999999999999994e-05, 6.666666666666662e-05, 4.4444444444444406e-05, 2.9629629629629603e-05, 1.9753086419753066e-05, 1.3168724279835376e-05, 8.77914951989025e-06, 5.8527663465935e-06, 3.901844231062333e-06, 2.6012294873748884e-06, 1.734152991583259e-06, 1.1561019943888392e-06, 1e-06, 1e-06, 1e-06, 1e-06, 1e-06, 1e-06, 1e-06, 1e-06, 1e-06, 1e-06, 1e-06, 1e-06, 1e-06, 1e-06, 1e-06, 1e-06, 1e-06, 1e-06, 1e-06, 1e-06, 1e-06, 1e-06, 1e-06, 1e-06, 1e-06, 1e-06, 1e-06, 1e-06, 1e-06, 1e-06, 1e-06, 1e-06, 1e-06, 1e-06, 1e-06, 1e-06, 1e-06, 1e-06, 1e-06, 1e-06, 1e-06, 1e-06, 1e-06, 1e-06, 1e-06, 1e-06, 1e-06, 1e-06, 1e-06, 1e-06, 1e-06, 1e-06, 1e-06, 1e-06, 1e-06, 1e-06, 1e-06, 1e-06, 1e-06, 1e-06, 1e-06, 1e-06, 1e-06, 1e-06, 1e-06, 1e-06, 1e-06, 1e-06, 1e-06, 1e-06, 1e-06, 1e-06, 1e-06, 1e-06, 1e-06, 1e-06, 1e-06, 1e-06, 1e-06, 1e-06, 1e-06, 1e-06, 1e-06, 1e-06, 1e-06, 1e-06, 1e-06, 1e-06, 1e-06, 1e-06, 1e-06, 1e-06, 1e-06, 1e-06, 1e-06, 1e-06, 1e-06, 1e-06, 1e-06, 1e-06, 1e-06, 1e-06, 1e-06, 1e-06, 1e-06, 1e-06, 1e-06, 1e-06, 1e-06, 1e-06, 1e-06, 1e-06, 1e-06, 1e-06, 1e-06, 1e-06, 1e-06, 1e-06, 1e-06, 1e-06, 1e-06, 1e-06, 1e-06, 1e-06, 1e-06, 1e-06, 1e-06, 1e-06, 1e-06, 1e-06, 1e-06, 1e-06, 1e-06, 1e-06, 1e-06, 1e-06, 1e-06, 1e-06, 1e-06, 1e-06, 1e-06, 1e-06, 1e-06, 1e-06, 1e-06, 1e-06, 1e-06, 1e-06, 1e-06, 1e-06, 1e-06, 1e-06, 1e-06, 1e-06, 1e-06, 1e-06, 1e-06, 1e-06, 1e-06, 1e-06, 1e-06, 1e-06, 1e-06, 1e-06, 1e-06, 1e-06, 1e-06, 1e-06, 1e-06, 1e-06, 1e-06, 1e-06, 1e-06, 1e-06, 1e-06, 1e-06, 1e-06, 1e-06, 1e-06, 1e-06, 1e-06, 1e-06, 1e-06, 1e-06, 1e-06, 1e-06, 1e-06, 1e-06, 1e-06, 1e-06, 1e-06, 1e-06, 1e-06, 1e-06, 1e-06, 1e-06, 1e-06, 1e-06, 1e-06, 1e-06, 1e-06, 1e-06, 1e-06, 1e-06, 1e-06, 1e-06, 1e-06, 1e-06, 1e-06, 1e-06, 1e-06, 1e-06, 1e-06, 1e-06, 1e-06, 1e-06, 1e-06, 1e-06, 1e-06, 1e-06, 1e-06, 1e-06, 1e-06, 1e-06, 1e-06, 1e-06, 1e-06, 1e-06, 1e-06, 1e-06, 1e-06, 1e-06, 1e-06, 1e-06, 1e-06], "alpha": [1.0, 0.5, 0.25, 0.5, 0.25, 0.25, 0.5, 0.5, 0.25, 1.0, 1.0, 1.0, 1.0, 1.0, 1.0, 1.0, 1.0, 1.0, 1.0, 1.0, 1.0, 1.0, 1.0, 1.0, 1.0, 1.0, 1.0, 1.0, 1.0, 1.0, 1.0, 1.0, 1.0, 1.0, 1.0, 1.0, 1.0, 1.0, 1.0, 1.0, 1.0, 1.0, 1.0, 1.0, 1.0, 1.0, 1.0, 1.0, 1.0, 1.0, 1.0, 1.0, 1.0, 1.0, 1.0, 1.0, 1.0, 1.0, 1.0, 1.0, 1.0, 1.0, 1.0, 1.0, 1.0, 1.0, 1.0, 1.0, 1.0, 1.0, 1.0, 1.0, 1.0, 1.0, 1.0, 1.0, 1.0, 1.0, 1.0, 1.0, 1.0, 1.0, 1.0, 1.0, 1.0, 1.0, 1.0, 1.0, 1.0, 1.0, 1.0, 1.0, 1.0, 1.0, 1.0, 1.0, 1.0, 1.0, 1.0, 1.0, 1.0, 1.0, 1.0, 1.0, 1.0, 1.0, 1.0, 1.0, 1.0, 1.0, 1.0, 1.0, 1.0, 1.0, 1.0, 1.0, 1.0, 1.0, 1.0, 1.0, 1.0, 1.0, 1.0, 1.0, 1.0, 1.0, 1.0, 1.0, 1.0, 1.0, 1.0, 1.0, 1.0, 1.0, 1.0, 1.0, 1.0, 1.0, 1.0, 1.0, 1.0, 1.0, 1.0, 1.0, 1.0, 1.0, 1.0, 1.0, 1.0, 1.0, 1.0, 1.0, 1.0, 1.0, 1.0, 1.0, 1.0, 1.0, 1.0, 1.0, 1.0, 1.0, 1.0, 1.0, 1.0, 1.0, 1.0, 1.0, 1.0, 1.0, 1.0, 1.0, 1.0, 1.0, 1.0, 1.0, 1.0, 1.0, 1.0, 1.0, 1.0, 1.0, 1.0, 1.0, 1.0, 1.0, 1.0, 1.0, 1.0, 1.0, 1.0, 1.0, 1.0, 1.0, 1.0, 1.0, 1.0, 1.0, 1.0, 1.0, 1.0, 1.0, 1.0, 1.0, 1.0, 1.0, 1.0, 1.0, 1.0, 1.0, 1.0, 1.0, 1.0, 1.0, 1.0, 1.0, 1.0, 1.0, 1.0, 1.0, 1.0, 1.0, 1.0, 1.0, 1.0, 1.0, 1.0, 1.0, 1.0, 1.0, 1.0, 1.0, 1.0, 1.0, 1.0, 1.0, 1.0, 1.0, 1.0, 1.0, 1.0, 1.0, 1.0, 1.0, 1.0, 1.0, 1.0, 1.0, 1.0, 1.0, 1.0, 1.0, 1.0, 1.0, 1.0, 1.0, 1.0, 1.0, 1.0, 1.0, 1.0, 1.0, 1.0, 1.0]}