{"avg_loss": [0.3520520155038007, 0.09242365783152429, 0.032874807832947085, 0.013859952066551691, 0.012233156286745001, 0.010991725091777059, 0.010670564401380594, 0.011209000027911167, 0.010732042327644326, 0.011420598183707852, 0.01028418154395034, 0.01136090169979073, 0.011461454577457623, 0.010716657456364737, 0.010324573213821735, 0.010640640998921466, 0.01008612222049947, 0.010649239000569265, 0.010336954523165433, 0.01062539057676944, 0.010581862567442], "test_loss": [0.11453461002277755, 0.03905144671248684, 0.012652242139569819, 0.013158969524700963, 0.010458888791715784, 0.010018914049681905, 0.011100956471529777, 0.0108691049189777, 0.01285844986524107, 0.010330453568308355, 0.010605722213273685, 0.011473350168237015, 0.01307391866845289, 0.010032384317549945, 0.009956834768210006, 0.009156079486054814, 0.009585671775183437, 0.009106342419676219, 0.009274388115917173, 0.01005976924646217, 0.011841913990301859], "tot_time": 10.546615839004517, "tot_iterations": 84, "rho": [0.0001, 0.0001, 0.00015000000000000001, 0.00022500000000000002, 0.0003375, 0.00050625, 0.000759375, 0.0011390624999999999, 0.0011390624999999999, 0.0017085937499999998, 0.0025628906249999996, 0.0017085937499999996, 0.0025628906249999996, 0.0038443359374999994, 0.0025628906249999996, 0.0038443359374999994, 0.00576650390625, 0.0038443359374999994, 0.0038443359374999994, 0.0038443359374999994, 0.0038443359374999994, 0.0025628906249999996, 0.0038443359374999994, 0.00576650390625, 0.008649755859375, 0.00576650390625, 0.008649755859375, 0.00576650390625, 0.008649755859375, 0.00576650390625, 0.008649755859375, 0.00576650390625, 0.00576650390625, 0.008649755859375, 0.00576650390625, 0.008649755859375, 0.0129746337890625, 0.008649755859375, 0.00576650390625, 0.008649755859375, 0.00576650390625, 0.008649755859375, 0.008649755859375, 0.00576650390625, 0.008649755859375, 0.00576650390625, 0.0038443359374999994, 0.00576650390625, 0.008649755859375, 0.0129746337890625, 0.0129746337890625, 0.008649755859375, 0.0129746337890625, 0.008649755859375, 0.00576650390625, 0.008649755859375, 0.0129746337890625, 0.01946195068359375, 0.012974633789062499, 0.01946195068359375, 0.012974633789062499, 0.008649755859374999, 0.012974633789062499, 0.01946195068359375, 0.012974633789062499, 0.008649755859374999, 0.005766503906249999, 0.008649755859374999, 0.012974633789062499, 0.008649755859374999, 0.008649755859374999, 0.012974633789062499, 0.008649755859374999, 0.012974633789062499, 0.012974633789062499, 0.008649755859374999, 0.008649755859374999, 0.005766503906249999, 0.005766503906249999, 0.008649755859374999, 0.012974633789062499, 0.01946195068359375, 0.012974633789062499, 0.01946195068359375], "alpha": [1.0, 0.5, 0.25, 0.125, 0.5, 0.125, 0.5, 1.0, 0.125, 0.25, 1.0, 0.25, 1.0, 1.0, 1.0, 0.5, 1.0, 1.0, 1.0, 1.0, 1.0, 0.5, 0.5, 0.25, 1.0, 0.5, 1.0, 0.5, 1.0, 0.5, 1.0, 1.0, 0.5, 1.0, 0.5, 1.0, 1.0, 1.0, 0.5, 1.0, 0.5, 1.0, 1.0, 0.5, 1.0, 1.0, 1.0, 1.0, 0.5, 1.0, 1.0, 0.5, 1.0, 1.0, 0.5, 0.5, 0.5, 1.0, 0.5, 1.0, 1.0, 0.5, 0.5, 1.0, 1.0, 1.0, 0.5, 0.5, 1.0, 1.0, 0.5, 1.0, 0.5, 1.0, 1.0, 1.0, 1.0, 1.0, 0.5, 0.5, 0.5, 1.0, 1.0, 1.0]}