{"avg_loss": [0.8122069733954165, 0.046931327675806746, 0.02737858360604187, 0.020962251487893838, 0.015437308565181993, 0.01195286134327683, 0.011456951114260334, 0.011229979145416739, 0.010891157400478024, 0.009921299843246885, 0.009794973991079474, 0.009559666213556414, 0.009333991235526211, 0.009185574185338021, 0.009015694686388704, 0.00882376264296697, 0.008519108982057492, 0.008143899129171163, 0.008104229622778842, 0.0077650207758812855, 0.00744061759990953, 0.0073849971959237684, 0.00733334210894162, 0.007184185235842402, 0.00684961972341067, 0.00682951491054477, 0.006768726121304607, 0.0065786792984189515, 0.00654894009656429, 0.0063999718916238945, 0.0062570507879682645, 0.006170749700425297, 0.006156855516122257, 0.006052519001438427], "test_loss": [0.051006394436191704, 0.033174467975270155, 0.02462751402129279, 0.01714676720796108, 0.012585680904560253, 0.01151903252562338, 0.011081270804250273, 0.010629652294091322, 0.010020380453261913, 0.009799400524721894, 0.009965378405977223, 0.009399967894278466, 0.00946856530281919, 0.009362866056328129, 0.009336933197805028, 0.008899177278601799, 0.008874996853025357, 0.009072285028932611, 0.008647930388239699, 0.008382467220113076, 0.008336131862072757, 0.00827144797899393, 0.00809212105567982, 0.00790027795220086, 0.007897746531371475, 0.007871786248756868, 0.007746424079751548, 0.007722798893648689, 0.007611963006935187, 0.007507926632962909, 0.007461359798376084, 0.0074572195654467625, 0.007384047233106199, 0.0073719541387176155], "tot_time": 10.345548629760742, "tot_iterations": 34, "rho": [0.0001, 6.666666666666667e-05, 0.0001, 0.00015000000000000001, 0.00015000000000000001, 0.00022500000000000002, 0.0003375, 0.00050625, 0.000759375, 0.00050625, 0.000759375, 0.00050625, 0.000759375, 0.0011390624999999999, 0.0007593749999999999, 0.0005062499999999999, 0.0003374999999999999, 0.00022499999999999994, 0.0003374999999999999, 0.0005062499999999999, 0.0003374999999999999, 0.0005062499999999999, 0.0005062499999999999, 0.0005062499999999999, 0.0003374999999999999, 0.0005062499999999999, 0.0007593749999999999, 0.0005062499999999999, 0.0007593749999999999, 0.0005062499999999999, 0.0003374999999999999, 0.0005062499999999999, 0.0007593749999999999, 0.0005062499999999999], "alpha": [1.0, 0.5, 0.25, 1.0, 0.25, 0.25, 0.25, 0.5, 1.0, 0.5, 1.0, 0.5, 0.5, 1.0, 1.0, 1.0, 1.0, 1.0, 0.25, 1.0, 0.25, 1.0, 1.0, 1.0, 0.5, 0.5, 1.0, 0.25, 1.0, 1.0, 0.5, 0.125, 1.0, 0.125]}