{"avg_loss": [2.3106040304380238, 2.3185953363079745, 2.3001521583561146, 2.294363878754819, 2.289334752924116, 2.272505073561385, 2.2758222656844906, 2.205018445895295, 2.1537125830215165, 2.0679371697669877, 2.085729978900807, 2.0292582242225343, 2.1093720711572845, 2.0297152975837287, 1.9792276493083127, 1.9281371898260473, 1.9334694243258597, 1.8950524501468353, 1.8933285619698765, 1.8700931214756176, NaN, NaN, NaN, NaN, NaN, NaN, NaN, NaN, NaN, NaN, NaN, NaN, NaN, NaN, NaN, NaN, NaN, NaN, NaN, NaN, NaN, NaN, NaN, NaN, NaN, NaN, NaN, NaN, NaN, NaN, NaN, NaN, NaN, NaN, NaN, NaN, NaN, NaN, NaN, NaN, NaN, NaN, NaN, NaN, NaN, NaN, NaN, NaN, NaN, NaN, NaN, NaN, NaN, NaN, NaN, NaN, NaN, NaN, NaN, NaN, NaN, NaN, NaN, NaN, NaN, NaN, NaN, NaN, NaN, NaN, NaN, NaN, NaN, NaN, NaN, NaN, NaN, NaN, NaN, NaN], "acc": [0.11788000000000004, 0.10774, 0.11059999999999998, 0.11808, 0.12542000000000006, 0.1406, 0.13844, 0.17546, 0.19870000000000004, 0.23408, 0.23702000000000012, 0.25772, 0.23091999999999996, 0.26222000000000006, 0.27932, 0.3031199999999999, 0.30562, 0.31964000000000004, 0.31476, 0.32843999999999984, 0.25034, 0.10000000000000002, 0.09999999999999998, 0.10000000000000005, 0.10000000000000002, 0.1, 0.10000000000000002, 0.10000000000000003, 0.10000000000000005, 0.10000000000000003, 0.10000000000000003, 0.10000000000000003, 0.1, 0.1, 0.10000000000000003, 0.10000000000000002, 0.10000000000000003, 0.1, 0.10000000000000003, 0.10000000000000003, 0.10000000000000003, 0.10000000000000005, 0.10000000000000003, 0.10000000000000002, 0.10000000000000002, 0.10000000000000007, 0.1, 0.10000000000000003, 0.1, 0.1, 0.09999999999999998, 0.1, 0.10000000000000003, 0.10000000000000003, 0.1, 0.10000000000000002, 0.10000000000000003, 0.10000000000000003, 0.10000000000000002, 0.10000000000000003, 0.10000000000000003, 0.10000000000000003, 0.10000000000000002, 0.10000000000000002, 0.1, 0.09999999999999998, 0.1, 0.09999999999999998, 0.09999999999999998, 0.10000000000000003, 0.09999999999999998, 0.10000000000000003, 0.10000000000000003, 0.1, 0.10000000000000003, 0.1, 0.10000000000000002, 0.10000000000000003, 0.10000000000000003, 0.10000000000000003, 0.10000000000000005, 0.10000000000000005, 0.10000000000000002, 0.1, 0.10000000000000002, 0.10000000000000002, 0.10000000000000002, 0.09999999999999998, 0.1, 0.10000000000000003, 0.10000000000000005, 0.10000000000000002, 0.10000000000000002, 0.10000000000000003, 0.10000000000000005, 0.1, 0.1, 0.10000000000000003, 0.1, 0.10000000000000003], "test_acc": [0.1494, 0.1, 0.1002, 0.1012, 0.1347, 0.1389, 0.1443, 0.154, 0.2029, 0.2484, 0.2758, 0.2695, 0.2249, 0.2359, 0.2443, 0.2035, 0.334, 0.334, 0.3384, 0.333, 0.1, 0.1, 0.1, 0.1, 0.1, 0.1, 0.1, 0.1, 0.1, 0.1, 0.1, 0.1, 0.1, 0.1, 0.1, 0.1, 0.1, 0.1, 0.1, 0.1, 0.1, 0.1, 0.1, 0.1, 0.1, 0.1, 0.1, 0.1, 0.1, 0.1, 0.1, 0.1, 0.1, 0.1, 0.1, 0.1, 0.1, 0.1, 0.1, 0.1, 0.1, 0.1, 0.1, 0.1, 0.1, 0.1, 0.1, 0.1, 0.1, 0.1, 0.1, 0.1, 0.1, 0.1, 0.1, 0.1, 0.1, 0.1, 0.1, 0.1, 0.1, 0.1, 0.1, 0.1, 0.1, 0.1, 0.1, 0.1, 0.1, 0.1, 0.1, 0.1, 0.1, 0.1, 0.1, 0.1, 0.1, 0.1, 0.1, 0.1], "tot_time": 1366.4676322937012, "tot_iterations": 5000, "tot_epochs": 100}