{"avg_loss": [0.28087889889431705, 0.01362095531793859, 0.01477930426274425, 0.012499376370491451, 0.012519019858220196, 0.012068953536816276, 0.011539487865370856, 0.011948012978294216, 0.011518036674573484, 0.011377638200633946, 0.011187644997242124, 0.011634373572608174, 0.011819869249902613, 0.011258884298430692, 0.011292549128479878, 0.011261183429374474, 0.011237012577711076, 0.011270758796073843, 0.011122651733250223, 0.011285769775320168, 0.01139014298802962, 0.010940179374694648, 0.01108111941844352, 0.010969566711557091, 0.0108526313268198, 0.010927919354148968, 0.01072667835104411, 0.010854947525871503, 0.011153547109685214, 0.011686643995101845, 0.010828301357719002, 0.01119533789620395, 0.01176470443126946, 0.010928888782825528, 0.010904247492153187, 0.010764274563583882, 0.011212145326695705, 0.010772730136646758, 0.010974392856992301, 0.010653949378700976, 0.010659840182398113, 0.011163306962713854, 0.011452207118794397, 0.010763458003806048, 0.010940634902690979, 0.010899626255719294, 0.010481218327598895, 0.01093257987661924, 0.010759106894424433, 0.011212912107688416, 0.011297266453900143, 0.010739327065753031, 0.01069331035812187, 0.01064280503978298, 0.010958209955459201, 0.010770585474410682, 0.011638584752991062, 0.010854328054981335, 0.011049028880867569, 0.0112766657242271, 0.011194046901980531, 0.011144916906087344, 0.010662738655138447, 0.011011303080320863, 0.01077503219090599, 0.010863784652885122, 0.010853413209981502, 0.010976604599058673, 0.010951520875500685, 0.010738977172455987, 0.010832453550908644, 0.011009010687431228, 0.01082704668456719, 0.010466638688869061, 0.010415151188479568, 0.010482601516088883, 0.010897576380005583], "test_loss": [0.015243044042981553, 0.013440380213015687, 0.011000506699759851, 0.010282135866363637, 0.011830661974851844, 0.01102292875267899, 0.010444632442903697, 0.010244335831447198, 0.010152821796085698, 0.010772057276575295, 0.01048077981654769, 0.011085204216202982, 0.010186979543914247, 0.010386630595526955, 0.010339405722275713, 0.01095657838615942, 0.011045736374916418, 0.010357246042392111, 0.01027879121770808, 0.010451259054185653, 0.010310964684583895, 0.010842559766168753, 0.010360946091935328, 0.01060468228185615, 0.010419469019277117, 0.010591786222834921, 0.011263415955726979, 0.01055482410756715, 0.01169851028688454, 0.010809932654241145, 0.01050457833808058, 0.01040514763083547, 0.010317658613541699, 0.010709478887634502, 0.010500849173809999, 0.010364754803931567, 0.01106216292867425, 0.011024323334814172, 0.011006907827656549, 0.010813581344149439, 0.010163502539531986, 0.009998276069309925, 0.01012524439184225, 0.010800365995096485, 0.010736013637161737, 0.010218843403905373, 0.01189280693371188, 0.010442078444919513, 0.01034059917625197, 0.010238681423087388, 0.009952079029149102, 0.01057261389086547, 0.011409566213308492, 0.010040216487219866, 0.010647864421218317, 0.011187382111782648, 0.010365488549526935, 0.011173552573605356, 0.011218669254218555, 0.011170041166078762, 0.010077592828158089, 0.010245223072343733, 0.010955175383167011, 0.010271256980776133, 0.011676989130563755, 0.010309723257376027, 0.010420058377241725, 0.011411836101551154, 0.01004179779127494, 0.010480219949417167, 0.01054249389401909, 0.010960382457919162, 0.010087700436659328, 0.009923335512177323, 0.01021095348281305, 0.01108875117588138, 0.011087522956045018], "tot_time": 10.133844375610352, "tot_iterations": 308, "rho": [0.0001, 6.666666666666667e-05, 0.0001, 0.00015000000000000001, 0.0001, 0.00015000000000000001, 0.00022500000000000002, 0.0003375, 0.00050625, 0.000759375, 0.00050625, 0.00033749999999999996, 0.00022499999999999997, 0.00014999999999999996, 9.999999999999996e-05, 6.666666666666664e-05, 4.4444444444444426e-05, 2.9629629629629616e-05, 1.9753086419753076e-05, 1.3168724279835383e-05, 8.779149519890255e-06, 5.852766346593503e-06, 3.901844231062335e-06, 2.60122948737489e-06, 1.73415299158326e-06, 1.1561019943888399e-06, 1e-06, 1e-06, 1e-06, 1e-06, 1e-06, 1e-06, 1e-06, 1e-06, 1e-06, 1e-06, 1e-06, 1e-06, 1e-06, 1e-06, 1e-06, 1e-06, 1e-06, 1e-06, 1e-06, 1e-06, 1e-06, 1e-06, 1e-06, 1e-06, 1e-06, 1e-06, 1e-06, 1e-06, 1e-06, 1e-06, 1e-06, 1e-06, 1e-06, 1e-06, 1e-06, 1e-06, 1e-06, 1e-06, 1e-06, 1e-06, 1e-06, 1e-06, 1e-06, 1e-06, 1e-06, 1e-06, 1e-06, 1e-06, 1e-06, 1e-06, 1e-06, 1e-06, 1e-06, 1e-06, 1e-06, 1e-06, 1e-06, 1e-06, 1e-06, 1e-06, 1e-06, 1e-06, 1e-06, 1e-06, 1e-06, 1e-06, 1e-06, 1e-06, 1e-06, 1e-06, 1e-06, 1e-06, 1e-06, 1e-06, 1e-06, 1e-06, 1e-06, 1e-06, 1e-06, 1e-06, 1e-06, 1e-06, 1e-06, 1e-06, 1e-06, 1e-06, 1e-06, 1e-06, 1e-06, 1e-06, 1e-06, 1e-06, 1e-06, 1e-06, 1e-06, 1e-06, 1e-06, 1e-06, 1e-06, 1e-06, 1e-06, 1e-06, 1e-06, 1e-06, 1e-06, 1e-06, 1e-06, 1e-06, 1e-06, 1e-06, 1e-06, 1e-06, 1e-06, 1e-06, 1e-06, 1e-06, 1e-06, 1e-06, 1e-06, 1e-06, 1e-06, 1e-06, 1e-06, 1e-06, 1e-06, 1e-06, 1e-06, 1e-06, 1e-06, 1e-06, 1e-06, 1e-06, 1e-06, 1e-06, 1e-06, 1e-06, 1e-06, 1e-06, 1e-06, 1e-06, 1e-06, 1e-06, 1e-06, 1e-06, 1e-06, 1e-06, 1e-06, 1e-06, 1e-06, 1e-06, 1e-06, 1e-06, 1e-06, 1e-06, 1e-06, 1e-06, 1e-06, 1e-06, 1e-06, 1e-06, 1e-06, 1e-06, 1e-06, 1e-06, 1e-06, 1e-06, 1e-06, 1e-06, 1e-06, 1e-06, 1e-06, 1e-06, 1e-06, 1e-06, 1e-06, 1e-06, 1e-06, 1e-06, 1e-06, 1e-06, 1e-06, 1e-06, 1e-06, 1e-06, 1e-06, 1e-06, 1e-06, 1e-06, 1e-06, 1e-06, 1e-06, 1e-06, 1e-06, 1e-06, 1e-06, 1e-06, 1e-06, 1e-06, 1e-06, 1e-06, 1e-06, 1e-06, 1e-06, 1e-06, 1e-06, 1e-06, 1e-06, 1e-06, 1e-06, 1e-06, 1e-06, 1e-06, 1e-06, 1e-06, 1e-06, 1e-06, 1e-06, 1e-06, 1e-06, 1e-06, 1e-06, 1e-06, 1e-06, 1e-06, 1e-06, 1e-06, 1e-06, 1e-06, 1e-06, 1e-06, 1e-06, 1e-06, 1e-06, 1e-06, 1e-06, 1e-06, 1e-06, 1e-06, 1e-06, 1e-06, 1e-06, 1e-06, 1e-06, 1e-06, 1e-06, 1e-06, 1e-06, 1e-06, 1e-06, 1e-06, 1e-06, 1e-06, 1e-06, 1e-06, 1e-06, 1e-06, 1e-06, 1e-06, 1e-06, 1e-06, 1e-06, 1e-06, 1e-06, 1e-06, 1e-06, 1e-06, 1e-06, 1e-06, 1e-06, 1e-06, 1e-06, 1e-06, 1e-06, 1e-06, 1e-06, 1e-06, 1e-06, 1e-06, 1e-06, 1e-06, 1e-06, 1e-06], "alpha": [1.0, 0.5, 0.125, 1.0, 0.25, 0.25, 0.25, 0.5, 1.0, 1.0, 1.0, 1.0, 1.0, 1.0, 1.0, 1.0, 1.0, 1.0, 1.0, 1.0, 1.0, 1.0, 1.0, 1.0, 1.0, 1.0, 1.0, 1.0, 1.0, 1.0, 1.0, 1.0, 1.0, 1.0, 1.0, 1.0, 1.0, 1.0, 1.0, 1.0, 1.0, 1.0, 1.0, 1.0, 1.0, 1.0, 1.0, 1.0, 1.0, 1.0, 1.0, 1.0, 1.0, 1.0, 1.0, 1.0, 1.0, 1.0, 1.0, 1.0, 1.0, 1.0, 1.0, 1.0, 1.0, 1.0, 1.0, 1.0, 1.0, 1.0, 1.0, 1.0, 1.0, 1.0, 1.0, 1.0, 1.0, 1.0, 1.0, 1.0, 1.0, 1.0, 1.0, 1.0, 1.0, 1.0, 1.0, 1.0, 1.0, 1.0, 1.0, 1.0, 1.0, 1.0, 1.0, 1.0, 1.0, 1.0, 1.0, 1.0, 1.0, 1.0, 1.0, 1.0, 1.0, 1.0, 1.0, 1.0, 1.0, 1.0, 1.0, 1.0, 1.0, 1.0, 1.0, 1.0, 1.0, 1.0, 1.0, 1.0, 1.0, 1.0, 1.0, 1.0, 1.0, 1.0, 1.0, 1.0, 1.0, 1.0, 1.0, 1.0, 1.0, 1.0, 1.0, 1.0, 1.0, 1.0, 1.0, 1.0, 1.0, 1.0, 1.0, 1.0, 1.0, 1.0, 1.0, 1.0, 1.0, 1.0, 1.0, 1.0, 1.0, 1.0, 1.0, 1.0, 1.0, 1.0, 1.0, 1.0, 1.0, 1.0, 1.0, 1.0, 1.0, 1.0, 1.0, 1.0, 1.0, 1.0, 1.0, 1.0, 1.0, 1.0, 1.0, 1.0, 1.0, 1.0, 1.0, 1.0, 1.0, 1.0, 1.0, 1.0, 1.0, 1.0, 1.0, 1.0, 1.0, 1.0, 1.0, 1.0, 1.0, 1.0, 1.0, 1.0, 1.0, 1.0, 1.0, 1.0, 1.0, 1.0, 1.0, 1.0, 1.0, 1.0, 1.0, 1.0, 1.0, 1.0, 1.0, 1.0, 1.0, 1.0, 1.0, 1.0, 1.0, 1.0, 1.0, 1.0, 1.0, 1.0, 1.0, 1.0, 1.0, 1.0, 1.0, 1.0, 1.0, 1.0, 1.0, 1.0, 1.0, 1.0, 1.0, 1.0, 1.0, 1.0, 1.0, 1.0, 1.0, 1.0, 1.0, 1.0, 1.0, 1.0, 1.0, 1.0, 1.0, 1.0, 1.0, 1.0, 1.0, 1.0, 1.0, 1.0, 1.0, 1.0, 1.0, 1.0, 1.0, 1.0, 1.0, 1.0, 1.0, 1.0, 1.0, 1.0, 1.0, 1.0, 1.0, 1.0, 1.0, 1.0, 1.0, 1.0, 1.0, 1.0, 1.0, 1.0, 1.0, 1.0, 1.0, 1.0, 1.0, 1.0, 1.0, 1.0, 1.0, 1.0, 1.0, 1.0, 1.0, 1.0, 1.0, 1.0, 1.0, 1.0, 1.0, 1.0, 1.0, 1.0, 1.0, 1.0, 1.0, 1.0, 1.0, 1.0]}