{"avg_loss": [0.8122069733954175, 0.04708322472593094, 0.02728905381210834, 0.021184506589825732, 0.015016423463593968, 0.011880544683297665, 0.011451704904534163, 0.011235549342287569, 0.011001777738144975, 0.009920947236574334, 0.00974429221032138, 0.009669640669007414, 0.00939134196350226, 0.009231828490220511, 0.009000845025662622, 0.008872771912727208, 0.008605734145709615, 0.008328510430559584, 0.007966628927562414, 0.00787592691227296, 0.007528420272272217, 0.007393504345723369, 0.007250229879171182, 0.007119090308525318, 0.0069716984226649075, 0.0068640805421379516, 0.006835487822276838, 0.0066445461768492664, 0.006633403617733621, 0.006603806749998746, 0.006361698484095456, 0.006221264256419492, 0.006151979277942767, 0.006139752361122181], "test_loss": [0.051157189222166624, 0.03308567239335545, 0.024923810404708806, 0.016631313194733516, 0.012475531208776213, 0.011508312368792285, 0.01108047622071713, 0.01070374248647697, 0.010107060196270723, 0.009764679154196878, 0.010115811809922794, 0.00953595938865801, 0.009653943645268509, 0.009172358498938363, 0.009311400713339468, 0.009045613356950056, 0.008901817553087676, 0.008658304618267058, 0.009142048905143895, 0.00850697705791329, 0.00832004175680296, 0.008197472006157313, 0.008107665828691773, 0.007933142043542278, 0.007937216849242621, 0.00791403646743181, 0.007795163418514247, 0.007794644411649262, 0.007788817153706325, 0.007583942395583304, 0.007477314758057385, 0.007459171193142685, 0.00744810514676334, 0.007387105430150878], "tot_time": 10.379885911941528, "tot_iterations": 34, "rho": [0.0001, 6.666666666666667e-05, 0.0001, 0.00015000000000000001, 0.00015000000000000001, 0.00022500000000000002, 0.0003375, 0.00050625, 0.000759375, 0.00050625, 0.000759375, 0.000759375, 0.0011390624999999999, 0.0007593749999999999, 0.0005062499999999999, 0.0007593749999999999, 0.0005062499999999999, 0.0003374999999999999, 0.00022499999999999994, 0.00022499999999999994, 0.0003374999999999999, 0.0005062499999999999, 0.0007593749999999999, 0.0005062499999999999, 0.0003374999999999999, 0.0003374999999999999, 0.0005062499999999999, 0.0003374999999999999, 0.0005062499999999999, 0.0007593749999999999, 0.0005062499999999999, 0.0003374999999999999, 0.0005062499999999999, 0.0007593749999999999], "alpha": [1.0, 0.5, 0.25, 1.0, 0.25, 0.25, 0.25, 0.5, 1.0, 0.5, 1.0, 0.5, 1.0, 1.0, 0.5, 1.0, 1.0, 1.0, 1.0, 0.5, 0.25, 0.5, 1.0, 1.0, 1.0, 0.125, 1.0, 0.0625, 0.25, 1.0, 1.0, 0.5, 0.125, 1.0]}