{"avg_loss": [0.23974892745508272, 0.015576969425247247, 0.013767633257759208, 0.012691648288110037, 0.012271726722624717, 0.01242060181566167, 0.01153284804662257, 0.011451651799977569, 0.013225690493476631, 0.012407952743453392, 0.010905737921370036, 0.010700624531900616, 0.010934783438314938, 0.011376692502485946, 0.01026844910084886, 0.012000493230659598, 0.011073799713934157, 0.010599341877474784, 0.01273477089317909, 0.010676346993065161, 0.010471606638796857], "test_loss": [0.01800364143630281, 0.016406950870351527, 0.013405588503557362, 0.013528832472308225, 0.010436767902239935, 0.011682576035229335, 0.011011907755670465, 0.011534677233923778, 0.010903333304919226, 0.009061257493149906, 0.010044163125407582, 0.010281444883412934, 0.00923322120241841, 0.009972173812222398, 0.009479281315779232, 0.011289055445547418, 0.010012068666428946, 0.009869742607601517, 0.009920435778008375, 0.010962866380957934, 0.013148397656646934], "tot_time": 10.2872953414917, "tot_iterations": 84, "rho": [0.0001, 0.00015000000000000001, 0.00022500000000000002, 0.0003375, 0.00050625, 0.000759375, 0.0011390624999999999, 0.0017085937499999998, 0.0017085937499999998, 0.0025628906249999996, 0.0025628906249999996, 0.0038443359374999994, 0.0025628906249999996, 0.0038443359374999994, 0.00576650390625, 0.00576650390625, 0.008649755859375, 0.00576650390625, 0.008649755859375, 0.008649755859375, 0.00576650390625, 0.0038443359374999994, 0.00576650390625, 0.00576650390625, 0.00576650390625, 0.008649755859375, 0.00576650390625, 0.008649755859375, 0.00576650390625, 0.0038443359374999994, 0.00576650390625, 0.0038443359374999994, 0.00576650390625, 0.00576650390625, 0.00576650390625, 0.00576650390625, 0.008649755859375, 0.008649755859375, 0.0129746337890625, 0.008649755859375, 0.00576650390625, 0.008649755859375, 0.00576650390625, 0.00576650390625, 0.008649755859375, 0.00576650390625, 0.008649755859375, 0.008649755859375, 0.00576650390625, 0.008649755859375, 0.0129746337890625, 0.0129746337890625, 0.008649755859375, 0.0129746337890625, 0.0129746337890625, 0.01946195068359375, 0.012974633789062499, 0.012974633789062499, 0.008649755859374999, 0.005766503906249999, 0.008649755859374999, 0.005766503906249999, 0.008649755859374999, 0.012974633789062499, 0.012974633789062499, 0.008649755859374999, 0.012974633789062499, 0.01946195068359375, 0.012974633789062499, 0.012974633789062499, 0.01946195068359375, 0.012974633789062499, 0.008649755859374999, 0.012974633789062499, 0.012974633789062499, 0.008649755859374999, 0.012974633789062499, 0.012974633789062499, 0.008649755859374999, 0.012974633789062499, 0.01946195068359375, 0.012974633789062499, 0.01946195068359375, 0.012974633789062499], "alpha": [0.5, 0.5, 0.25, 0.125, 0.25, 0.25, 0.5, 1.0, 0.5, 1.0, 0.25, 1.0, 0.25, 0.25, 1.0, 0.5, 1.0, 0.5, 1.0, 1.0, 1.0, 0.5, 1.0, 1.0, 0.25, 1.0, 0.5, 1.0, 1.0, 0.5, 1.0, 1.0, 1.0, 1.0, 1.0, 0.5, 1.0, 0.5, 1.0, 1.0, 0.5, 1.0, 1.0, 0.5, 1.0, 0.5, 1.0, 1.0, 0.5, 0.5, 1.0, 1.0, 0.5, 1.0, 0.25, 1.0, 1.0, 1.0, 1.0, 0.5, 1.0, 1.0, 0.25, 1.0, 1.0, 0.5, 0.5, 1.0, 1.0, 0.5, 1.0, 1.0, 0.5, 1.0, 1.0, 0.5, 1.0, 1.0, 0.5, 1.0, 1.0, 0.5, 1.0, 1.0]}