{"avg_loss": [0.883270828144992, 0.5099075714444681, 0.5080663633523802, 0.5076863768987482, 0.5097771014636339, 0.5071606631831413, 0.5066355119053868, 0.5067837056158442, 0.5036369248100386, 0.5001083736591113, 0.5020329364604582, 0.49796666243917825, 0.49955724364161014, 0.5006714109946323, 0.5017977041643633, 0.4994136726102208, 0.4980521705476776, 0.49723872709992045, 0.49335019106511835, 0.4934716900897335, 0.4931254077750205, 0.49216284566730933, 0.4900911065863056, 0.48442115198775465, 0.48209699426036406, 0.47698032580321703, 0.47335223429007656, 0.4682107409639547, 0.4643303830780778, 0.4622034781303845, 0.4552802213368959, 0.4523038821529884, 0.44960725790137, 0.4478690678034235, 0.4470525158359745, 0.44880725020827456, 0.44287588279918977, 0.4389271172489882, 0.4354256006888616, 0.4322388815160682, 0.4302112780591139, 0.42700619793060685, 0.4259636253183109, 0.4200868817780384, 0.41528240336695693, 0.41348861582792446, 0.4142083328318257, 0.40838215869192707, 0.4056288281401308, 0.40419780057001364, 0.4028127530618755, 0.3995058545686804, 0.39949370914692267, 0.3950731208394403, 0.39215798059371926, 0.3913119828748594, 0.388535810450382, 0.3874457956793451, 0.3843980405646059, 0.3807938323073522, 0.3754025845215591, 0.3716586400693838, 0.36681213122870243, 0.3636812742766068, 0.3600736809081645, 0.3571690013361835, 0.35400864186855685, 0.3534099809668668, 0.35020927082597986, 0.35286031961589, 0.34737251402731495, 0.3454371747998228, 0.343963950222141, 0.3442122575975775, 0.3432564596373379, 0.34668966106767934, 0.34325313860189904, 0.3440807823878334, 0.3417608128132347, 0.3437112977011094], "test_loss": [0.5074802836670701, 0.5078293412201489, 0.5007454722520503, 0.5137726731838114, 0.4991269542249384, 0.4996094606459457, 0.5023684707108231, 0.4978569086867345, 0.4961168587479533, 0.5007481202640752, 0.493537998220982, 0.4944858581042826, 0.5003215688896833, 0.4924549359258457, 0.5143762429252668, 0.4932322433878692, 0.5001390431298423, 0.48961850458051975, 0.4891175299499023, 0.48875424713663385, 0.4891324200574799, 0.4836784700823411, 0.48099587353009093, 0.4778368307369523, 0.47293256758640884, 0.467332529591143, 0.4623683308230771, 0.45959506593111676, 0.4548445147205181, 0.4486452589541136, 0.44359900242559075, 0.446651169791719, 0.4369980075766583, 0.43657987712144564, 0.4395278722225713, 0.4334490180257025, 0.43248608444102143, 0.4264487014951162, 0.4254534854268435, 0.423906399175139, 0.41973424825553624, 0.41766556957800177, 0.43830264293195614, 0.41060227127030924, 0.4122832265765049, 0.4073566430833047, 0.41180884689953084, 0.40261089889779633, 0.4058154536276515, 0.4059231390521714, 0.3971571858127251, 0.39590965557759766, 0.3921124396478568, 0.38742440215422685, 0.3852522529018734, 0.38227513863449647, 0.38323747709443495, 0.37995021007241137, 0.37872615463505577, 0.3756825064679682, 0.3687270331026163, 0.3686703259855366, 0.36719273780624423, 0.35766759958430894, 0.35944792466550196, 0.352069785319425, 0.3483882975394954, 0.3486182287616796, 0.34746507469894383, 0.34886010618103674, 0.3431490568492208, 0.345129383526164, 0.34343269367352985, 0.3461251556698156, 0.3476779923298023, 0.341837005625009, 0.3424876196272253, 0.341056571705546, 0.34110174427900797, 0.3409929736636394], "tot_time": 100.14386558532715, "tot_iterations": 560, "rho": [0.0001, 6.666666666666667e-05, 4.4444444444444447e-05, 6.666666666666667e-05, 0.0001, 0.00015000000000000001, 0.00022500000000000002, 0.0003375, 0.00050625, 0.00033749999999999996, 0.00050625, 0.000759375, 0.000759375, 0.000759375, 0.0011390624999999999, 0.0011390624999999999, 0.0007593749999999999, 0.0011390624999999999, 0.0007593749999999999, 0.0005062499999999999, 0.0007593749999999999, 0.0005062499999999999, 0.0005062499999999999, 0.0005062499999999999, 0.0005062499999999999, 0.0003374999999999999, 0.0005062499999999999, 0.0007593749999999999, 0.0007593749999999999, 0.0007593749999999999, 0.0011390624999999999, 0.0011390624999999999, 0.0011390624999999999, 0.0007593749999999999, 0.0007593749999999999, 0.0011390624999999999, 0.0007593749999999999, 0.0007593749999999999, 0.0005062499999999999, 0.0007593749999999999, 0.0005062499999999999, 0.0005062499999999999, 0.0003374999999999999, 0.0005062499999999999, 0.0005062499999999999, 0.0007593749999999999, 0.0007593749999999999, 0.0011390624999999999, 0.0011390624999999999, 0.0007593749999999999, 0.0005062499999999999, 0.0007593749999999999, 0.0007593749999999999, 0.0011390624999999999, 0.0007593749999999999, 0.0007593749999999999, 0.0007593749999999999, 0.0007593749999999999, 0.0005062499999999999, 0.0007593749999999999, 0.0007593749999999999, 0.0011390624999999999, 0.0011390624999999999, 0.0007593749999999999, 0.0011390624999999999, 0.0007593749999999999, 0.0011390624999999999, 0.0011390624999999999, 0.0017085937499999998, 0.0011390624999999999, 0.0017085937499999998, 0.0017085937499999998, 0.0017085937499999998, 0.0025628906249999996, 0.0038443359374999994, 0.0025628906249999996, 0.0017085937499999996, 0.0011390624999999997, 0.0017085937499999996, 0.0025628906249999996, 0.0038443359374999994, 0.0025628906249999996, 0.0017085937499999996, 0.0025628906249999996, 0.0025628906249999996, 0.0017085937499999996, 0.0017085937499999996, 0.0025628906249999996, 0.0038443359374999994, 0.0025628906249999996, 0.0025628906249999996, 0.0038443359374999994, 0.0025628906249999996, 0.0038443359374999994, 0.0025628906249999996, 0.0017085937499999996, 0.0017085937499999996, 0.0025628906249999996, 0.0017085937499999996, 0.0017085937499999996, 0.0017085937499999996, 0.0017085937499999996, 0.0017085937499999996, 0.0017085937499999996, 0.0017085937499999996, 0.0025628906249999996, 0.0038443359374999994, 0.0025628906249999996, 0.0038443359374999994, 0.0038443359374999994, 0.0025628906249999996, 0.0017085937499999996, 0.0011390624999999997, 0.0017085937499999996, 0.0025628906249999996, 0.0038443359374999994, 0.0025628906249999996, 0.0038443359374999994, 0.0025628906249999996, 0.0038443359374999994, 0.0025628906249999996, 0.0017085937499999996, 0.0011390624999999997, 0.0017085937499999996, 0.0011390624999999997, 0.0017085937499999996, 0.0025628906249999996, 0.0017085937499999996, 0.0025628906249999996, 0.0038443359374999994, 0.0025628906249999996, 0.0025628906249999996, 0.0038443359374999994, 0.0025628906249999996, 0.0038443359374999994, 0.00576650390625, 0.00576650390625, 0.00576650390625, 0.00576650390625, 0.0038443359374999994, 0.0038443359374999994, 0.00576650390625, 0.0038443359374999994, 0.00576650390625, 0.00576650390625, 0.008649755859375, 0.00576650390625, 0.0038443359374999994, 0.0025628906249999996, 0.0025628906249999996, 0.0038443359374999994, 0.0038443359374999994, 0.0025628906249999996, 0.0038443359374999994, 0.0038443359374999994, 0.0038443359374999994, 0.00576650390625, 0.0038443359374999994, 0.0025628906249999996, 0.0025628906249999996, 0.0038443359374999994, 0.00576650390625, 0.00576650390625, 0.0038443359374999994, 0.00576650390625, 0.0038443359374999994, 0.0038443359374999994, 0.0025628906249999996, 0.0038443359374999994, 0.00576650390625, 0.0038443359374999994, 0.0025628906249999996, 0.0038443359374999994, 0.0038443359374999994, 0.00576650390625, 0.00576650390625, 0.00576650390625, 0.00576650390625, 0.008649755859375, 0.00576650390625, 0.0038443359374999994, 0.00576650390625, 0.008649755859375, 0.008649755859375, 0.008649755859375, 0.0129746337890625, 0.0129746337890625, 0.01946195068359375, 0.012974633789062499, 0.012974633789062499, 0.008649755859374999, 0.008649755859374999, 0.008649755859374999, 0.008649755859374999, 0.005766503906249999, 0.003844335937499999, 0.003844335937499999, 0.005766503906249999, 0.003844335937499999, 0.003844335937499999, 0.005766503906249999, 0.003844335937499999, 0.003844335937499999, 0.003844335937499999, 0.005766503906249999, 0.003844335937499999, 0.003844335937499999, 0.002562890624999999, 0.0038443359374999986, 0.0038443359374999986, 0.0025628906249999988, 0.0025628906249999988, 0.003844335937499998, 