{"avg_loss": [2.3026891968120893, 2.3019636664814005, 2.3009317500693878, 2.298531289853951, 2.287643124746797, 2.173663344359285, 2.0412896172160684, 1.967251072247876, 1.8997032225558932, 1.855773081933233, 1.8217556972174522, 1.7907311407990172, 1.7507329495665516, 1.7227224446173488, 1.6960399284340093, 1.667506742213801, 1.6342730840639903, 1.6169555648310112, 1.5924048302392533, 1.5537545816837264, 1.5323404300241108, 1.509055688025795, 1.4589873405675544, 1.4337153638897118, 1.4075618803656786, 1.3631409467275961, 1.3417187480974724, 1.3283697512586512, 1.2946150975804478, 1.2661442646267866, 1.2493295030969194, 1.2139699661852703, 1.1942901939133868, 1.1638473995490901, 1.1580282245714217, 1.128682846201981, 1.1073340763711514, 1.091978887528052, 1.061670867854156, 1.060523794967713, 1.0271200789169543, 1.012241535229264, 0.9982957871283094, 0.9788810941554513, 0.9598154830779633, 0.9535466854969284, 0.9246569990780646, 0.9142339561081857, 0.8846212593114313, 0.8854407292094715, 0.8736789033858833, 0.846510717434498, 0.829437575576451, 0.8346335482277846, 0.8039563521801051, 0.7807854373671046, 0.7864602646553217, 0.7827643027363773, 0.7402902830433349, 0.7531436756529364, 0.7306655548121285, 0.7186796865279432, 0.7096243902910778, 0.7095535515465637, 0.6845873624347414, 0.6773508045289661, 0.6679364841735489, 0.6562365119700527, 0.6431156233981105, 0.6363132917248716, 0.6097483695525439, 0.6141519645262098, 0.5971407390941824, 0.5949851646599675, 0.5895442562496708, 0.5555143860260798, 0.5739376173483406, 0.5544901657556452, 0.5354804265600797, 0.5476453986816747, 0.5497630282485465, 0.5113009447443913, 0.49586601843677763, 0.48938947442851904, 0.4997922406456122, 0.48325272156741894, 0.4533959293267895, 0.46180149501439016, 0.4454328715903715, 0.4509708636701404, 0.4174109158807196, 0.45407416505271475, 0.4132262962530001, 0.421992589948033, 0.40529312332386036, 0.4169865780236077, 0.37135457860045556, 0.41866272584535946, 0.3694933336271141, 0.3767454710235903], "acc": [0.1, 0.10248000000000003, 0.11484, 0.15686000000000003, 0.19838000000000008, 0.2125, 0.26916000000000007, 0.30286, 0.32862, 0.3426600000000001, 0.35488000000000014, 0.36607999999999996, 0.38102, 0.38996000000000003, 0.39969999999999994, 0.41084, 0.42275999999999997, 0.42857999999999996, 0.4391400000000001, 0.45402000000000003, 0.4612, 0.46936000000000017, 0.4870999999999999, 0.4969800000000001, 0.5057200000000001, 0.52246, 0.5309999999999999, 0.5370799999999999, 0.5466000000000001, 0.5573799999999999, 0.56262, 0.5785199999999999, 0.5862799999999999, 0.5946, 0.5997400000000002, 0.6092400000000002, 0.61422, 0.62262, 0.6307400000000001, 0.6321800000000001, 0.6433200000000001, 0.6480199999999999, 0.65544, 0.6599200000000001, 0.6696200000000002, 0.6699, 0.67978, 0.68226, 0.6931200000000001, 0.6945199999999998, 0.6975200000000001, 0.70534, 0.7126199999999998, 0.7105599999999999, 0.7220799999999999, 0.7326200000000002, 0.7266600000000001, 0.7266799999999997, 0.7431599999999997, 0.7379000000000001, 0.7447800000000002, 0.7498599999999997, 0.7540199999999999, 0.7512599999999998, 0.7605600000000001, 0.7638200000000002, 0.7681399999999999, 0.7705200000000001, 0.77502, 0.7779199999999998, 0.78676, 0.7835600000000003, 0.7906200000000001, 0.791, 0.7951599999999998, 0.8064, 0.7961200000000003, 0.80376, 0.8126199999999999, 0.8064999999999999, 0.80586, 0.8195600000000001, 0.8259799999999998, 0.82946, 0.8238199999999999, 0.8276799999999999, 0.8405199999999998, 0.8371, 0.8419, 0.8416599999999999, 0.8531400000000003, 0.8393200000000001, 0.8567, 0.8521199999999999, 0.8570000000000002, 0.8551800000000002, 0.87086, 0.8564399999999998, 0.8734399999999998, 0.8679800000000002], "test_acc": [0.1, 0.1, 0.1492, 0.2106, 0.1926, 0.2545, 0.2809, 0.3172, 0.3256, 0.3415, 0.3672, 0.3583, 0.382, 0.3838, 0.4143, 0.4197, 0.4214, 0.4512, 0.4481, 0.4514, 0.4338, 0.4814, 0.4961, 0.48, 0.5083, 0.4506, 0.5324, 0.5446, 0.5491, 0.5595, 0.5589, 0.5482, 0.5783, 0.5932, 0.584, 0.5474, 0.568, 0.6027, 0.5947, 0.6158, 0.5881, 0.6178, 0.585, 0.5932, 0.6334, 0.6253, 0.639, 0.6246, 0.6483, 0.6312, 0.6367, 0.6196, 0.6495, 0.6511, 0.6527, 0.6467, 0.6369, 0.6622, 0.6475, 0.6639, 0.6582, 0.6422, 0.6543, 0.6545, 0.6649, 0.6706, 0.6545, 0.6701, 0.6628, 0.6605, 0.6546, 0.6498, 0.6461, 0.6318, 0.668, 0.6618, 0.6692, 0.6498, 0.6665, 0.6571, 0.6598, 0.6554, 0.6722, 0.6513, 0.6693, 0.6685, 0.6406, 0.6756, 0.6541, 0.6688, 0.6689, 0.6564, 0.6524, 0.6494, 0.6437, 0.6545, 0.6707, 0.6591, 0.612, 0.6426], "tot_time": 1418.047753572464, "tot_iterations": 5000, "tot_epochs": 100}