{"avg_loss": [0.285242764358724, 0.0312858709809892, 0.018032994518601034, 0.011449318736333352, 0.01076704952341578, 0.011233869890537313, 0.011134579341785373, 0.011050991350401423, 0.01094960848917138, 0.01068585381625452, 0.010705535269074069, 0.011240529863525006, 0.010893675918237847, 0.010675736084695861, 0.010998648010271296, 0.010887723182328566, 0.010887741814348352, 0.010861572464819943, 0.010692350322014385, 0.011033910343944742, 0.010905284852840848, 0.011077870736998913, 0.010979236960980424, 0.010833829433509764, 0.011053247472098718, 0.01088652314434774, 0.01155282314649354, 0.010980703635066784, 0.010682463359320075, 0.010802155085990675, 0.011303409884770892, 0.010774003474184262, 0.010786735742441954, 0.01114036859166893, 0.010803817459431564, 0.010742730389111405, 0.010933567519680986, 0.011008029552961637, 0.010662275286892004, 0.010834530114208412, 0.010855541060121744, 0.010766502685564219, 0.010821375733748976, 0.010719832310323581, 0.010955986921295178, 0.010791014451300726, 0.011233553875462618, 0.01101430303442186, 0.011216505253921472, 0.01078176101410016, 0.010714797307868928, 0.010651444715401238, 0.01078428404261024, 0.010694931522475606, 0.010796884286149899, 0.01066451697700313, 0.010954818381144297, 0.010772908275081936, 0.010721630049831652, 0.01062991015066533, 0.011032605025113397, 0.010768386163929944, 0.010835791619625727, 0.010887067542515344, 0.010641166419848608, 0.010582305154613902, 0.01074898408326238, 0.010549722139202841, 0.011051291585674134, 0.010610593348006889, 0.010713104595113394, 0.010596705173070526, 0.010954922511085239, 0.010896180628600783, 0.010813448490089732, 0.010931858842201039, 0.010630490139831805, 0.010787667577130695, 0.010745130923100334, 0.010769340619787866, 0.01077916560143712, 0.010567406905640907, 0.010926274226127082, 0.010953514941771622, 0.010583451513847947, 0.01110558146037807, 0.01116185878957333, 0.010830605270897123, 0.010780767696919954], "test_loss": [0.03331266634112365, 0.02287445789873516, 0.011035614996619956, 0.01073023184877782, 0.010705857335999408, 0.01046278732859553, 0.010789496149507522, 0.010511679141816227, 0.010621238450073331, 0.010826248720600624, 0.010946533741523766, 0.011029033804917054, 0.010735871067472142, 0.011780015511426871, 0.010763397144959183, 0.011068746029237533, 0.01084769683727735, 0.01068555959609655, 0.010709252003671905, 0.011049362314618436, 0.010618062787286268, 0.012008320034903694, 0.011407347290640408, 0.010846992138898868, 0.01094547048223467, 0.011120283395304643, 0.010593090234145307, 0.01122271808024065, 0.010760846568617902, 0.010728547832573682, 0.011107165153587218, 0.010871027282579137, 0.011236130504422116, 0.011074368631930046, 0.010523676827953068, 0.01050199702559768, 0.011506742546316, 0.010978939850721892, 0.010642557553744538, 0.010659220547596238, 0.011321172433740295, 0.010423497837686676, 0.01067149067636399, 0.01080881647428517, 0.010537558492127418, 0.010470623193512506, 0.010582810846414069, 0.010404541885316752, 0.010421959430189495, 0.010511019717194307, 0.01055858632073523, 0.010491113765141077, 0.010957348194466802, 0.010673174342799506, 0.011094154849446336, 0.011494330236431463, 0.010716230505085907, 0.011335665446298004, 0.010572134101989648, 0.010453780314098299, 0.010744551701088598, 0.01037392007590042, 0.010388525886645508, 0.010718146356591917, 0.010383248391966764, 0.010562540855343099, 0.010442990790458835, 0.010449803888886527, 0.010396915728607193, 0.010847367632904253, 0.01025686692179096, 0.010855362573652983, 0.01022334698160367, 0.010121992025214013, 0.010256851114511623, 0.010257637221113005, 0.010397262027491123, 0.01031371829457685, 0.010363779357314334, 0.010771175782146952, 0.01068479525583772, 0.010423076467553657, 0.010451356139794305, 0.01080340908542515, 0.011014235324814835, 0.01091068777580038, 0.010826738304699681, 0.010493625871009703, 0.010407215959976172], "tot_time": 10.236625909805298, "tot_iterations": 356, "rho": [0.0001, 0.0001, 6.666666666666667e-05, 0.0001, 0.00015000000000000001, 0.00022500000000000002, 0.0003375, 0.00050625, 0.000759375, 0.0011390624999999999, 0.0007593749999999999, 0.0005062499999999999, 0.0003374999999999999, 0.00022499999999999994, 0.00014999999999999996, 9.999999999999996e-05, 6.666666666666664e-05, 4.4444444444444426e-05, 2.9629629629629616e-05, 1.9753086419753076e-05, 1.3168724279835383e-05, 8.779149519890255e-06, 5.852766346593503e-06, 3.901844231062335e-06, 2.60122948737489e-06, 1.73415299158326e-06, 1.1561019943888399e-06, 1e-06, 1e-06, 1e-06, 1e-06, 1e-06, 1e-06, 1e-06, 1e-06, 1e-06, 1e-06, 1e-06, 1e-06, 1e-06, 1e-06, 1e-06, 1e-06, 1e-06, 1e-06, 1e-06, 1e-06, 1e-06, 1e-06, 1e-06, 1e-06, 1e-06, 1e-06, 1e-06, 1e-06, 1e-06, 1e-06, 1e-06, 1e-06, 1e-06, 1e-06, 1e-06, 1e-06, 1e-06, 1e-06, 1e-06, 1e-06, 1e-06, 1e-06, 1e-06, 1e-06, 1e-06, 1e-06, 1e-06, 1e-06, 1e-06, 1e-06, 1e-06, 1e-06, 1e-06, 1e-06, 1e-06, 1e-06, 1e-06, 1e-06, 1e-06, 1e-06, 1e-06, 1e-06, 1e-06, 1e-06, 1e-06, 1e-06, 1e-06, 1e-06, 1e-06, 1e-06, 1e-06, 1e-06, 1e-06, 1e-06, 1e-06, 1e-06, 1e-06, 1e-06, 1e-06, 1e-06, 1e-06, 1e-06, 1e-06, 1e-06, 1e-06, 1e-06, 1e-06, 1e-06, 1e-06, 1e-06, 1e-06, 1e-06, 1e-06, 1e-06, 1e-06, 1e-06, 1e-06, 1e-06, 1e-06, 1e-06, 1e-06, 1e-06, 1e-06, 1e-06, 1e-06, 1e-06, 1e-06, 1e-06, 1e-06, 1e-06, 1e-06, 1e-06, 1e-06, 1e-06, 1e-06, 1e-06, 1e-06, 1e-06, 1e-06, 1e-06, 1e-06, 1e-06, 1e-06, 1e-06, 1e-06, 1e-06, 1e-06, 1e-06, 1e-06, 1e-06, 1e-06, 1e-06, 1e-06, 1e-06, 1e-06, 1e-06, 1e-06, 1e-06, 1e-06, 1e-06, 1e-06, 1e-06, 1e-06, 1e-06, 1e-06, 1e-06, 1e-06, 1e-06, 1e-06, 1e-06, 1e-06, 1e-06, 1e-06, 1e-06, 1e-06, 1e-06, 1e-06, 1e-06, 1e-06, 1e-06, 1e-06, 1e-06, 1e-06, 1e-06, 1e-06, 1e-06, 1e-06, 1e-06, 1e-06, 1e-06, 1e-06, 1e-06, 1e-06, 1e-06, 1e-06, 1e-06, 1e-06, 1e-06, 1e-06, 1e-06, 1e-06, 1e-06, 1e-06, 1e-06, 1e-06, 1e-06, 1e-06, 1e-06, 1e-06, 1e-06, 1e-06, 1e-06, 1e-06, 1e-06, 1e-06, 1e-06, 1e-06, 1e-06, 1e-06, 1e-06, 1e-06, 1e-06, 1e-06, 1e-06, 1e-06, 1e-06, 1e-06, 1e-06, 1e-06, 1e-06, 1e-06, 1e-06, 1e-06, 1e-06, 1e-06, 1e-06, 1e-06, 1e-06, 1e-06, 1e-06, 1e-06, 1e-06, 1e-06, 1e-06, 1e-06, 1e-06, 1e-06, 1e-06, 1e-06, 1e-06, 1e-06, 1e-06, 1e-06, 1e-06, 1e-06, 1e-06, 1e-06, 1e-06, 1e-06, 1e-06, 1e-06, 1e-06, 1e-06, 1e-06, 1e-06, 1e-06, 1e-06, 1e-06, 1e-06, 1e-06, 1e-06, 1e-06, 1e-06, 1e-06, 1e-06, 1e-06, 1e-06, 1e-06, 1e-06, 1e-06, 1e-06, 1e-06, 1e-06, 1e-06, 1e-06, 1e-06, 1e-06, 1e-06, 1e-06, 1e-06, 1e-06, 1e-06, 1e-06, 1e-06, 1e-06, 1e-06, 1e-06, 1e-06, 1e-06, 1e-06, 1e-06, 1e-06, 1e-06, 1e-06, 1e-06, 1e-06, 1e-06, 1e-06, 1e-06, 1e-06, 1e-06, 1e-06, 1e-06, 1e-06, 1e-06, 1e-06, 1e-06, 1e-06, 1e-06, 1e-06, 1e-06, 1e-06, 1e-06, 1e-06, 1e-06, 1e-06, 1e-06, 1e-06, 1e-06, 1e-06, 1e-06, 1e-06, 1e-06, 1e-06, 1e-06, 1e-06, 1e-06, 1e-06, 1e-06, 1e-06, 1e-06, 1e-06, 1e-06, 1e-06, 1e-06, 1e-06, 1e-06, 1e-06, 1e-06],