{"avg_loss": [0.8122069733954175, 0.04696273977288967, 0.02733468687150311, 0.020847245186737796, 0.017682444772149922, 0.012622034525328413, 0.011556268925172041, 0.011219394958777754, 0.01080815918301897, 0.009915697134599836, 0.009797603521055569, 0.009504848806003545, 0.009288912453679672, 0.009155992633695037, 0.009007275893215025, 0.008806754906020203, 0.00850614219529366, 0.008140122410991702, 0.007928118655995929, 0.0077205908909212815, 0.00770206084642401, 0.007523877289580443, 0.007451095386504071, 0.007283650967081587, 0.0069841129479615675, 0.006879897045762372, 0.006724956649603118, 0.006661199777386378, 0.006646139459899045, 0.0066215373565655065, 0.006348644611682329], "test_loss": [0.05103342640362845, 0.03313028481302363, 0.024531864109406023, 0.01968961975681568, 0.013328513894879377, 0.0116067694595922, 0.011036802962812634, 0.010539794999420647, 0.009990028010989515, 0.009814848710410905, 0.009884723418815395, 0.009410789664494369, 0.009458093797628743, 0.009367654659034316, 0.009301363290202697, 0.008919886276232412, 0.008811063179931166, 0.009051407015701524, 0.008606120023269236, 0.008609333596866465, 0.008480147738905526, 0.008369136866313867, 0.008250621866329898, 0.008017789759239821, 0.007928179738571657, 0.007816031050743853, 0.007803421730811569, 0.0077926629554669665, 0.00778096032642869, 0.0075832173619493435, 0.0074595863636398845], "tot_time": 10.250341892242432, "tot_iterations": 31, "rho": [0.0001, 6.666666666666667e-05, 0.0001, 0.00015000000000000001, 0.00015000000000000001, 0.00022500000000000002, 0.0003375, 0.00050625, 0.000759375, 0.00050625, 0.000759375, 0.00050625, 0.000759375, 0.0011390624999999999, 0.0007593749999999999, 0.0005062499999999999, 0.0003374999999999999, 0.00022499999999999994, 0.00014999999999999996, 0.00022499999999999994, 0.0003374999999999999, 0.0005062499999999999, 0.0007593749999999999, 0.0011390624999999999, 0.0007593749999999999, 0.0005062499999999999, 0.0003374999999999999, 0.0003374999999999999, 0.0005062499999999999, 0.0007593749999999999, 0.0005062499999999999], "alpha": [1.0, 0.5, 0.25, 1.0, 0.25, 0.25, 0.25, 0.5, 1.0, 0.5, 1.0, 0.5, 0.5, 1.0, 1.0, 1.0, 1.0, 1.0, 0.25, 0.25, 0.5, 1.0, 0.5, 1.0, 1.0, 1.0, 1.0, 0.0625, 0.25, 1.0, 1.0]}