{"avg_loss": [0.28087889889431705, 0.01362095531793859, 0.015482021135587028, 0.015298141992713662, 0.013308991896176368, 0.011542393523159269, 0.010787225244674039, 0.010486291256759046, 0.010231483570771088, 0.011527251907643688, 0.011837000691945064, 0.010162101008455927, 0.010713206085871669, 0.010693792609732269, 0.010728489409511757], "test_loss": [0.015243044042981553, 0.013440380213015687, 0.013826455489634957, 0.014095416076840332, 0.013721119141809415, 0.010641409005303101, 0.01087311581994067, 0.009930460534794041, 0.009437156888107003, 0.009951532285631759, 0.009641236732195862, 0.011178937638662373, 0.010705763526885672, 0.011513792785754179, 0.010244867112085655], "tot_time": 10.551363706588745, "tot_iterations": 60, "rho": [0.0001, 6.666666666666667e-05, 0.0001, 0.00015000000000000001, 0.0001, 0.00015000000000000001, 0.00022500000000000002, 0.0003375, 0.00050625, 0.000759375, 0.0011390624999999999, 0.0017085937499999998, 0.0025628906249999996, 0.0025628906249999996, 0.0038443359374999994, 0.0038443359374999994, 0.00576650390625, 0.00576650390625, 0.008649755859375, 0.008649755859375, 0.008649755859375, 0.008649755859375, 0.00576650390625, 0.008649755859375, 0.0129746337890625, 0.0129746337890625, 0.008649755859375, 0.0129746337890625, 0.008649755859375, 0.00576650390625, 0.008649755859375, 0.0129746337890625, 0.008649755859375, 0.00576650390625, 0.008649755859375, 0.0129746337890625, 0.008649755859375, 0.00576650390625, 0.008649755859375, 0.008649755859375, 0.00576650390625, 0.00576650390625, 0.008649755859375, 0.008649755859375, 0.00576650390625, 0.008649755859375, 0.0129746337890625, 0.01946195068359375, 0.012974633789062499, 0.008649755859374999, 0.005766503906249999, 0.008649755859374999, 0.012974633789062499, 0.008649755859374999, 0.012974633789062499, 0.008649755859374999, 0.012974633789062499, 0.008649755859374999, 0.005766503906249999, 0.008649755859374999], "alpha": [1.0, 0.5, 0.125, 1.0, 0.25, 0.25, 0.25, 0.5, 1.0, 0.5, 0.5, 0.5, 1.0, 0.5, 1.0, 0.5, 1.0, 0.5, 1.0, 1.0, 1.0, 1.0, 0.5, 0.5, 1.0, 1.0, 0.5, 1.0, 1.0, 0.5, 0.5, 1.0, 1.0, 0.5, 0.5, 1.0, 1.0, 0.25, 1.0, 1.0, 1.0, 0.25, 1.0, 1.0, 0.5, 0.5, 0.5, 1.0, 1.0, 1.0, 1.0, 0.5, 1.0, 0.5, 1.0, 0.5, 1.0, 1.0, 0.5, 1.0]}