{"avg_loss": [2.3030773341481265, 2.3030658546993656, 2.303054523944777, 2.3030432772450222, 2.3030320980044445, 2.303021107366354, 2.303010326501544, 2.3029994830479743, 2.3029888915940977, 2.302978378392401, 2.302968112518925, 2.302957875231451, 2.3029476352294993, 2.3029376219518234, 2.3029277795994534, 2.3029179054951485, 2.3029081907329014, 2.302898682520083, 2.3028892505708063, 2.3028798390392446, 2.302870574345295, 2.3028614274329953, 2.3028522904292883, 2.3028433653778873, 2.302834405131078, 2.3028255944228078, 2.302816927852122, 2.302808337690427, 2.3027996945524305, 2.3027912043771934, 2.302782753720148, 2.302774440548194, 2.3027661576486156, 2.3027579506536555, 2.302749816635243, 2.302741673310891, 2.302733666886768, 2.3027257587561505, 2.302717764375631, 2.302709951334179, 2.3027019928147783, 2.302694286188176, 2.3026865564621666, 2.3026788015487445, 2.3026712469864314, 2.3026636095274102, 2.302656099077499, 2.302648528226477, 2.302641135020534, 2.3026336858987517, 2.3026262811680933, 2.302618953695858, 2.302611672878368, 2.3026043794670543, 2.3025971235579004, 2.3025899606148235, 2.3025827260255447, 2.3025755095075975, 2.302568407473403, 2.302561279743557, 2.302554232730166, 2.3025471622324445, 2.3025401080633414, 2.3025331079339515, 2.3025261380697084, 2.3025191254399857, 2.3025122111113094, 2.302505273202106, 2.3024983593128323, 2.302491409879749, 2.302484607292488, 2.302477686043755, 2.3024708721290343, 2.3024640472320863, 2.3024571643745095, 2.302450407370412, 2.3024435552851825, 2.3024367762936575, 2.3024299256466385, 2.3024231357376688, 2.3024163098789003, 2.3024096599655364, 2.3024028894867317, 2.302396036712982, 2.302389339605588, 2.3023825780642873, 2.302375854032513, 2.3023690887047774, 2.3023622788492277, 2.3023555660827575, 2.302348900745164, 2.302342224330707, 2.302335394493762, 2.302328640461354, 2.3023219136440125, 2.302315195199095, 2.3023084515734484, 2.3023017280428753, 2.302294927832216, 2.3022881702830427], "acc": [0.10000000000000005, 0.1, 0.10000000000000002, 0.1, 0.10000000000000005, 0.1, 0.1, 0.1, 0.10000000000000003, 0.10000000000000002, 0.10000000000000002, 0.10000000000000005, 0.10000000000000002, 0.1, 0.10000000000000002, 0.10000000000000003, 0.10000000000000003, 0.10000000000000003, 0.10000000000000005, 0.10000000000000002, 0.10000000000000003, 0.10000000000000005, 0.10000000000000002, 0.10000000000000003, 0.10000000000000003, 0.10000000000000007, 0.1, 0.10000000000000002, 0.1, 0.10000000000000002, 0.10000000000000002, 0.10000000000000003, 0.10000000000000002, 0.10000000000000002, 0.10000000000000005, 0.10000000000000002, 0.10000000000000003, 0.09999999999999998, 0.10000000000000003, 0.10000000000000002, 0.10000000000000002, 0.10000000000000005, 0.10000000000000003, 0.10000000000000005, 0.10000000000000003, 0.10000000000000005, 0.10000000000000002, 0.10000000000000002, 0.1, 0.10000000000000002, 0.10000000000000003, 0.10000000000000003, 0.10000000000000003, 0.10000000000000007, 0.10000000000000002, 0.10000000000000002, 0.10000000000000003, 0.10000000000000003, 0.10000000000000002, 0.10000000000000002, 0.10000000000000003, 0.10000000000000002, 0.10000000000000002, 0.10000000000000003, 0.10000000000000002, 0.10000000000000002, 0.10000000000000002, 0.10000000000000003, 0.10000000000000005, 0.10000000000000003, 0.09999999999999996, 0.10000000000000002, 0.10000000000000003, 0.10000000000000003, 0.10000000000000002, 0.10000000000000002, 0.10000000000000002, 0.10000000000000002, 0.10000000000000002, 0.10000000000000003, 0.10000000000000002, 0.10000000000000002, 0.1, 0.1, 0.10000000000000003, 0.10000000000000005, 0.10000000000000002, 0.10000000000000003, 0.1, 0.10000000000000002, 0.10000000000000003, 0.10000000000000002, 0.10000000000000003, 0.10000000000000002, 0.10000000000000002, 0.10000000000000002, 0.10000000000000002, 0.1, 0.10000000000000003, 0.10000000000000002], "test_acc": [0.1, 0.1, 0.1, 0.1, 0.1, 0.1, 0.1, 0.1, 0.1, 0.1, 0.1, 0.1, 0.1, 0.1, 0.1, 0.1, 0.1, 0.1, 0.1, 0.1, 0.1, 0.1, 0.1, 0.1, 0.1, 0.1, 0.1, 0.1, 0.1, 0.1, 0.1, 0.1, 0.1, 0.1, 0.1, 0.1, 0.1, 0.1, 0.1, 0.1, 0.1, 0.1, 0.1, 0.1, 0.1, 0.1, 0.1, 0.1, 0.1, 0.1, 0.1, 0.1, 0.1, 0.1, 0.1, 0.1, 0.1, 0.1, 0.1, 0.1, 0.1, 0.1, 0.1, 0.1, 0.1, 0.1, 0.1, 0.1, 0.1, 0.1, 0.1, 0.1, 0.1, 0.1, 0.1, 0.1, 0.1, 0.1, 0.1, 0.1, 0.1, 0.1, 0.1, 0.1, 0.1, 0.1, 0.1, 0.1, 0.1, 0.1, 0.1, 0.1, 0.1, 0.1, 0.1, 0.1, 0.1, 0.1, 0.1, 0.1], "tot_time": 1406.3643591403961, "tot_iterations": 5000, "tot_epochs": 100}