{"avg_loss": [1.1075546179805142, 0.5856985007075372, 0.5167755678083507, 0.4681641010597452, 0.44038423021740114, 0.4135457284903271, 0.3978243517399631, 0.38373990718086565, 0.36618998702327155, 0.3597491128115061, 0.3533756562468483, 0.3386730609970491, 0.3345671708159975, 0.3280964969546575, 0.3185616332086944, 0.3175118379191614, 0.3053603643381101, 0.3058233411947659, 0.304813802715671, 0.29562198193147776, 0.29619831437889066, 0.285453154898885, 0.285287492481265, 0.2804344664393869, 0.2787178528342759, 0.2785582496000262, 0.2729019666836078, 0.26689756524927877, 0.2666566470045371, 0.265341537058196, 0.26621956305338645, 0.2549925024838465, 0.2587519263341861, 0.2555869156965175, 0.25339772820501877, 0.2537301955179376, 0.24929676046622362, 0.24761676028586208, 0.2449232396213688, 0.2465921362135878, 0.23769233615415955, 0.23751339908081467, 0.23474889722535783, 0.23423091653543632, 0.2335490151282711, 0.22987138508543095, 0.22646389590259347, 0.22628556927012547, 0.22817433771860335, 0.21941670149077394, 0.22722037091022826, 0.21943772031023112, 0.2174675251630959, 0.2270645603592558, 0.2130813538492145, 0.2183839776917145, 0.20931415670728212, 0.21142485780129724, 0.20584366638294993, 0.2081284935486323, 0.20983300501196858, 0.20667012490951409, 0.19768757814830332, 0.19931367346009235, 0.20417913450457312, 0.19625746794860852, 0.19746758588871985, 0.19405158176970688, 0.19531660432673562, 0.18991038209947136, 0.1915397984974731, 0.1905217517800539, 0.18824616399467328, 0.186506257503902, 0.18732532543704314, 0.18652147994230794, 0.18058714326927466, 0.18622796720755883, 0.1797889431831436, 0.17913795329588272, 0.1764987303229949, 0.17772765974326285, 0.1744686473417115, 0.17656676288446846, 0.17746652093663987, 0.1711810248746726, 0.170460219559764, 0.17048543343758205, 0.16762776112838623, 0.16896058724582494, 0.16527075089830986, 0.16894562362738838, 0.1640482318860155, 0.16294799547516178, 0.17214970413359065, 0.160049435393629, 0.15764581173484496, 0.15625150721299613, 0.15761756774109947, 0.1540256408384955], "acc": [0.59775, 0.7774333333333334, 0.8062999999999999, 0.8255000000000001, 0.8365666666666668, 0.8469666666666662, 0.853683333333333, 0.8584499999999998, 0.8639166666666666, 0.8664166666666663, 0.868983333333333, 0.8742833333333333, 0.8744166666666668, 0.8793833333333335, 0.8823833333333332, 0.8823500000000001, 0.8868166666666669, 0.8866500000000002, 0.8854666666666667, 0.8898500000000001, 0.888616666666667, 0.8947833333333336, 0.894066666666667, 0.8960000000000004, 0.8962666666666667, 0.8968166666666666, 0.8989166666666674, 0.9014000000000002, 0.9005333333333335, 0.9006666666666667, 0.9012833333333335, 0.9065333333333333, 0.9036833333333333, 0.9050833333333336, 0.9054833333333335, 0.9061333333333331, 0.9083333333333333, 0.9079166666666669, 0.90965, 0.9093666666666664, 0.9122666666666671, 0.9116666666666665, 0.9130666666666661, 0.9128000000000003, 0.9139333333333333, 0.9130499999999999, 0.916083333333333, 0.9157833333333334, 0.9154833333333331, 0.9188999999999997, 0.9142833333333336, 0.9193499999999999, 0.9187166666666665, 0.9162833333333332, 0.92, 0.9181166666666669, 0.9226166666666663, 0.9203333333333336, 0.9244833333333332, 0.9229666666666666, 0.9216333333333334, 0.9227000000000001, 0.9263333333333332, 0.92565, 0.924533333333333, 0.9268666666666666, 0.9260499999999998, 0.9279333333333333, 0.9284666666666667, 0.9294999999999998, 0.9283333333333332, 0.9287500000000003, 0.9303333333333328, 0.9313333333333335, 0.9297166666666666, 0.9309666666666666, 0.9337833333333331, 0.9311166666666665, 0.9328833333333331, 0.9337333333333331, 0.9342999999999996, 0.9331666666666665, 0.9353999999999997, 0.9343999999999998, 0.9331666666666665, 0.9364166666666666, 0.9360833333333333, 0.9366000000000001, 0.9367499999999999, 0.9369666666666667, 0.9382999999999998, 0.9369500000000001, 0.9390666666666667, 0.9394166666666665, 0.9346000000000001, 0.9403166666666665, 0.94155, 0.9424499999999999, 0.9403833333333335, 0.9430833333333334], "test_acc": [0.7505, 0.7829, 0.797, 0.7972, 0.842, 0.8395, 0.852, 0.8476, 0.8466, 0.8594, 0.8609, 0.8686, 0.8601, 0.8528, 0.8635, 0.8726, 0.8702, 0.8731, 0.8632, 0.8736, 0.8786, 0.8712, 0.8758, 0.8775, 0.8748, 0.8751, 0.8789, 0.8809, 0.881, 0.8843, 0.8886, 0.8813, 0.8876, 0.885, 0.888, 0.8876, 0.8883, 0.8862, 0.8736, 0.8847, 0.8823, 0.8841, 0.885, 0.8921, 0.8918, 0.8785, 0.8888, 0.8761, 0.8781, 0.8722, 0.8858, 0.8952, 0.8928, 0.8948, 0.889, 0.8954, 0.8975, 0.8946, 0.8917, 0.8956, 0.8958, 0.8986, 0.8934, 0.8908, 0.8949, 0.89, 0.8989, 0.8866, 0.8931, 0.8967, 0.8993, 0.8961, 0.893, 0.8991, 0.8994, 0.8744, 0.9014, 0.8961, 0.8953, 0.9014, 0.8882, 0.8999, 0.8849, 0.8977, 0.8978, 0.889, 0.8932, 0.8979, 0.8984, 0.8915, 0.8985, 0.8905, 0.8984, 0.8909, 0.895, 0.8953, 0.9013, 0.884, 0.8963, 0.8995], "tot_time": 328.9772262573242, "tot_iterations": 6000, "tot_epochs": 100}