{"avg_loss": [2.303033037519116, 2.302928877837285, 2.302835959270586, 2.302751322705866, 2.30267221041502, 2.3025982135142185, 2.302528353240662, 2.3024586292581297, 2.3023910203655986, 2.3023233532358383, 2.3022567461268935, 2.302188223338795, 2.302116781688192, 2.302043726121433, 2.3019686830772086, 2.3018892016052983, 2.301807186966601, 2.301722562516622, 2.301633751413586, 2.301539281583876, 2.3014400771457217, 2.301334799765986, 2.301221921148577, 2.3011023435557227, 2.300972497494016, 2.3008332199654875, 2.300682951345387, 2.300519212439339, 2.3003389208784353, 2.300141978021694, 2.299924881778073, 2.2996843417224992, 2.299414427444722, 2.2991111908968604, 2.298768104246997, 2.298374455521134, 2.2979234015403596, 2.297409729095514, 2.2968212788813167, 2.2961439626957105, 2.2953487815053193, 2.294410387036295, 2.293282201931668, 2.2919033884670132, 2.290186757864416, 2.2879853280359117, 2.2850611900472044, 2.281044206081972, 2.275370927801689, 2.267096754220901, 2.254776608420064, 2.2366277743231686, 2.2117819072190836, 2.18169569508375, 2.1499238055986942, 2.1198817485291896, 2.0927891799878053, 2.068494852559916, 2.0478774061411746, 2.030288446255757, 2.0149695506006706, 2.0009170882579657, 1.9871765220347937, 1.97370117173744, 1.9606700235009193, 1.9477585523825234, 1.935439878554777, 1.9235070894018755, 1.9115247494814758, 1.8998773383676657, 1.888194281444386, 1.8769455201909528, 1.8645907863672928, 1.8530272370164087, 1.8417730286829572, 1.8458448178205835, 1.829570720080539, 1.8260780544755029, 1.8089326091131506, 1.8003067965824877, 1.8025429304306748, 1.7888155013930753, 1.7809135039238921, 1.7634063252463728, 1.7599526661312495, 1.7546947890041145, 1.756132022041246, 1.7303261524073408, 1.7367875533799344, 1.7163824000175516, 1.7230034512414352, 1.7155386930324983, 1.7018592858452586, 1.6996372198591205, 1.6888016340097847, 1.6757667702262875, 1.6758279602509858, 1.677444090025782, 1.66086637838117, 1.6583890670527373], "acc": [0.10000000000000005, 0.1, 0.10000000000000002, 0.1, 0.10000000000000005, 0.1, 0.1, 0.1, 0.10000000000000003, 0.10000000000000002, 0.10000000000000002, 0.10000000000000005, 0.10000000000000002, 0.1, 0.10000000000000002, 0.10000000000000003, 0.10004000000000005, 0.10006000000000004, 0.10016000000000001, 0.10086000000000003, 0.10124000000000002, 0.10300000000000001, 0.10456000000000003, 0.11142000000000002, 0.11420000000000004, 0.11648000000000003, 0.11882000000000001, 0.12572, 0.13559999999999997, 0.14126, 0.16308, 0.17746000000000003, 0.18681999999999999, 0.19876000000000002, 0.19689999999999994, 0.20375999999999994, 0.20390000000000005, 0.20435999999999999, 0.20688000000000004, 0.20548000000000002, 0.20448000000000005, 0.20548000000000002, 0.20538, 0.20203999999999997, 0.20113999999999999, 0.19824000000000003, 0.19527999999999998, 0.19120000000000004, 0.18737999999999996, 0.18387999999999993, 0.18028, 0.18189999999999998, 0.1913199999999999, 0.20882000000000006, 0.22682000000000002, 0.23996000000000006, 0.25112000000000007, 0.26014, 0.26865999999999995, 0.27636000000000016, 0.2828399999999999, 0.29066, 0.29578, 0.30194, 0.3083200000000001, 0.31310000000000004, 0.31971999999999995, 0.32330000000000003, 0.32786000000000004, 0.33110000000000006, 0.3355, 0.34002000000000004, 0.34291999999999995, 0.3464600000000001, 0.3497599999999999, 0.34968, 0.35556, 0.35719999999999996, 0.36176, 0.36412000000000005, 0.36401999999999995, 0.3671200000000001, 0.36982000000000004, 0.37656000000000023, 0.3791400000000001, 0.3773999999999999, 0.3797799999999998, 0.3870600000000001, 0.38661999999999985, 0.39312, 0.39182000000000017, 0.39412000000000014, 0.39712, 0.39744000000000007, 0.4018400000000002, 0.40659999999999996, 0.40671999999999997, 0.4058599999999999, 0.41092000000000006, 0.4117199999999999], "test_acc": [0.1, 0.1, 0.1, 0.1, 0.1, 0.1, 0.1, 0.1, 0.1, 0.1, 0.1, 0.1, 0.1, 0.1, 0.1, 0.1, 0.1, 0.1001, 0.1002, 0.1005, 0.101, 0.1031, 0.1045, 0.1074, 0.1109, 0.116, 0.1201, 0.1274, 0.1382, 0.1541, 0.1696, 0.1803, 0.1891, 0.1946, 0.1989, 0.2, 0.2013, 0.2007, 0.2, 0.2009, 0.202, 0.2025, 0.2014, 0.1997, 0.1975, 0.1957, 0.1925, 0.1889, 0.1841, 0.1796, 0.1789, 0.1854, 0.1962, 0.2149, 0.2309, 0.2443, 0.2581, 0.2715, 0.2765, 0.2868, 0.2925, 0.2953, 0.2995, 0.3059, 0.3104, 0.3151, 0.3206, 0.3254, 0.3289, 0.3339, 0.3381, 0.3394, 0.3443, 0.3416, 0.3457, 0.3526, 0.3502, 0.3607, 0.349, 0.3632, 0.3522, 0.3552, 0.3655, 0.3392, 0.3772, 0.3813, 0.375, 0.3887, 0.367, 0.3792, 0.3823, 0.3881, 0.3948, 0.3984, 0.3894, 0.4057, 0.4015, 0.3957, 0.4007, 0.4025], "tot_time": 1421.5558269023895, "tot_iterations": 5000, "tot_epochs": 100}