{"avg_loss": [2.303077282559207, 2.3030658986886237, 2.30305445554842, 2.3030433044153606, 2.3030322320200862, 2.3030212026513697, 2.3030102715861713, 2.3029995215227492, 2.302988837356562, 2.3029784523333543, 2.302967988406047, 2.302957791718925, 2.3029476078552125, 2.302937615678514, 2.3029277200157616, 2.302917972353949, 2.3029082824256673, 2.302898657202906, 2.3028892165735235, 2.302879869627252, 2.302870580775717, 2.302861297476127, 2.3028523039066973, 2.3028433489712783, 2.3028344421076823, 2.3028256000619804, 2.302816923225407, 2.302808247221098, 2.3027997295524276, 2.302791175618461, 2.3027827506407785, 2.302774391920393, 2.3027660985561567, 2.30275786842098, 2.3027498040738292, 2.30274171347449, 2.3027336421240863, 2.30272570682199, 2.302717806087661, 2.3027098081644986, 2.3027020266743996, 2.302694231107248, 2.3026865401278416, 2.30267891729389, 2.3026712043515944, 2.302663629001211, 2.302656126679022, 2.3026485973024, 2.3026410724798727, 2.3026336692578075, 2.3026262873431818, 2.3026189326345863, 2.3026116273633157, 2.3026043666905647, 2.3025971265448804, 2.3025899037845012, 2.302582732863594, 2.302575567825282, 2.3025684584142447, 2.3025612609211685, 2.3025542659855147, 2.3025471419080272, 2.302540123577289, 2.3025330898657645, 2.3025260646890007, 2.302519100989788, 2.302512197110222, 2.3025052690516956, 2.302498332248332, 2.3024914597572397, 2.302484554383777, 2.302477718415493, 2.302470843347746, 2.302463946840781, 2.3024571765840385, 2.302450330046086, 2.3024435292873555, 2.302436720223513, 2.3024299263417003, 2.302423194958382, 2.302416379326399, 2.3024095820848958, 2.3024027710070474, 2.302396060762853, 2.3023893270623335, 2.302382548543585, 2.3023757879448743, 2.3023690658930103, 2.302362315395881, 2.302355596730843, 2.3023488625728556, 2.302342101414844, 2.302335402648197, 2.3023286334283624, 2.3023218598844566, 2.302315121074326, 2.3023083866188987, 2.302301661730472, 2.3022948365217424, 2.302288152337771], "acc": [0.10000000000000003, 0.1, 0.10000000000000003, 0.10000000000000002, 0.10000000000000002, 0.10000000000000003, 0.1, 0.10000000000000002, 0.10000000000000005, 0.10000000000000003, 0.1, 0.10000000000000003, 0.1, 0.10000000000000003, 0.10000000000000003, 0.10000000000000002, 0.1, 0.1, 0.10000000000000005, 0.10000000000000002, 0.1, 0.10000000000000003, 0.10000000000000002, 0.1, 0.10000000000000002, 0.10000000000000002, 0.1, 0.10000000000000002, 0.1, 0.10000000000000003, 0.10000000000000002, 0.1, 0.10000000000000002, 0.10000000000000003, 0.10000000000000003, 0.1, 0.10000000000000003, 0.10000000000000002, 0.10000000000000002, 0.10000000000000005, 0.10000000000000003, 0.10000000000000002, 0.10000000000000005, 0.10000000000000005, 0.1, 0.10000000000000003, 0.10000000000000003, 0.09999999999999998, 0.10000000000000003, 0.10000000000000005, 0.1, 0.10000000000000003, 0.10000000000000005, 0.10000000000000002, 0.10000000000000003, 0.10000000000000002, 0.10000000000000003, 0.10000000000000002, 0.10000000000000003, 0.10000000000000007, 0.10000000000000002, 0.10000000000000003, 0.10000000000000005, 0.10000000000000003, 0.1, 0.10000000000000003, 0.10000000000000002, 0.10000000000000003, 0.10000000000000003, 0.10000000000000003, 0.10000000000000005, 0.10000000000000003, 0.10000000000000003, 0.10000000000000005, 0.10000000000000007, 0.1, 0.10000000000000005, 0.10000000000000005, 0.10000000000000002, 0.10000000000000002, 0.10000000000000005, 0.09999999999999998, 0.10000000000000002, 0.10000000000000003, 0.10000000000000003, 0.10000000000000003, 0.10000000000000005, 0.10000000000000005, 0.10000000000000003, 0.1, 0.10000000000000002, 0.1, 0.10000000000000005, 0.10000000000000002, 0.1, 0.10000000000000005, 0.1, 0.10000000000000007, 0.10000000000000003, 0.10000000000000003], "test_acc": [0.1, 0.1, 0.1, 0.1, 0.1, 0.1, 0.1, 0.1, 0.1, 0.1, 0.1, 0.1, 0.1, 0.1, 0.1, 0.1, 0.1, 0.1, 0.1, 0.1, 0.1, 0.1, 0.1, 0.1, 0.1, 0.1, 0.1, 0.1, 0.1, 0.1, 0.1, 0.1, 0.1, 0.1, 0.1, 0.1, 0.1, 0.1, 0.1, 0.1, 0.1, 0.1, 0.1, 0.1, 0.1, 0.1, 0.1, 0.1, 0.1, 0.1, 0.1, 0.1, 0.1, 0.1, 0.1, 0.1, 0.1, 0.1, 0.1, 0.1, 0.1, 0.1, 0.1, 0.1, 0.1, 0.1, 0.1, 0.1, 0.1, 0.1, 0.1, 0.1, 0.1, 0.1, 0.1, 0.1, 0.1, 0.1, 0.1, 0.1, 0.1, 0.1, 0.1, 0.1, 0.1, 0.1, 0.1, 0.1, 0.1, 0.1, 0.1, 0.1, 0.1, 0.1, 0.1, 0.1, 0.1, 0.1, 0.1, 0.1], "tot_time": 1409.7320594787598, "tot_iterations": 5000, "tot_epochs": 100}