{"avg_loss": [2.0984414146351513, 1.289224307663506, 0.7757874480552848, 0.6792930271242643, 0.6375673455612588, 0.6089105510965331, 0.5815456169458993, 0.5563506837950263, 0.5384755939016571, 0.5277238200065354, 0.51097183025819, 0.5020489511040844, 0.49029434417881707, 0.4760608705932394, 0.47103071418766057, 0.4656302539754259, 0.4579800253995168, 0.4552338340715686, 0.4474741190961621, 0.43917221865938905, 0.4385097918147608, 0.4331124030571811, 0.42443335544116484, 0.42666175436289927, 0.4167204150255859, 0.4156608850354895, 0.409767884499405, 0.4116403099824252, 0.4030915821296495, 0.4041292773258842, 0.3969780028934315, 0.3967745701088444, 0.39563406086698844, 0.38942982184886243, 0.3862572714193138, 0.38609264284060235, 0.37995544345989335, 0.38059214830036847, 0.38187182856781443, 0.3727255489036011, 0.37600523705984445, 0.3723568283782611, 0.37137662106017094, 0.36615806860514294, 0.36457211180011967, 0.36840647042883684, 0.3615301318021186, 0.3622517091343696, 0.35866962583503387, 0.36010460246806214, 0.3576721535863714, 0.3561173405240966, 0.35141969658466665, 0.352184619580117, 0.35115989195627834, 0.35052766284063797, 0.3503168485008876, 0.3483654557118362, 0.3439499078975127, 0.33904064506164855, 0.3389210862685913, 0.34062175937342, 0.33986044064960236, 0.33651167191142445, 0.3364050027033881, 0.3390769052459662, 0.33615579932871836, 0.3344308384007003, 0.32789701032876206, 0.32765727490255986, 0.33057807562615266, 0.3325264799577435, 0.32597352166155236, 0.3267767157090209, 0.32758376378270404, 0.32473544173405383, 0.3256988759437265, 0.3233812109851242, 0.32405979033826504, 0.3206370856194384, 0.31899576435907584, 0.32101782152965186, 0.318175319727472, 0.3173414275222272, 0.3147697016671751, 0.31805122971625316, 0.31452525514290713, 0.3115188918336411, 0.31637426252043466, 0.31247702626484164, 0.3076352263896241, 0.3078006241448613, 0.30830560674304974, 0.3075678507061202, 0.3068545363254822, 0.30844938133349376, 0.3056442730564016, 0.30279122055289365, 0.3048116406507874, 0.30411824827488615], "acc": [0.29276666666666673, 0.5987166666666663, 0.7251999999999997, 0.7502166666666663, 0.7634000000000003, 0.7732, 0.78385, 0.7954499999999999, 0.8013999999999998, 0.8067666666666665, 0.8121666666666665, 0.8162166666666668, 0.8211499999999997, 0.8277666666666667, 0.8289166666666666, 0.8311333333333333, 0.8317833333333333, 0.8350333333333334, 0.836666666666667, 0.8406666666666666, 0.8405500000000001, 0.8433166666666665, 0.8469666666666665, 0.8452166666666666, 0.8491333333333333, 0.8490833333333333, 0.8506666666666667, 0.8511166666666665, 0.8547333333333331, 0.8524666666666666, 0.8552666666666664, 0.856, 0.8567999999999999, 0.8595499999999998, 0.8588500000000001, 0.8591999999999996, 0.8626666666666665, 0.8607999999999998, 0.8617666666666665, 0.8649666666666668, 0.864, 0.864783333333333, 0.8653333333333334, 0.8673333333333331, 0.8673666666666663, 0.8656166666666665, 0.8692833333333333, 0.8682333333333331, 0.8695, 0.8698833333333332, 0.8692166666666663, 0.8705499999999999, 0.8723000000000002, 0.8727500000000002, 0.8727166666666667, 0.8730666666666667, 0.8718333333333331, 0.8732499999999999, 0.8758499999999997, 0.8773333333333334, 0.8763833333333334, 0.8752666666666665, 0.8772000000000003, 0.8775333333333335, 0.8767500000000001, 0.8756000000000003, 0.8780999999999997, 0.8779166666666663, 0.8814333333333334, 0.8805999999999999, 0.87975, 0.8789166666666669, 0.8818333333333336, 0.8818833333333332, 0.8806999999999999, 0.8815166666666667, 0.8804500000000001, 0.8818666666666666, 0.8816166666666666, 0.88295, 0.8844333333333336, 0.8829833333333337, 0.88355, 0.8837166666666668, 0.8858999999999997, 0.88355, 0.8850499999999999, 0.8869833333333333, 0.8849833333333337, 0.8860833333333333, 0.8890166666666665, 0.8877500000000003, 0.8881833333333333, 0.8875500000000004, 0.8887833333333337, 0.8861500000000002, 0.8890500000000005, 0.8896166666666668, 0.8891666666666668, 0.8892833333333334], "test_acc": [0.4488, 0.6976, 0.7155, 0.7527, 0.7603, 0.7785, 0.7903, 0.7949, 0.7979, 0.8054, 0.8102, 0.8032, 0.8226, 0.823, 0.8195, 0.8183, 0.8296, 0.8315, 0.8356, 0.8319, 0.833, 0.8345, 0.8295, 0.8441, 0.8373, 0.8427, 0.832, 0.8444, 0.8488, 0.828, 0.8407, 0.8496, 0.8503, 0.852, 0.85, 0.8492, 0.8487, 0.8538, 0.8549, 0.8562, 0.8463, 0.8538, 0.8566, 0.856, 0.8594, 0.8562, 0.8608, 0.8586, 0.8537, 0.8546, 0.8623, 0.8615, 0.8578, 0.856, 0.8472, 0.8589, 0.8622, 0.8644, 0.8605, 0.8632, 0.8641, 0.8563, 0.8594, 0.8615, 0.8617, 0.8688, 0.8639, 0.8601, 0.8684, 0.8704, 0.8614, 0.8709, 0.8681, 0.8703, 0.8695, 0.867, 0.866, 0.8687, 0.8663, 0.8657, 0.8676, 0.8709, 0.8647, 0.8709, 0.8721, 0.8734, 0.8743, 0.8722, 0.8716, 0.8735, 0.8722, 0.8735, 0.8701, 0.8741, 0.8737, 0.8747, 0.8729, 0.8754, 0.8775, 0.8736], "tot_time": 322.1939470767975, "tot_iterations": 6000, "tot_epochs": 100}