{"avg_loss": [0.23974892745508272, 0.015576969425247247, 0.013735102731791474, 0.012499547339275868, 0.012331424266002804, 0.012811588346542729, 0.01219239780868602, 0.012246979980388909, 0.01245799889019241, 0.012244842665230576, 0.012165812473033125, 0.011940598744409064, 0.012153518254692543, 0.011928159892311531, 0.012060068809549112, 0.011655935059220484, 0.011778423138485344, 0.01158059466953609, 0.01165275551537718, 0.011646114279800786, 0.011841462524233166, 0.011747376695622185, 0.011419585539686293, 0.01164567091422499, 0.011610490140995706, 0.011763807744610683, 0.012205301496668111, 0.011445446447818185, 0.011698209222425973, 0.011545290567779264, 0.011591624232463963, 0.011702611217972333, 0.011483560322490597, 0.011809719652246985, 0.01199035118682583, 0.011456306710145869, 0.011390773821109397, 0.01132874649510477, 0.01156178018554286, 0.011971768565540332, 0.011353669140472023, 0.011303431225637733, 0.01142986984091741, 0.01114859406792305, 0.011315287251391708, 0.011536380199815614, 0.011256298970593716, 0.011185563263263316, 0.011218987826404968, 0.01130454875156732, 0.011524424511795995, 0.011258907387447337, 0.01149350166724869, 0.011206811597025986, 0.01154185487046378, 0.011200014334210275, 0.01138662120725084, 0.011232139372126344, 0.01124403085433846, 0.011138512224840335, 0.011717952136266634, 0.011109408968881093, 0.01127055431556834, 0.011245285859565494, 0.011121243593805381, 0.011264702248305062, 0.011157467938833742, 0.01129806196509019, 0.011257529498400691, 0.011035174484317936, 0.01132045501074775, 0.011684805239889358, 0.011177386685059507, 0.011449966672595485, 0.011388849385322142, 0.011266930533454709, 0.011112643079108316, 0.011413920745690828, 0.011411445575439294, 0.01123320135006884, 0.011137230810544125, 0.01106527381962745, 0.011514991951460645, 0.011053118710973722, 0.011429747688254504, 0.011235761797775046, 0.01129776781267877, 0.011126388762253105, 0.010971782767607876, 0.011710354285386838, 0.011538142084318071, 0.011236764835860242, 0.011309384510728425, 0.011435513793509057, 0.011149212682176652, 0.01120019932962428, 0.011110065438392951, 0.011207983049910001, 0.011460343828522221, 0.011596713599111965, 0.011139500374976607, 0.011224580773226394], "test_loss": [0.01800364143630281, 0.016406950870351527, 0.013656306222099058, 0.01370546813260036, 0.012975359355203178, 0.012846421946261613, 0.012502035908732587, 0.012257898466574896, 0.01231508808186732, 0.01174396582132514, 0.01245659426040418, 0.012881047452512147, 0.012016517608314486, 0.012221026304980395, 0.011685401031739935, 0.011512002978156227, 0.0114549793106339, 0.011273608030323946, 0.012113588401185267, 0.011019723296051004, 0.01410474819250674, 0.011427364696781517, 0.01130845114601385, 0.011618913745910318, 0.011280106345026273, 0.012096316396611656, 0.012419729857596887, 0.011160894998534104, 0.01097655417885007, 0.011284375667527217, 0.012166130351150916, 0.01119036867985177, 0.011592649707059702, 0.011190266695133557, 0.011353907193075932, 0.01154291863545367, 0.011766666779443371, 0.010839104196465395, 0.011820589829823957, 0.011327200203847981, 0.011306383943002516, 0.011551468202578916, 0.011145202258857588, 0.011095901383777071, 0.01111184108984696, 0.010987866533662486, 0.011730733764289094, 0.011265638161608735, 0.010971015754794955, 0.010868040515206796, 0.010817744312259238, 0.01048738521880079, 0.011234319496622545, 0.01112079123516727, 0.010805378639505675, 0.011015022677683346, 0.010946306682916691, 0.01095385100852501, 0.011202176598616791, 0.011355840103985018, 0.011198488824342167, 0.0110247497987283, 0.010775147868541968, 0.010635280700011952, 0.011000878595069648, 0.011107591904438743, 0.010987893810607087, 0.010890878037472566, 0.011100200898995462, 0.010611959504129813, 0.011166517611782197, 0.01054966730953087, 0.01058198787658486, 0.010510250252240871, 0.01047425200405653, 0.011380720247584283, 0.010385146369101764, 0.011007202202608998, 0.01055898658821527, 0.010659325815919463, 0.010578634428207587, 0.010724932929534945, 0.011066341964189335, 0.0107956426959157, 0.010741231164547069, 0.010599183828978303, 0.010482609313412508, 0.010914402916040603, 0.010663493471852789, 0.010500938485106456, 0.010554654638692875, 0.010282389689386497, 0.010236581185830203, 0.010251741759030637, 0.01102492034404269, 0.010402682766622432, 0.011362387086138124, 0.011492038672011796, 0.010834181679023398, 0.010429904883925076, 0.011147007701909333, 0.010383383898597902], "tot_time": 10.079128980636597, "tot_iterations": 408, "rho": [0.0001, 0.00015000000000000001, 0.00022500000000000002, 0.0003375, 0.00050625, 0.000759375, 0.0011390624999999999, 0.0017085937499999998, 0.0017085937499999998, 0.0025628906249999996, 0.0017085937499999996, 0.0011390624999999997, 0.0007593749999999997, 0.0005062499999999998, 0.0003374999999999998, 0.00022499999999999986, 0.0001499999999999999, 9.999999999999994e-05, 6.666666666666662e-05, 4.4444444444444406e-05, 2.9629629629629603e-05, 1.9753086419753066e-05, 1.3168724279835376e-05, 8.77914951989025e-06, 5.8527663465935e-06, 3.901844231062333e-06, 2.6012294873748884e-06, 1.734152991583259e-06, 1.1561019943888392e-06, 1e-06, 1e-06, 1e-06, 1e-06, 1e-06, 1e-06, 1e-06, 1e-06, 1e-06, 1e-06, 1e-06, 1e-06, 1e-06, 1e-06, 1e-06, 1e-06, 1e-06, 1e-06, 1e-06, 1e-06, 1e-06, 1e-06, 1e-06, 1e-06, 1e-06, 1e-06, 1e-06, 1e-06, 1e-06, 1e-06, 1e-06, 1e-06, 1e-06, 1e-06, 1e-06, 1e-06, 1e-06, 1e-06, 1e-06, 1e-06, 1e-06, 1e-06, 1e-06, 1e-06, 1e-06, 1e-06, 1e-06, 1e-06, 1e-06, 1e-06, 1e-06, 1e-06, 1e-06, 1e-06, 1e-06, 1e-06, 1e-06, 1e-06, 1e-06, 1e-06, 1e-06, 1e-06, 1e-06, 1e-06, 1e-06, 1e-06, 1e-06, 1e-06, 1e-06, 1e-06, 1e-06, 1e-06, 1e-06, 1e-06, 1e-06, 1e-06, 1e-06, 1e-06, 1e-06, 1e-06, 1e-06, 1e-06, 1e-06, 1e-06, 1e-06, 1e-06, 1e-06, 1e-06, 1e-06, 1e-06, 1e-06, 1e-06, 1e-06, 1e-06, 1e-06, 1e-06, 1e-06, 1e-06, 1e-06, 1e-06, 1e-06, 1e-06, 1e-06, 1e-06, 1e-06, 1e-06, 1e-06, 1e-06, 1e-06, 1e-06, 1e-06, 1e-06, 1e-06, 1e-06, 1e-06, 1e-06, 1e-06, 1e-06, 1e-06, 1e-06, 1e-06, 1e-06, 1e-06, 1e-06, 1e-06, 1e-06, 1e-06, 1e-06, 1e-06, 1e-06, 1e-06, 1e-06, 1e-06, 1e-06, 1e-06, 1e-06, 1e-06, 1e-06, 1e-06, 1e-06, 1e-06, 1e-06, 1e-06, 1e-06, 1e-06, 1e-06, 1e-06, 1e-06, 1e-06, 1e-06, 1e-06, 1e-06, 1e-06, 1e-06, 1e-06, 1e-06, 1e-06, 1e-06, 1e-06, 1e-06, 1e-06, 1e-06, 1e-06, 1e-06, 1e-06, 1e-06, 1e-06, 1e-06, 1e-06, 1e-06, 1e-06, 1e-06, 1e-06, 1e-06, 1e-06, 1e-06, 1e-06, 1e-06, 1e-06, 1e-06, 1e-06, 1e-06, 1e-06, 1e-06, 1e-06, 1e-06, 1e-06, 1e-06, 1e-06, 1e-06, 1e-06, 1e-06, 1e-06, 1e-06, 1e-06, 1e-06, 1e-06, 1e-06, 1e-06, 1e-06, 1e-06, 1e-06, 1e-06, 1e-06, 1e-06, 1e-06, 1e-06, 1e-06, 1e-06, 1e-06, 1e-06, 1e-06, 1e-06, 1e-06, 1e-06, 1e-06, 1e-06, 1e-06, 1e-06, 1e-06, 1e-06, 1e-06, 1e-06, 1e-06, 1e-06, 1e-06, 1e-06, 1e-06, 1e-06, 1e-06, 1e-06, 1e-06, 1e-06, 1e-06, 1e-06, 1e-06, 1e-06, 1e-06, 1e-06, 1e-06, 1e-06, 1e-06, 1e-06, 1e-06, 1e-06, 1e-06, 1e-06, 1e-06, 1e-06, 1e-06, 1e-06, 1e-06, 1e-06, 1e-06, 1e-06, 1e-06, 1e-06, 1e-06, 1e-06, 1e-06, 1e-06, 1e-06, 1e-06, 1e-06, 1e-06, 1e-06, 1e-06, 1e-06, 1e-06, 1e-06, 1e-06, 1e-06, 1e-06, 1e-06, 1e-06, 1e-06, 1e-06, 1e-06, 1e-06, 1e-06, 1e-06, 1e-06, 1e-06, 1e-06, 1e-06, 1e-06, 1e-06, 1e-06, 1e-06, 1e-06, 1e-06, 1e-06, 1e-06, 1e-06, 1e-06, 1e-06, 1e-06, 1e-06, 1e-06, 1e-06, 1e-06, 1e-06, 1e-06, 1e-06, 1e-06, 1e-06, 1e-06, 1e-06, 1e-06, 1e-06, 1e-06, 1e-06, 1e-06, 1e-06, 1e-06, 1e-06, 1e-06, 1e-06, 1e-06, 1e-06, 1e-06, 1e-06, 1e-06, 1e-06, 1e-06, 1e-06, 1e-06, 1e-06, 1e-06, 1e-06, 1e-06, 1e-06, 1e-06, 1e-06, 1e-06, 1e-06, 1e-06, 1e-06, 1e-06, 1e-06, 1e-06, 1e-06, 1e-06, 1e-06, 1e-06, 1e-06, 1e-06, 1e-06, 1e-06, 1e-06, 1e-06, 1e-06, 1e-06, 1e-06, 1e-06, 1e-06, 1e-06, 1e-06, 1e-06, 1e-06, 1e-06, 1e-06, 1e-06, 1e-06, 1e-06, 1e-06, 1e-06, 1e-06, 1e-06, 1e-06, 1e-06, 1e-06, 1e-06, 1e-06, 1e-06, 1e-06, 1e-06, 1e-06, 1e-06],