{"avg_loss": [0.8122069733954165, 0.046931327675806746, 0.02737858360604187, 0.020962251487893838, 0.015437308565181993, 0.01195286134327683, 0.011456951114260334, 0.011229979145416739, 0.010891157400478024, 0.009921299843246885, 0.009635850484989305, 0.009614763579593207, 0.0095731805155325, 0.009438370152194028, 0.009182238978875584, 0.009112598667320124, 0.00896902964510908, 0.00892533804463648, 0.008841365397499648, 0.008646487038853502, 0.00862182237281415, 0.008454659330340444, 0.00841559670321864, 0.008342650871370056, 0.008153276050806716, 0.008115148473106733, 0.008069219738750265, 0.007925166214191825, 0.007863176011009148, 0.007834540709132433, 0.007739529748226917, 0.00770688207487508, 0.0076752934589941904, 0.0076134098631163395, 0.007584719885130357, 0.0075334266381908615, 0.0075090508166395205, 0.007448767358166705, 0.007417145745333233, 0.007396138637919218, 0.007366249375403478, 0.0073065996976804, 0.0072919626939246425, 0.007240144587381643, 0.007213419783090152, 0.007184540746105153, 0.007163208506559366, 0.007140132100904761, 0.007120296088326019, 0.007099138442756001, 0.00707988712410499, 0.00704578969655252, 0.006983405093821168, 0.006956619015016512, 0.006936108272888415, 0.006914435963171189, 0.00689483181769868], "test_loss": [0.051006394436191704, 0.033174467975270155, 0.02462751402129279, 0.01714676720796108, 0.012585680904560253, 0.01151903252562338, 0.011081270804250273, 0.010629652294091322, 0.010020380453261913, 0.009657593350273412, 0.010077604569714148, 0.009680254627903074, 0.0097954566100074, 0.009312101600268867, 0.00946912292008201, 0.009191092274779945, 0.009495555198764095, 0.009217180051735134, 0.009124058939534784, 0.009103188842088432, 0.008984955240842057, 0.008996310136738723, 0.008918179751350383, 0.008849436638222578, 0.00882586029354299, 0.008808826510874435, 0.008643338400863709, 0.008676233751213461, 0.008658115991677741, 0.00860198028690865, 0.008547109374624306, 0.008558329280348586, 0.008476103497469994, 0.0084706259269829, 0.008403835040298369, 0.008392606984070327, 0.008350254811686456, 0.008463016746229506, 0.00831167710937787, 0.008454248811400923, 0.008194794680645871, 0.008290716966244956, 0.008165365439885962, 0.008214374968249413, 0.008151174373649532, 0.008178677271549237, 0.008134553977262243, 0.00815176988210379, 0.00811451004118766, 0.008125937082811232, 0.008149532791658138, 0.008032146717438064, 0.008030959065549974, 0.008026565798822214, 0.008002647175159408, 0.008004438913676075, 0.00796780977977214], "tot_time": 10.013052701950073, "tot_iterations": 57, "rho": [0.0001, 6.666666666666667e-05, 0.0001, 0.00015000000000000001, 0.00015000000000000001, 0.00022500000000000002, 0.0003375, 0.00050625, 0.000759375, 0.00050625, 0.00033749999999999996, 0.00050625, 0.000759375, 0.0011390624999999999, 0.0007593749999999999, 0.0011390624999999999, 0.0007593749999999999, 0.0007593749999999999, 0.0011390624999999999, 0.0007593749999999999, 0.0011390624999999999, 0.0007593749999999999, 0.0007593749999999999, 0.0011390624999999999, 0.0007593749999999999, 0.0007593749999999999, 0.0011390624999999999, 0.0007593749999999999, 0.0005062499999999999, 0.0007593749999999999, 0.0005062499999999999, 0.0005062499999999999, 0.0005062499999999999, 0.0003374999999999999, 0.0003374999999999999, 0.00022499999999999994, 0.00022499999999999994, 0.00014999999999999996, 0.00014999999999999996, 0.00014999999999999996, 0.00014999999999999996, 0.00014999999999999996, 0.00022499999999999994, 0.00022499999999999994, 0.00022499999999999994, 0.00022499999999999994, 0.00022499999999999994, 0.00014999999999999996, 0.00014999999999999996, 9.999999999999996e-05, 6.666666666666664e-05, 6.666666666666664e-05, 4.4444444444444426e-05, 2.9629629629629616e-05, 1.9753086419753076e-05, 1.3168724279835383e-05, 8.779149519890255e-06], "alpha": [1.0, 0.5, 0.25, 1.0, 0.25, 0.25, 0.25, 0.5, 1.0, 1.0, 0.5, 0.5, 0.5, 1.0, 0.5, 1.0, 1.0, 0.5, 1.0, 0.5, 1.0, 1.0, 0.5, 1.0, 1.0, 0.5, 1.0, 1.0, 0.5, 1.0, 1.0, 1.0, 1.0, 1.0, 1.0, 1.0, 1.0, 1.0, 1.0, 1.0, 1.0, 1.0, 1.0, 1.0, 1.0, 1.0, 1.0, 1.0, 1.0, 1.0, 1.0, 1.0, 1.0, 1.0, 1.0, 1.0, 1.0]}