{"avg_loss": [0.3520520155038007, 0.09242365783152429, 0.03252264358153054, 0.012792509428615293, 0.012618479280812816, 0.011674209596348073, 0.010984466513770486, 0.011207049411134184, 0.010716872452366393, 0.01136788265314925, 0.01084254145657578, 0.01124545981051953, 0.011685695427330707, 0.010709613062182011, 0.010283268198685606, 0.01059277816317671, 0.010079173539925467, 0.010633495073290901, 0.010332978893963368, 0.010614926732049269, 0.010535857616030053, 0.0114096992852567, 0.010370123602073315, 0.011115333218147314, 0.010044154787334048, 0.009764247645282003, 0.010259715467125587, 0.009715377167531831], "test_loss": [0.11453461002277755, 0.03905144671248684, 0.012173640707342493, 0.010277266956395437, 0.011246666925866613, 0.00996271922477252, 0.011263702386125484, 0.011099888568836836, 0.012780638665226931, 0.010302677872738274, 0.01065763459204394, 0.011195195086939677, 0.013068075538717461, 0.009969936577352118, 0.00994102422140965, 0.009163787445355339, 0.009554732436620382, 0.009130190537823091, 0.009260650161241378, 0.010016620707468117, 0.012148025575767298, 0.00900951241710678, 0.009825460908498168, 0.009133720542202366, 0.00975704839987374, 0.011866364268733425, 0.009151785292070457, 0.010309739085395], "tot_time": 10.272819757461548, "tot_iterations": 112, "rho": [0.0001, 0.0001, 0.00015000000000000001, 0.00022500000000000002, 0.0003375, 0.00050625, 0.000759375, 0.0011390624999999999, 0.0011390624999999999, 0.0017085937499999998, 0.0025628906249999996, 0.0017085937499999996, 0.0025628906249999996, 0.0038443359374999994, 0.0025628906249999996, 0.0017085937499999996, 0.0025628906249999996, 0.0025628906249999996, 0.0017085937499999996, 0.0025628906249999996, 0.0038443359374999994, 0.0025628906249999996, 0.0025628906249999996, 0.0038443359374999994, 0.00576650390625, 0.0038443359374999994, 0.00576650390625, 0.00576650390625, 0.008649755859375, 0.00576650390625, 0.008649755859375, 0.00576650390625, 0.00576650390625, 0.008649755859375, 0.00576650390625, 0.008649755859375, 0.0129746337890625, 0.008649755859375, 0.00576650390625, 0.008649755859375, 0.00576650390625, 0.008649755859375, 0.008649755859375, 0.00576650390625, 0.008649755859375, 0.00576650390625, 0.0038443359374999994, 0.00576650390625, 0.00576650390625, 0.008649755859375, 0.0129746337890625, 0.008649755859375, 0.0129746337890625, 0.008649755859375, 0.00576650390625, 0.008649755859375, 0.0129746337890625, 0.01946195068359375, 0.012974633789062499, 0.01946195068359375, 0.012974633789062499, 0.008649755859374999, 0.012974633789062499, 0.01946195068359375, 0.012974633789062499, 0.008649755859374999, 0.005766503906249999, 0.008649755859374999, 0.012974633789062499, 0.008649755859374999, 0.008649755859374999, 0.012974633789062499, 0.008649755859374999, 0.012974633789062499, 0.012974633789062499, 0.008649755859374999, 0.008649755859374999, 0.005766503906249999, 0.005766503906249999, 0.008649755859374999, 0.012974633789062499, 0.01946195068359375, 0.012974633789062499, 0.012974633789062499, 0.008649755859374999, 0.012974633789062499, 0.01946195068359375, 0.01946195068359375, 0.012974633789062499, 0.01946195068359375, 0.012974633789062499, 0.008649755859374999, 0.005766503906249999, 0.008649755859374999, 0.008649755859374999, 0.008649755859374999, 0.008649755859374999, 0.008649755859374999, 0.005766503906249999, 0.008649755859374999, 0.012974633789062499, 0.008649755859374999, 0.012974633789062499, 0.012974633789062499, 0.012974633789062499, 0.01946195068359375, 0.012974633789062499, 0.012974633789062499, 0.01946195068359375, 0.012974633789062499, 0.008649755859374999, 0.005766503906249999], "alpha": [1.0, 0.5, 0.25, 0.125, 0.5, 0.125, 0.5, 1.0, 0.125, 0.25, 1.0, 0.5, 1.0, 1.0, 1.0, 0.25, 1.0, 1.0, 0.5, 0.5, 1.0, 1.0, 0.5, 0.25, 1.0, 0.5, 1.0, 0.5, 1.0, 0.5, 1.0, 1.0, 0.5, 1.0, 0.5, 1.0, 1.0, 1.0, 0.5, 1.0, 1.0, 1.0, 1.0, 0.5, 1.0, 1.0, 1.0, 1.0, 0.5, 1.0, 1.0, 0.5, 1.0, 1.0, 0.5, 0.5, 0.5, 1.0, 0.5, 1.0, 1.0, 0.5, 0.5, 1.0, 1.0, 1.0, 0.5, 0.5, 1.0, 1.0, 0.5, 1.0, 0.5, 1.0, 1.0, 1.0, 1.0, 1.0, 0.5, 0.5, 0.5, 1.0, 1.0, 1.0, 1.0, 0.5, 1.0, 1.0, 0.5, 1.0, 1.0, 1.0, 0.5, 1.0, 1.0, 1.0, 1.0, 1.0, 0.5, 0.25, 1.0, 0.5, 1.0, 1.0, 0.5, 1.0, 1.0, 0.5, 1.0, 1.0, 1.0, 1.0]}