{"avg_loss": [0.8548703192908708, 0.507638632742213, 0.5083371163542446, 0.509064703058559, 0.506550892310658, 0.5095518582717629, 0.5074362818708995, 0.5067275873482027, 0.5078876382229794, 0.5077720273872962, 0.5076627207105932, 0.5074624797688922, 0.5063132191360772, 0.506452846868508, 0.5089419421766816, 0.5072526910619349, 0.5058594117734007, 0.5066179603801965, 0.505995260526152, 0.5064463552946702, 0.5064084021626977, 0.5086158401823447, 0.5075841970972153, 0.5059595621045855, 0.5094501770012576, 0.5075169911513048, 0.5062873021449265, 0.5100567085338845, 0.5093921562490241, 0.503829687484321, 0.5066795495306005, 0.5048784199801212, 0.5033674148406627, 0.5026539056704136, 0.5014113167477999, 0.5031816593688154, 0.500410809587607, 0.501311834509468, 0.4992534671857611, 0.4957067996394239, 0.4998192092348138, 0.49389213441699653, 0.49182275688766575, 0.4880006594524716, 0.48864005392737003, 0.48367855845633695, 0.48072735779780434, 0.482025752173346, 0.4779912093940341, 0.47512115975905556, 0.4750178065897552, 0.47546336335372696, 0.4762444923752637, 0.4724015177256046, 0.4656290979728474, 0.46271045657568316, 0.4593393326100097, 0.458361593165957, 0.45559909079519606, 0.45411040455571505, 0.4509569398918275, 0.449985019963886, 0.4478477358540321, 0.4440054254762273, 0.4448710673888307, 0.442645288159419, 0.43777606053356705, 0.43804414685014936, 0.4373245065775773, 0.43223284514462995, 0.4283258432295473, 0.4291655515671414, 0.4280026235122384, 0.42735038755807453, 0.4217789600560131, 0.4179428971587366, 0.4190998299185484, 0.41589638282415603, 0.4188607304118755, 0.4224681484305563], "test_loss": [0.5007234607710568, 0.4992888611850458, 0.5017954654171244, 0.4992857758755898, 0.49888586113012046, 0.5039397156295802, 0.5008364445500225, 0.5008525774214944, 0.5005636258837084, 0.5012351082435, 0.5042487536537256, 0.49908977152544903, 0.49828522284877635, 0.49942742810062424, 0.5008930414350782, 0.5013826357913164, 0.5034866261775423, 0.499884332685384, 0.5005974576646653, 0.5014292857953293, 0.500737041543191, 0.5006682777484903, 0.4992232304193176, 0.49953032958408783, 0.5004655645701432, 0.4996744250280212, 0.49981798574045533, 0.5050016951724278, 0.49837537197945614, 0.49694485201664385, 0.4962369611314203, 0.49887698065829256, 0.507751256627935, 0.49621280717039384, 0.4984028295064822, 0.49597814785299177, 0.5068438927529483, 0.49941058759777973, 0.4928454314127517, 0.4896691331457781, 0.4932946784422626, 0.4835550358043817, 0.4815888982323251, 0.48462154721479705, 0.47646524207590785, 0.4735635469441977, 0.47004640761915994, 0.4681662720318588, 0.4649189196551412, 0.46692229549020686, 0.46269034497388484, 0.4708632902850154, 0.46527515580284173, 0.45736808901478826, 0.45350774753877915, 0.450989286181254, 0.4493922629995327, 0.44595555545943655, 0.45060988541567554, 0.4414358164252597, 0.439800896675824, 0.4381710348202758, 0.43419407261129284, 0.43324536680312714, 0.43158068820501544, 0.43601760539912, 0.4285091261805647, 0.4279673686518951, 0.4307740102147846, 0.4195215556776362, 0.41765793510823945, 0.4146635100891554, 0.42012115567229186, 0.41596138741496974, 0.4120609956701727, 0.41073570388217073, 0.4110312643750001, 0.4087250330631008, 0.40875305612064583, 0.40905546644487384], "tot_time": 101.96033430099487, "tot_iterations": 560, "rho": [0.0001, 6.666666666666667e-05, 4.4444444444444447e-05, 6.666666666666667e-05, 0.0001, 0.00015000000000000001, 0.00022500000000000002, 0.0003375, 0.00050625, 0.000759375, 0.000759375, 0.0011390624999999999, 0.0007593749999999999, 0.0011390624999999999, 0.0007593749999999999, 0.0011390624999999999, 0.0017085937499999998, 0.0011390624999999999, 0.0011390624999999999, 0.0017085937499999998, 0.0025628906249999996, 0.0038443359374999994, 0.0025628906249999996, 0.0025628906249999996, 0.0017085937499999996, 0.0011390624999999997, 0.0011390624999999997, 0.0017085937499999996, 0.0011390624999999997, 0.0017085937499999996, 0.0011390624999999997, 0.0007593749999999997, 0.0007593749999999997, 0.0011390624999999997, 0.0007593749999999997, 0.0005062499999999998, 0.0007593749999999996, 0.0007593749999999996, 0.0005062499999999998, 0.0007593749999999996, 0.0011390624999999995, 0.0011390624999999995, 0.0011390624999999995, 0.0007593749999999996, 0.0011390624999999995, 0.0017085937499999992, 0.0025628906249999988, 0.0017085937499999992, 0.0025628906249999988, 0.003844335937499998, 0.003844335937499998, 0.003844335937499998, 0.005766503906249997, 0.0038443359374999977, 0.005766503906249996, 0.0038443359374999973, 0.002562890624999998, 0.003844335937499997, 0.003844335937499997, 0.002562890624999998, 0.003844335937499997, 0.005766503906249995, 0.003844335937499997, 0.002562890624999998, 0.0017085937499999985, 0.002562890624999998, 0.002562890624999998, 0.003844335937499997, 0.005766503906249995, 0.008649755859374993, 0.005766503906249995, 0.003844335937499997, 0.002562890624999998, 0.0017085937499999985, 0.001139062499999999, 0.001139062499999999, 0.001139062499999999, 0.0017085937499999985, 0.001139062499999999, 0.0017085937499999985, 0.001139062499999999, 0.0017085937499999985, 0.001139062499999999, 0.0007593749999999993, 0.0005062499999999995, 0.0005062499999999995, 0.0007593749999999993, 0.001139062499999999, 0.0007593749999999993, 0.0007593749999999993, 0.0007593749999999993, 0.0005062499999999995, 0.0007593749999999993, 0.001139062499999999, 0.0017085937499999985, 0.001139062499999999, 0.0007593749999999993, 0.001139062499999999, 0.0017085937499999985, 0.002562890624999998, 0.0017085937499999985, 0.0017085937499999985, 0.001139062499999999, 0.0007593749999999993, 0.0005062499999999995, 0.0007593749999999993, 0.001139062499999999, 0.0017085937499999985, 0.002562890624999998, 0.0017085937499999985, 0.002562890624999998, 0.0017085937499999985, 0.0017085937499999985, 0.002562890624999998, 0.0017085937499999985, 0.0017085937499999985, 0.001139062499999999, 0.0017085937499999985, 0.001139062499999999, 0.0007593749999999993, 0.0007593749999999993, 0.0007593749999999993, 0.001139062499999999, 0.0007593749999999993, 0.0005062499999999995, 0.0003374999999999997, 0.00022499999999999978, 0.0003374999999999997, 0.0005062499999999995, 0.0007593749999999993, 0.0007593749999999993, 0.0005062499999999995, 0.0005062499999999995, 0.0003374999999999997, 0.0005062499999999995, 0.0003374999999999997, 0.0005062499999999995, 0.0007593749999999993, 0.0005062499999999995, 0.0003374999999999997, 0.0005062499999999995, 0.0003374999999999997, 0.0005062499999999995, 0.0003374999999999997, 0.00022499999999999978, 0.0003374999999999997, 0.0005062499999999995, 0.0007593749999999993, 0.001139062499999999, 0.0017085937499999985, 0.002562890624999998, 0.0017085937499999985, 0.001139062499999999, 0.0017085937499999985, 0.002562890624999998, 0.003844335937499997, 0.002562890624999998, 0.0017085937499999985, 0.001139062499999999, 0.0017085937499999985, 0.001139062499999999, 0.0007593749999999993, 0.001139062499999999, 0.001139062499999999, 0.0007593749999999993, 0.0005062499999999995, 0.0007593749999999993, 0.0007593749999999993, 0.001139062499999999, 0.0017085937499999985, 0.001139062499999999, 0.0017085937499999985, 0.001139062499999999, 0.0007593749999999993, 0.0005062499999999995, 0.0005062499999999995, 0.0007593749999999993, 0.0007593749999999993, 0.001139062499999999, 0.0017085937499999985, 0.001139062499999999, 0.0007593749999999993, 0.0007593749999999993, 0.001139062499999999, 0.0007593749999999993, 0.0005062499999999995, 0.0007593749999999993, 0.0007593749999999993, 0.0005062499999999995, 0.0005062499999999995, 0.0007593749999999993, 0.0007593749999999993, 0.0007593749999999993, 0.0005062499999999995, 0.0005062499999999995, 0.0003374999999999997, 0.0005062499999999995, 0.0005062499999999995, 0.0007593749999999993, 0.0005062499999999995, 0.0003374999999999997, 0.0005062499999999995, 0.0003374999999999997, 0.0005062499999999995, 0.0007593749999999993, 0.0007593749999999993, 0.001139062499999999, 0.0017085937499999985, 0.001139062499999999, 