{"avg_loss": [0.7743500909101773, 0.28559646197782057, 0.035305682904909964, 0.0006262492979173996, 0.00017491575289765518, 0.0001303273395274255, 0.00011332017880290783, 0.00010892636396842156, 0.00010867680580169562, 0.00010833000067293415, 0.00010720731060226798, 0.0001093385302485492, 0.00010653154532300068, 0.00010723576627560166, 0.00010744435950020316, 0.0001045639608101838, 0.00010672419891365378, 0.00010497402038841985, 0.00010909233449564699, 0.00010512304044571002, 0.00010515982128146654, 0.00010541781498792797, 0.00010490404136637824, 0.00010423009462038893, 0.00010543520857545463, 0.0001074151669613525, 0.00010493171338633932, 0.00010450434904319075, 0.00010453183992905695, 0.00010444593141600363, 0.00010503104121857782, 0.00010596291641426695, 0.00010391044765421722, 0.00010471239420619507, 0.00010561453018213098, 0.00010635989683052974, 0.0001043126492985771, 0.00010462297852279779, 0.00010534516849018148, 0.00010535029666957206, 0.00010416011058955484, 0.00010625285373506882, 0.000104152375300349, 0.00010577949137692174, 0.00010540575092322404, 0.0001078688051795156, 0.00010455653589710864, 0.0001049632458666181, 0.00010366970046525665, 0.00010439965905810425, 0.0001060110537439413, 0.0001052667462355198, 0.00010492255985299259, 0.00010410944217651684, 0.00010427465226296763, 0.00010507851036717692, 0.000106608376714742, 0.00010473606967928137, 0.00010645951439518434, 0.00010482710647334386, 0.00010469785275885465, 0.00010424686805895835, 0.00010451180959624095, 0.0001043789546445805, 0.00010499948874315149], "test_loss": [0.3947135322098895, 0.14755157950466377, 0.0012175885592441353, 0.00021016252654637303, 0.0001426381632023249, 0.00011617769404044261, 0.00010811083985537668, 0.0001081514890076673, 0.00010747124265391938, 0.00010456865421690087, 0.00010945631368858963, 0.0001047286659476236, 0.00010470870612099628, 0.00010682706277749137, 0.00010586556194154365, 0.0001054310418957344, 0.0001053908669640933, 0.00010943826569839641, 0.00010551424000502538, 0.00010365980784232135, 0.00010687149807683802, 0.0001035201029576377, 0.00010347869748672117, 0.00010625841512315234, 0.00010694507381099116, 0.0001047155218472736, 0.00010242114630977892, 0.00010306973619322853, 0.00010386347805696046, 0.00010358612764538257, 0.00010271047811266087, 0.00010353055392230063, 0.00010441495766545375, 0.00010397508653669836, 0.00010493711199551921, 0.0001034264662950608, 0.00010475610738551511, 0.0001054058938642065, 0.00010404576310968083, 0.00010284512811419973, 0.00010320049780856331, 0.00010344541658769546, 0.00010301793620698923, 0.00010326548501839972, 0.00010768079173767518, 0.0001036238474227098, 0.00010343204220303385, 0.00010316816062192315, 0.00010286344267455387, 0.00010522347653525077, 0.00010360774961744043, 0.0001038436879027743, 0.00010370284873784456, 0.00010634227463788868, 0.0001038390174343334, 0.0001126261875998051, 0.00010349268090183095, 0.0001047007939132994, 0.00010463920172866079, 0.00010764209461768378, 0.00010343597018704455, 0.00010377368861386245, 0.00010401274005059517, 0.00010438761188938674, 0.00010472789256418459], "tot_time": 101.08167886734009, "tot_iterations": 455, "rho": [0.0001, 6.666666666666667e-05, 0.0001, 0.00015000000000000001, 0.00022500000000000002, 0.0003375, 0.00050625, 0.000759375, 0.0011390624999999999, 0.0017085937499999998, 0.0025628906249999996, 0.0038443359374999994, 0.00576650390625, 0.008649755859375, 0.0129746337890625, 0.008649755859375, 0.008649755859375, 0.008649755859375, 0.00576650390625, 0.0038443359374999994, 0.0025628906249999996, 0.0017085937499999996, 0.0011390624999999997, 0.0007593749999999997, 0.0005062499999999998, 0.0007593749999999996, 0.0005062499999999998, 0.0003374999999999998, 0.00022499999999999986, 0.0001499999999999999, 0.00022499999999999986, 0.0001499999999999999, 0.0001499999999999999, 9.999999999999994e-05, 6.666666666666662e-05, 9.999999999999992e-05, 9.999999999999992e-05, 6.666666666666662e-05, 4.4444444444444406e-05, 6.666666666666662e-05, 4.4444444444444406e-05, 4.4444444444444406e-05, 4.4444444444444406e-05, 6.666666666666662e-05, 6.666666666666662e-05, 9.999999999999992e-05, 6.666666666666662e-05, 6.666666666666662e-05, 9.999999999999992e-05, 9.999999999999992e-05, 6.666666666666662e-05, 4.4444444444444406e-05, 2.9629629629629603e-05, 4.4444444444444406e-05, 2.9629629629629603e-05, 1.9753086419753066e-05, 1.9753086419753066e-05, 2.96296296296296e-05, 1.9753086419753066e-05, 1.9753086419753066e-05, 1.3168724279835376e-05, 1.9753086419753066e-05, 2.96296296296296e-05, 2.96296296296296e-05, 2.96296296296296e-05, 4.44444444444444e-05, 4.44444444444444e-05, 2.96296296296296e-05, 2.96296296296296e-05, 1.9753086419753066e-05, 1.9753086419753066e-05, 1.3168724279835376e-05, 8.77914951989025e-06, 1.3168724279835376e-05, 8.77914951989025e-06, 8.77914951989025e-06, 1.3168724279835376e-05, 1.3168724279835376e-05, 1.3168724279835376e-05, 8.77914951989025e-06, 5.8527663465935e-06, 8.779149519890249e-06, 5.852766346593499e-06, 3.901844231062332e-06, 2.601229487374888e-06, 3.901844231062332e-06, 5.852766346593498e-06, 3.901844231062332e-06, 2.601229487374888e-06, 1.7341529915832585e-06, 1.156101994388839e-06, 1.7341529915832585e-06, 1.7341529915832585e-06, 1.156101994388839e-06, 1.7341529915832585e-06, 2.601229487374888e-06, 3.901844231062332e-06, 5.852766346593498e-06, 5.852766346593498e-06, 3.901844231062332e-06, 5.852766346593498e-06, 8.779149519890247e-06, 1.316872427983537e-05, 8.779149519890245e-06, 5.852766346593496e-06, 3.90184423106233e-06, 2.6012294873748867e-06, 2.6012294873748867e-06, 3.90184423106233e-06, 5.8527663465934954e-06, 8.779149519890244e-06, 5.8527663465934954e-06, 3.90184423106233e-06, 3.90184423106233e-06, 2.6012294873748867e-06, 1.7341529915832577e-06, 2.6012294873748863e-06, 2.6012294873748863e-06, 2.6012294873748863e-06, 1.7341529915832575e-06, 1.1561019943888382e-06, 1.7341529915832573e-06, 2.601229487374886e-06, 1.7341529915832573e-06, 2.601229487374886e-06, 2.601229487374886e-06, 3.901844231062329e-06, 5.852766346593493e-06, 5.852766346593493e-06, 8.779149519890239e-06, 5.852766346593492e-06, 8.779149519890239e-06, 1.3168724279835358e-05, 1.9753086419753036e-05, 1.9753086419753036e-05, 1.9753086419753036e-05, 1.3168724279835356e-05, 8.779149519890237e-06, 5.852766346593491e-06, 8.779149519890237e-06, 1.3168724279835356e-05, 8.779149519890237e-06, 1.3168724279835356e-05, 8.779149519890237e-06, 8.779149519890237e-06, 5.852766346593491e-06, 3.901844231062327e-06, 3.901844231062327e-06, 3.901844231062327e-06, 5.85276634659349e-06, 3.901844231062327e-06, 5.85276634659349e-06, 8.779149519890235e-06, 8.779149519890235e-06, 5.8527663465934895e-06, 3.901844231062326e-06, 5.8527663465934895e-06, 3.901844231062326e-06, 3.901844231062326e-06, 2.6012294873748838e-06, 1.7341529915832558e-06, 2.6012294873748838e-06, 1.7341529915832558e-06, 2.6012294873748838e-06, 3.901844231062325e-06, 3.901844231062325e-06, 5.852766346593488e-06, 8.779149519890232e-06, 8.779149519890232e-06, 5.852766346593488e-06, 8.779149519890232e-06, 5.852766346593488e-06, 3.901844231062325e-06, 2.6012294873748833e-06, 3.901844231062325e-06, 3.901844231062325e-06, 3.901844231062325e-06, 5.852766346593488e-06, 3.901844231062325e-06, 5.852766346593488e-06, 3.901844231062325e-06, 3.901844231062325e-06, 5.852766346593488e-06, 3.901844231062325e-06, 5.852766346593488e-06, 3.901844231062325e-06, 2.6012294873748833e-06, 3.901844231062325e-06, 2.6012294873748833e-06, 3.901844231062325e-06, 2.6012294873748833e-06, 2.6012294873748833e-06, 3.901844231062325e-06, 5.852766346593488e-06, 3.901844231062325e-06, 2.6012294873748833e-06, 1.7341529915832556e-06, 1.156101994388837e-06, 1.7341529915832553e-06, 1.156101994388837e-06, 1e-06, 1e-06, 1.5e-06, 2.25e-06, 1.5e-06, 2.25e-06, 1.5e-06, 2.25e-06, 3.375e-06, 2.2499999999999996e-06, 2.2499999999999996e-06, 1.4999999999999996e-06, 2.2499999999999996e-06, 1.4999999999999996e-06, 1e-06, 1.5e-06, 1e-06, 1.5e-06, 1.5e-06, 1e-06, 1e-06, 1e-06, 1e-06, 1e-06, 