{"avg_loss": [2.306829975688227, 2.3000286778613246, 2.277831114400793, 2.296753117164607, 2.278839835015652, 2.243033568227178, 2.1819478985365457, NaN, NaN, NaN, NaN, NaN, NaN, NaN, NaN, NaN, NaN, NaN, NaN, NaN, NaN, NaN, NaN, NaN, NaN, NaN, NaN, NaN, NaN, NaN, NaN, NaN, NaN, NaN, NaN, NaN, NaN, NaN, NaN, NaN, NaN, NaN, NaN, NaN, NaN, NaN, NaN, NaN, NaN, NaN, NaN, NaN, NaN, NaN, NaN, NaN, NaN, NaN, NaN, NaN, NaN, NaN, NaN, NaN, NaN, NaN, NaN, NaN, NaN, NaN, NaN, NaN, NaN, NaN, NaN, NaN, NaN, NaN, NaN, NaN, NaN, NaN, NaN, NaN, NaN, NaN, NaN, NaN, NaN, NaN, NaN, NaN, NaN, NaN, NaN, NaN, NaN, NaN, NaN, NaN], "acc": [0.11964000000000001, 0.11958, 0.14276, 0.14594, 0.14012, 0.17148, 0.19421999999999998, 0.17058000000000004, 0.1, 0.10000000000000002, 0.10000000000000005, 0.10000000000000002, 0.10000000000000005, 0.10000000000000002, 0.10000000000000002, 0.10000000000000002, 0.10000000000000003, 0.09999999999999998, 0.10000000000000005, 0.10000000000000003, 0.10000000000000002, 0.1, 0.10000000000000005, 0.10000000000000003, 0.1, 0.10000000000000002, 0.10000000000000003, 0.10000000000000003, 0.10000000000000003, 0.09999999999999998, 0.10000000000000002, 0.10000000000000003, 0.10000000000000002, 0.1, 0.1, 0.1, 0.10000000000000003, 0.10000000000000002, 0.09999999999999998, 0.10000000000000003, 0.10000000000000003, 0.1, 0.10000000000000005, 0.10000000000000003, 0.10000000000000002, 0.10000000000000003, 0.10000000000000002, 0.10000000000000003, 0.10000000000000003, 0.1, 0.10000000000000002, 0.10000000000000003, 0.10000000000000002, 0.10000000000000002, 0.09999999999999998, 0.10000000000000003, 0.09999999999999998, 0.10000000000000002, 0.09999999999999996, 0.10000000000000003, 0.10000000000000003, 0.10000000000000003, 0.10000000000000002, 0.10000000000000002, 0.10000000000000002, 0.10000000000000002, 0.10000000000000005, 0.10000000000000002, 0.10000000000000003, 0.10000000000000003, 0.10000000000000003, 0.10000000000000002, 0.10000000000000002, 0.10000000000000002, 0.1, 0.10000000000000003, 0.10000000000000005, 0.1, 0.10000000000000003, 0.10000000000000005, 0.10000000000000005, 0.1, 0.10000000000000005, 0.1, 0.10000000000000002, 0.1, 0.1, 0.10000000000000003, 0.1, 0.10000000000000003, 0.1, 0.10000000000000002, 0.10000000000000003, 0.10000000000000003, 0.10000000000000003, 0.10000000000000002, 0.10000000000000003, 0.10000000000000002, 0.10000000000000003, 0.1], "test_acc": [0.1298, 0.1299, 0.1248, 0.1603, 0.1147, 0.1932, 0.2445, 0.1, 0.1, 0.1, 0.1, 0.1, 0.1, 0.1, 0.1, 0.1, 0.1, 0.1, 0.1, 0.1, 0.1, 0.1, 0.1, 0.1, 0.1, 0.1, 0.1, 0.1, 0.1, 0.1, 0.1, 0.1, 0.1, 0.1, 0.1, 0.1, 0.1, 0.1, 0.1, 0.1, 0.1, 0.1, 0.1, 0.1, 0.1, 0.1, 0.1, 0.1, 0.1, 0.1, 0.1, 0.1, 0.1, 0.1, 0.1, 0.1, 0.1, 0.1, 0.1, 0.1, 0.1, 0.1, 0.1, 0.1, 0.1, 0.1, 0.1, 0.1, 0.1, 0.1, 0.1, 0.1, 0.1, 0.1, 0.1, 0.1, 0.1, 0.1, 0.1, 0.1, 0.1, 0.1, 0.1, 0.1, 0.1, 0.1, 0.1, 0.1, 0.1, 0.1, 0.1, 0.1, 0.1, 0.1, 0.1, 0.1, 0.1, 0.1, 0.1, 0.1], "tot_time": 1367.5916697978973, "tot_iterations": 5000, "tot_epochs": 100}