{"avg_loss": [0.8143995132058125, 0.35130001689446516, 0.14538798777711198, 0.008796895745169415, 0.000334330905005779, 0.0002055466566230761, 0.00016525401983529428, 0.00014561769459883796, 0.00013209002277561998, 0.0001250965345676431, 0.00012044221857538645, 0.00011749295660060696, 0.00011467584902725534, 0.00011228872133489034, 0.00011181207197558278, 0.00010945832858797652, 0.00010959183727799439, 0.00010870446693353824, 0.00010893118800063194, 0.00010766598027192237, 0.00010751570372249138, 0.00010596674324981573, 0.00010746391455556653, 0.00010666443938629527, 0.00010600701249591954, 0.00010716991080318144, 0.00010621587978780957, 0.0001061660815373131, 0.000105675140221577, 0.00010479153693334557, 0.00010592642893789265, 0.00010555999904302566, 0.0001054548203042169, 0.00010544485342325748, 0.00010497758090119529, 0.00010576365283173005, 0.00010476035057080961, 0.00010426222006152492, 0.00010450308559589626, 0.00010448543089560071, 0.0001051283437383452, 0.00010482301652671082, 0.00010411158721465633, 0.0001044567583615297, 0.00010399244807632797, 0.00010502991417561951, 0.0001049075951288449, 0.0001043129487267735, 0.00010453574261181824, 0.00010449738934107625, 0.0001038585476954163, 0.0001039292482531288, 0.0001036706216937096, 0.00010399213543973402, 0.00010459413780896902, 0.00010469847530300269, 0.00010486617281619532, 0.00010437323583543492, 0.00010386026042075123, 0.00010422737911199432, 0.0001039358413003881, 0.00010359324873346095, 0.00010384584465372262, 0.00010336928638949692, 0.00010394114868545838, 0.00010378241448818775, 0.00010321194558468012, 0.00010364956236941373, 0.00010342238259668182, 0.00010334634784903402, 0.00010406647745657535, 0.00010337972881259018, 0.0001044697067473263, 0.00010326356148923879, 0.00010378174007842892, 0.00010388705434479397, 0.00010368307938209248, 0.00010356579901624206, 0.00010348957652610919, 0.00010403254314266933, 0.0001037259712293739, 0.00010406129998952507, 0.00010337730373163794, 0.00010444556173454051, 0.00010422587751173801, 0.00010320075497674182, 0.00010373555204536962, 0.00010409756973122487, 0.00010367582196563339, 0.00010311869150255046], "test_loss": [0.4014370352929473, 0.2771713351808221, 0.0453704338632014, 0.0004999754247999162, 0.0002270573283625765, 0.0001698636383342449, 0.00015230293606201273, 0.00012847926684133015, 0.000124693470724255, 0.00011869506639612537, 0.00011586885057778066, 0.00011286552713482318, 0.00010996484636797303, 0.00010904974673734234, 0.0001084472589499136, 0.00010700081874311168, 0.00010656406369585369, 0.00010833838024876617, 0.00010622437291743633, 0.00010720577021209914, 0.00010642644128519395, 0.00010668186735495487, 0.00010605192137011823, 0.00010655509887789483, 0.0001051195268721258, 0.00010579725497528145, 0.00010589650443476958, 0.00010634916531686706, 0.00010456838452137155, 0.0001056955550604196, 0.000106026208010859, 0.00010602124061637426, 0.00010495553205545121, 0.00010498418514730238, 0.00010547656222601851, 0.00010495985386759467, 0.00010420355952236443, 0.0001062079511269302, 0.00010557873572614228, 0.00010631230721369125, 0.00010488274717621156, 0.00010396207632665923, 0.00010601927226641002, 0.0001044125215925147, 0.00010434635019784316, 0.00010569312215172348, 0.00010361757093633069, 0.0001065537296022085, 0.00010377185964189165, 0.00010430701859025697, 0.00010386768024490607, 0.00010366900314336084, 0.00010385807638245931, 0.00010414182506603179, 0.00010460375645998569, 0.00010485003721717974, 0.00010418575169801253, 0.00010415266247896412, 0.00010413231557190514, 0.00010380972957219577, 0.0001027200197818006, 0.00010459282146299613, 0.00010348730594812367, 0.00010326523880189088, 0.00010278385106172364, 0.00010378517084592964, 0.00010391391655288953, 0.00010406546672699833, 0.00010446718957809792, 0.00010396759973960351, 0.00010343245994160166, 0.00010545602298494076, 0.000103061113511082, 0.00010415109307049455, 0.00010390157914892257, 0.00010399720150785808, 0.00010299993253452709, 0.00010280177657791238, 0.00010499404058053071, 0.00010334560034287064, 0.00010420096198447008, 0.00010361674309600829, 0.00010309122889334883, 0.00010286295339635452, 0.00010337243621172368, 0.00010402459805248501, 0.00010241601280792427, 0.00010345599022490909, 0.00010389816995102758, 0.00010333492865390154], "tot_time": 100.01448082923889, "tot_iterations": 630,