{"avg_loss": [0.8856709511176882, 0.5070026608803607, 0.5092216981405108, 0.5072287096198628, 0.5063794801599607, 0.5082129267460688, 0.5049198600988657, 0.5074292564170985, 0.5089422250783174, 0.5074855846735292, 0.511051479069397, 0.5057183445399587, 0.5115827769325864, 0.5102033515697502, 0.5061063757552866, 0.5051517416102772, 0.5057319520199326, 0.5040427650377989, 0.5040872406851922, 0.5040217469999833, 0.5054430526047098, 0.5026513641403947, 0.49915185777346177, 0.5002404576231184, 0.4979483407585047, 0.4975035594602673, 0.49201939646183923, 0.48979518516491805, 0.48927021676893456, 0.4885900839329042, 0.4856674644019859, 0.4872127732131758, 0.48151161521428676, 0.48215750666801505, 0.48411904257277794, 0.47862122151828873, 0.4726659278354342, 0.4712775057321803, 0.4732354999766703, 0.47174698330409565, 0.46857085422229655, 0.4643400908271936, 0.464547363221692, 0.4573864418788151, 0.4580258314221271, 0.45574758684330524, 0.45307091975189023, 0.45038633450310755, 0.44613492920249626, 0.4437132388314309, 0.4381238909408431, 0.4377641859210688, 0.43764380990231105, 0.43447473157297484, 0.44116561598782017, 0.4314188114002178, 0.425583520443175, 0.4265513469685232, 0.42266892001527495, 0.4234720603114756, 0.4178011919457257, 0.4198999788392287, 0.4197263502528075, 0.41485589286070235, 0.41380034401954846, 0.41234513464371464, 0.4114607351337341, 0.41086104431807996, 0.4155486764240472], "test_loss": [0.5023902015659153, 0.5133234067009071, 0.5010724331851648, 0.4985293897540147, 0.5023913075163029, 0.4980757899050954, 0.5000205053341451, 0.5016882388978189, 0.5014736618847352, 0.4999856390525149, 0.49763432625497045, 0.49918898396450184, 0.5043017682921357, 0.4990533803783613, 0.5008284741366377, 0.4987909193258424, 0.4982485940860649, 0.49456027242497136, 0.4958340729920153, 0.5026134213496312, 0.5009936642594216, 0.4962540286290006, 0.49347852769885237, 0.49509107164153976, 0.4892925528248456, 0.4962060484289884, 0.48074937815130564, 0.4872783824273768, 0.48080495804589085, 0.48224189814043295, 0.4746462188121825, 0.47594040088490996, 0.47218045371903233, 0.47504133164462625, 0.4728816250110978, 0.4652785099053496, 0.46174542116937306, 0.4762443895380837, 0.46219060451679467, 0.47314660899020866, 0.4586301892921596, 0.4546131261560198, 0.44936000830525535, 0.4537080665479872, 0.4487008752052187, 0.44343938154508655, 0.44202866487793363, 0.43633638109751244, 0.43296679816949335, 0.4308918489376804, 0.42855648826474113, 0.43289976629259164, 0.427694426050594, 0.43029328412192536, 0.43122119128105735, 0.41844617124285605, 0.41667331858869383, 0.4269877215694726, 0.4164392325857776, 0.41175202837217156, 0.4092022776760977, 0.4131681073889481, 0.40829913514265725, 0.4066191779268275, 0.407368599373112, 0.40709992448383175, 0.4031529625677696, 0.4025834417305504, 0.40027954087611994], "tot_time": 101.21237850189209, "tot_iterations": 483, "rho": [0.0001, 6.666666666666667e-05, 4.4444444444444447e-05, 2.962962962962963e-05, 4.4444444444444447e-05, 6.666666666666667e-05, 0.0001, 0.00015000000000000001, 0.00022500000000000002, 0.00015000000000000001, 0.00022500000000000002, 0.0003375, 0.00050625, 0.00050625, 0.000759375, 0.0011390624999999999, 0.0017085937499999998, 0.0011390624999999999, 0.0007593749999999999, 0.0005062499999999999, 0.0007593749999999999, 0.0011390624999999999, 0.0007593749999999999, 0.0005062499999999999, 0.0003374999999999999, 0.0003374999999999999, 0.00022499999999999994, 0.0003374999999999999, 0.0005062499999999999, 0.0007593749999999999, 0.0005062499999999999, 0.0005062499999999999, 0.0007593749999999999, 0.0005062499999999999, 0.0005062499999999999, 0.0007593749999999999, 0.0005062499999999999, 0.0005062499999999999, 0.0007593749999999999, 0.0011390624999999999, 0.0017085937499999998, 0.0025628906249999996, 0.0017085937499999996, 0.0025628906249999996, 0.0017085937499999996, 0.0017085937499999996, 0.0025628906249999996, 0.0025628906249999996, 0.0017085937499999996, 0.0011390624999999997, 0.0017085937499999996, 0.0025628906249999996, 0.0017085937499999996, 0.0025628906249999996, 0.0017085937499999996, 0.0011390624999999997, 0.0017085937499999996, 0.0025628906249999996, 0.0017085937499999996, 0.0011390624999999997, 0.0017085937499999996, 0.0011390624999999997, 0.0017085937499999996, 0.0017085937499999996, 0.0011390624999999997, 0.0017085937499999996, 0.0017085937499999996, 0.0017085937499999996, 0.0011390624999999997, 0.0007593749999999997, 0.0005062499999999998, 0.0003374999999999998, 0.0005062499999999998, 0.0005062499999999998, 0.0007593749999999996, 0.0007593749999999996, 0.0005062499999999998, 0.0007593749999999996, 0.0005062499999999998, 0.0003374999999999998, 0.0005062499999999998, 0.0007593749999999996, 0.0011390624999999995, 0.0007593749999999996, 0.0007593749999999996, 0.0007593749999999996, 0.0011390624999999995, 0.0017085937499999992, 0.0025628906249999988, 0.0025628906249999988, 0.0017085937499999992, 0.0011390624999999995, 0.0011390624999999995, 0.0007593749999999996, 0.0007593749999999996, 0.0005062499999999998, 0.0007593749999999996, 0.0007593749999999996, 0.0005062499999999998, 0.0007593749999999996, 0.0011390624999999995, 0.0017085937499999992, 0.0025628906249999988, 0.003844335937499998, 0.005766503906249997, 0.0038443359374999977, 0.005766503906249996, 0.008649755859374993, 0.005766503906249995, 0.003844335937499997, 0.002562890624999998, 0.003844335937499997, 0.002562890624999998, 0.0017085937499999985, 0.0017085937499999985, 0.0017085937499999985, 0.002562890624999998, 0.002562890624999998, 0.0017085937499999985, 0.002562890624999998, 0.002562890624999998, 0.002562890624999998, 0.0017085937499999985, 0.002562890624999998, 0.003844335937499997, 0.005766503906249995, 0.005766503906249995, 0.003844335937499997, 0.002562890624999998, 0.003844335937499997, 0.002562890624999998, 0.0017085937499999985, 0.002562890624999998, 0.003844335937499997, 0.002562890624999998, 0.0017085937499999985, 0.001139062499999999, 0.0017085937499999985, 0.001139062499999999, 0.0017085937499999985, 0.0017085937499999985, 0.0017085937499999985, 0.001139062499999999, 0.0017085937499999985, 0.001139062499999999, 0.001139062499999999, 0.0017085937499999985, 0.001139062499999999, 0.001139062499999999, 0.0017085937499999985, 0.0017085937499999985, 0.001139062499999999, 0.0007593749999999993, 0.001139062499999999, 0.0017085937499999985, 0.002562890624999998, 0.0017085937499999985, 0.002562890624999998, 0.003844335937499997, 0.005766503906249995, 0.003844335937499997, 0.002562890624999998, 0.0017085937499999985, 0.001139062499999999, 0.001139062499999999, 0.0017085937499999985, 0.001139062499999999, 0.0017085937499999985, 0.001139062499999999, 0.0017085937499999985, 0.002562890624999998, 0.002562890624999998, 0.002562890624999998, 0.002562890624999998, 0.0017085937499999985, 0.002562890624999998, 0.002562890624999998, 0.002562890624999998, 0.002562890624999998, 0.0017085937499999985, 0.001139062499999999, 0.0017085937499999985, 0.0017085937499999985, 0.0017085937499999985, 0.0017085937499999985, 0.001139062499999999, 0.0017085937499999985, 0.0017085937499999985, 0.001139062499999999, 0.0017085937499999985, 0.001139062499999999, 0.0007593749999999993, 0.001139062499999999, 0.0017085937499999985, 0.001139062499999999, 0.0017085937499999985, 0.0017085937499999985, 0.002562890624999998, 0.0017085937499999985, 0.0017085937499999985, 0.002562890624999998, 0.002562890624999998, 0.002562890624999998, 0.003844335937499997, 0.002562890624999998, 0.0017085937499999985, 0.0017085937499999985, 0.0017085937499999985, 0.0017085937499999985, 0.001139062499999999, 0.001139062499999999, 0.001139062499999999, 0.001139062499999999, 0.001139062499999999, 0.001139062499999999, 0.0017085937499999985, 0.002562890624999998, 0.0017085937499999985, 0.002562890624999998, 0.0017085937499999985, 0.001139062499999999, 0.0007593749999999993, 0.001139062499999999, 0.001139062499999999, 0.0017085937499999985, 0.002562890624999998, 0.0017085937499999985, 0.0017085937499999985, 