{"avg_loss": [2.3030773423522906, 2.3030658772661337, 2.3030545015889614, 2.3030432669481686, 2.3030321507385865, 2.3030211950768757, 2.303010292424582, 2.3029995406592567, 2.3029889126841097, 2.3029784085004636, 2.302968166649244, 2.3029578034687517, 2.302947658232257, 2.3029376763602487, 2.3029277577167937, 2.3029179604000043, 2.3029082475797367, 2.3028987215123804, 2.3028892418281046, 2.302879748923546, 2.3028705484175775, 2.3028614026413563, 2.302852296612655, 2.302843344527423, 2.302834386161916, 2.3028256677773418, 2.302816895687048, 2.30280829642387, 2.3027996828574913, 2.302791274689219, 2.3027828360945475, 2.3027744775527634, 2.3027662144958048, 2.30275793747666, 2.3027498174535377, 2.302741635652777, 2.3027336649575343, 2.3027257159049594, 2.3027177492012805, 2.3027099534835487, 2.3027020379081597, 2.302694267949738, 2.302686541214965, 2.3026788779137766, 2.3026712500822075, 2.302663649993002, 2.3026560422732567, 2.30264853861539, 2.3026411329616914, 2.302633737416445, 2.3026263043136503, 2.3026189473761165, 2.302611678839099, 2.30260428756746, 2.3025971799243585, 2.3025899038966116, 2.3025826352464818, 2.302575581213135, 2.302568408343122, 2.3025612472748986, 2.3025542045462135, 2.3025471745266346, 2.302540172717174, 2.302533123258566, 2.302526110884931, 2.302519098804451, 2.3025121975673657, 2.302505261719068, 2.302498322233274, 2.3024914308136957, 2.3024845356954247, 2.302477724612489, 2.3024708815636514, 2.3024640001749304, 2.3024571772650297, 2.3024502815201195, 2.3024434708166344, 2.302436686673737, 2.302429927907555, 2.3024231160930344, 2.302416411949309, 2.3024095066374626, 2.3024027790207624, 2.302395994356071, 2.3023893184663367, 2.3023825432719436, 2.302375839505297, 2.3023690030100123, 2.3023623237534636, 2.302355527432076, 2.302348786195216, 2.302342084506981, 2.302335378114133, 2.302328644607661, 2.302321873488331, 2.3023150580555747, 2.3023083575896455, 2.3023016864908055, 2.302294926791306, 2.3022880487384536], "acc": [0.10000000000000002, 0.10000000000000003, 0.10000000000000003, 0.1, 0.10000000000000002, 0.10000000000000002, 0.10000000000000002, 0.10000000000000003, 0.10000000000000003, 0.10000000000000002, 0.09999999999999996, 0.10000000000000003, 0.10000000000000003, 0.10000000000000003, 0.10000000000000002, 0.1, 0.10000000000000003, 0.10000000000000002, 0.1, 0.10000000000000002, 0.10000000000000003, 0.10000000000000003, 0.10000000000000003, 0.10000000000000002, 0.09999999999999998, 0.10000000000000002, 0.10000000000000002, 0.10000000000000003, 0.10000000000000002, 0.10000000000000002, 0.10000000000000003, 0.10000000000000002, 0.10000000000000003, 0.10000000000000002, 0.10000000000000003, 0.10000000000000003, 0.1, 0.09999999999999998, 0.10000000000000009, 0.1, 0.10000000000000002, 0.10000000000000003, 0.10000000000000002, 0.10000000000000002, 0.10000000000000002, 0.10000000000000005, 0.10000000000000005, 0.10000000000000002, 0.09999999999999998, 0.10000000000000005, 0.10000000000000002, 0.10000000000000003, 0.10000000000000003, 0.10000000000000005, 0.10000000000000005, 0.1, 0.1, 0.10000000000000002, 0.10000000000000007, 0.10000000000000003, 0.10000000000000003, 0.10000000000000002, 0.1, 0.10000000000000003, 0.10000000000000002, 0.10000000000000002, 0.10000000000000003, 0.10000000000000003, 0.10000000000000002, 0.1, 0.10000000000000005, 0.10000000000000002, 0.10000000000000002, 0.1, 0.10000000000000005, 0.10000000000000003, 0.10000000000000003, 0.10000000000000003, 0.10000000000000003, 0.10000000000000002, 0.10000000000000003, 0.10000000000000003, 0.10000000000000007, 0.10000000000000002, 0.10000000000000003, 0.10000000000000005, 0.1, 0.10000000000000005, 0.10000000000000003, 0.1, 0.10000000000000003, 0.10000000000000003, 0.10000000000000003, 0.1, 0.10000000000000002, 0.1, 0.10000000000000009, 0.10000000000000005, 0.10000000000000005, 0.1], "test_acc": [0.1, 0.1, 0.1, 0.1, 0.1, 0.1, 0.1, 0.1, 0.1, 0.1, 0.1, 0.1, 0.1, 0.1, 0.1, 0.1, 0.1, 0.1, 0.1, 0.1, 0.1, 0.1, 0.1, 0.1, 0.1, 0.1, 0.1, 0.1, 0.1, 0.1, 0.1, 0.1, 0.1, 0.1, 0.1, 0.1, 0.1, 0.1, 0.1, 0.1, 0.1, 0.1, 0.1, 0.1, 0.1, 0.1, 0.1, 0.1, 0.1, 0.1, 0.1, 0.1, 0.1, 0.1, 0.1, 0.1, 0.1, 0.1, 0.1, 0.1, 0.1, 0.1, 0.1, 0.1, 0.1, 0.1, 0.1, 0.1, 0.1, 0.1, 0.1, 0.1, 0.1, 0.1, 0.1, 0.1, 0.1, 0.1, 0.1, 0.1, 0.1, 0.1, 0.1, 0.1, 0.1, 0.1, 0.1, 0.1, 0.1, 0.1, 0.1, 0.1, 0.1, 0.1, 0.1, 0.1, 0.1, 0.1, 0.1, 0.1], "tot_time": 1413.8909051418304, "tot_iterations": 5000, "tot_epochs": 100}