{"avg_loss": [0.7743500909101773, 0.28559646197782057, 0.035305682904909964, 0.0006262492979173996, 0.00017491865657929902, 0.00012984214382537362, 0.00011300925654764247, 0.00010733598963942447, 0.00010723148221549306, 0.00010785971227582058, 0.00010671060805209752, 0.00010745417994522082, 0.00010706194346873281, 0.0001060497983512188, 0.00010545805608844097, 0.00010484346245054776, 0.00010675521244238218, 0.00010485037838534334, 0.00010647669856158797, 0.00010565897905839022, 0.00010529586638132492, 0.0001054884457619731, 0.00010484666937766203, 0.00010417401788726083, 0.00010523878809805326, 0.0001074054030262548, 0.00010503806264065837, 0.00010454916271277803, 0.00010449820667463214, 0.00010438945425910052, 0.00010498422352659232, 0.00010586503535506765, 0.00010331434812791017, 0.00010460702408902174, 0.00010669849902713065, 0.00010633278179102135, 0.00010433932882506785, 0.00010460815760396856, 0.00010476128244824982, 0.00010522942094171427, 0.00010504396500094276, 0.0001057970656533024, 0.00010413436867974685, 0.00010560022981876843, 0.00010519497608478927, 0.00010763695238291966, 0.00010454904072281484, 0.00010495284928598447, 0.00010365948175260949, 0.00010362071206519218, 0.0001058851013919371, 0.00010543292683780119, 0.0001048638895226518, 0.00010445962844687692, 0.00010489920980099026, 0.0001055161886190933, 0.00010445095778302394, 0.0001047101893791414, 0.00010551089086245546, 0.00010477253003034234, 0.00010461262328957557, 0.00010416861017717843, 0.00010445804105970516, 0.00010420336995660946, 0.00010478647241377251, 0.00010543919361051214, 0.00010508757957623193, 0.00010382273987418284], "test_loss": [0.3947135322098895, 0.14755157950466377, 0.0012175885592441353, 0.00021016291556524144, 0.00014493593028106505, 0.00011333664930638398, 0.00010626976788723845, 0.00010425011182525912, 0.0001066073741988709, 0.00010425653017364087, 0.00010776745775231784, 0.00010464520098102846, 0.00010455804641192913, 0.00010389711189269015, 0.00010577357222526947, 0.00010762494257267437, 0.00010530431177467706, 0.00010746524037281065, 0.0001079840859702492, 0.00010388644192180602, 0.00010679791710662124, 0.00010350386509458587, 0.00010345751627223435, 0.00010617124584187406, 0.00010500833011979993, 0.00010492325328587467, 0.00010243142243217737, 0.00010305657609456749, 0.00010387556178965911, 0.000103565858033206, 0.00010269107243111769, 0.00010335245336823127, 0.00010463104542499274, 0.00010372442310765839, 0.00010396770032034249, 0.00010344969344565247, 0.00010428215483235768, 0.0001054069806397337, 0.00010396374748888998, 0.00010402110986357382, 0.00010304818831068071, 0.00010341755179351556, 0.00010302777488642499, 0.00010302222902116815, 0.00010725446036890345, 0.000103591752421741, 0.00010340862117912818, 0.00010314255693542326, 0.00010286298547229051, 0.00010477132395346039, 0.00010361779561417408, 0.00010374134651705825, 0.0001036615502285469, 0.00010433299772158396, 0.00010374082509693514, 0.0001038975581634516, 0.00010347243804181468, 0.00010479027979039949, 0.00010461764409957701, 0.00010725814682453815, 0.00010334155512862762, 0.00010372489442669885, 0.00010394724417918238, 0.0001043304783420049, 0.000104673252862993, 0.00010315235523611553, 0.00010275030983440365, 0.00010810046994248468], "tot_time": 100.50649785995483, "tot_iterations": 476, "rho": [0.0001, 6.666666666666667e-05, 0.0001, 0.00015000000000000001, 0.00022500000000000002, 0.0003375, 0.00050625, 0.000759375, 0.0011390624999999999, 0.0017085937499999998, 0.0025628906249999996, 0.0038443359374999994, 0.00576650390625, 0.008649755859375, 0.0129746337890625, 0.008649755859375, 0.008649755859375, 0.008649755859375, 0.00576650390625, 0.0038443359374999994, 0.0025628906249999996, 0.0017085937499999996, 0.0011390624999999997, 0.0007593749999999997, 0.0005062499999999998, 0.0007593749999999996, 0.0005062499999999998, 0.0003374999999999998, 0.00022499999999999986, 0.0001499999999999999, 0.00022499999999999986, 0.0001499999999999999, 0.0001499999999999999, 9.999999999999994e-05, 6.666666666666662e-05, 9.999999999999992e-05, 9.999999999999992e-05, 6.666666666666662e-05, 4.4444444444444406e-05, 6.666666666666662e-05, 4.4444444444444406e-05, 4.4444444444444406e-05, 2.9629629629629603e-05, 4.4444444444444406e-05, 4.4444444444444406e-05, 6.666666666666662e-05, 4.4444444444444406e-05, 4.4444444444444406e-05, 6.666666666666662e-05, 6.666666666666662e-05, 4.4444444444444406e-05, 2.9629629629629603e-05, 1.9753086419753066e-05, 2.96296296296296e-05, 4.44444444444444e-05, 2.96296296296296e-05, 4.44444444444444e-05, 2.96296296296296e-05, 2.96296296296296e-05, 1.9753086419753066e-05, 2.96296296296296e-05, 2.96296296296296e-05, 4.44444444444444e-05, 2.96296296296296e-05, 2.96296296296296e-05, 4.44444444444444e-05, 4.44444444444444e-05, 2.96296296296296e-05, 2.96296296296296e-05, 1.9753086419753066e-05, 1.9753086419753066e-05, 1.3168724279835376e-05, 8.77914951989025e-06, 1.3168724279835376e-05, 8.77914951989025e-06, 8.77914951989025e-06, 1.3168724279835376e-05, 1.3168724279835376e-05, 1.9753086419753066e-05, 2.96296296296296e-05, 1.9753086419753066e-05, 1.9753086419753066e-05, 1.3168724279835376e-05, 8.77914951989025e-06, 5.8527663465935e-06, 8.779149519890249e-06, 1.3168724279835373e-05, 8.779149519890249e-06, 5.852766346593499e-06, 5.852766346593499e-06, 3.901844231062332e-06, 5.852766346593498e-06, 8.779149519890247e-06, 5.852766346593498e-06, 8.779149519890247e-06, 1.316872427983537e-05, 1.316872427983537e-05, 1.9753086419753053e-05, 2.962962962962958e-05, 1.9753086419753053e-05, 1.3168724279835368e-05, 8.779149519890245e-06, 1.3168724279835368e-05, 8.779149519890245e-06, 5.852766346593496e-06, 3.90184423106233e-06, 2.6012294873748867e-06, 2.6012294873748867e-06, 3.90184423106233e-06, 5.8527663465934954e-06, 8.779149519890244e-06, 1.3168724279835366e-05, 1.3168724279835366e-05, 8.779149519890244e-06, 5.8527663465934954e-06, 3.90184423106233e-06, 5.8527663465934954e-06, 3.90184423106233e-06, 5.8527663465934954e-06, 3.90184423106233e-06, 2.6012294873748867e-06, 3.90184423106233e-06, 5.8527663465934954e-06, 3.90184423106233e-06, 5.8527663465934954e-06, 3.90184423106233e-06, 5.8527663465934954e-06, 8.779149519890244e-06, 5.8527663465934954e-06, 8.779149519890244e-06, 1.3168724279835366e-05, 1.975308641975305e-05, 1.3168724279835366e-05, 1.975308641975305e-05, 1.3168724279835366e-05, 1.3168724279835366e-05, 8.779149519890244e-06, 5.8527663465934954e-06, 3.90184423106233e-06, 5.8527663465934954e-06, 8.779149519890244e-06, 5.8527663465934954e-06, 8.779149519890244e-06, 5.8527663465934954e-06, 8.779149519890244e-06, 5.8527663465934954e-06, 3.90184423106233e-06, 3.90184423106233e-06, 3.90184423106233e-06, 5.8527663465934954e-06, 3.90184423106233e-06, 5.8527663465934954e-06, 8.779149519890244e-06, 8.779149519890244e-06, 5.8527663465934954e-06, 3.90184423106233e-06, 5.8527663465934954e-06, 3.90184423106233e-06, 3.90184423106233e-06, 2.6012294873748867e-06, 1.7341529915832577e-06, 2.6012294873748863e-06, 1.7341529915832575e-06, 2.6012294873748863e-06, 3.9018442310623294e-06, 3.9018442310623294e-06, 5.852766346593495e-06, 8.779149519890242e-06, 8.779149519890242e-06, 5.852766346593495e-06, 8.779149519890242e-06, 5.852766346593495e-06, 3.9018442310623294e-06, 2.6012294873748863e-06, 1.7341529915832575e-06, 1.7341529915832575e-06, 1.7341529915832575e-06, 2.6012294873748863e-06, 1.7341529915832575e-06, 2.6012294873748863e-06, 1.7341529915832575e-06, 1.7341529915832575e-06, 2.6012294873748863e-06, 1.7341529915832575e-06, 2.6012294873748863e-06, 1.7341529915832575e-06, 1.1561019943888382e-06, 1.7341529915832573e-06, 1.1561019943888382e-06, 1.7341529915832573e-06, 1.1561019943888382e-06, 1.1561019943888382e-06, 1.7341529915832573e-06, 2.601229487374886e-06, 1.7341529915832573e-06, 1.1561019943888382e-06, 1e-06, 1e-06, 1.5e-06, 1e-06, 1e-06, 1e-06, 1.5e-06, 2.25e-06, 1.5e-06, 2.25e-06, 1.5e-06, 2.25e-06, 3.375e-06, 2.2499999999999996e-06, 2.2499999999999996e-06, 1.4999999999999996e-06, 2.2499999999999996e-06, 