{"avg_loss": [0.8393334051990424, 0.41645135438063335, 0.17693481198530875, 0.026253307778718624, 0.0006044041724313644, 0.00017309415208779702, 0.00012765456583818988, 0.00011391643233953968, 0.00010705338291158664, 0.00010687970192875693, 0.00010796729081999651, 0.00010534140403490378, 0.00010575629235643195, 0.00010465190400176327, 0.00010413759836406906, 0.00010541154977671521, 0.00010514749674582473, 0.00010428884929956664, 0.00010567301889285353, 0.00010392375790820443, 0.00010401493771733614, 0.00010415425243695908, 0.00010473701349917294, 0.00010362873271171417, 0.00010423442585837195, 0.00010421811422781073, 0.0001045849786527753, 0.00010543307480636923, 0.00010468783250221294, 0.00010446771722878518, 0.00010494449755955675, 0.00010390017460487287, 0.00010399993568278884, 0.00010417836205107027, 0.00010443988526976148, 0.0001036408389196374, 0.00010385667373172102, 0.00010462265419819182, 0.00010403428116302988, 0.00010524444369432649, 0.0001043098729270212, 0.00010353005740606317, 0.0001040983972817336, 0.00010414967399790417, 0.0001040792271974905, 0.00010461872559629153, 0.000105802005582245, 0.00010474152889164063, 0.00010500139691783373, 0.00010386340930978107, 0.00010350319124318736, 0.00010418613795647, 0.00010540448664238536, 0.00010341735418833104, 0.00010526427427433915, 0.00010572302465492111, 0.00010483839866277051, 0.00010410964396616101, 0.00010513294908318987, 0.00010357773099977425, 0.0001038105468350635, 0.00010465360326223487, 0.00010509851672367542, 0.00010398555360150578, 0.00010539644730942083, 0.00010452703052113569, 0.00010404775021741277, 0.00010434930491855999, 0.00010426685866667977, 0.00010548488879672525, 0.00010357838973227409, 0.00010363411366908177], "test_loss": [0.4435218503535731, 0.27023167039701523, 0.06147481933814994, 0.0016651157522986626, 0.000204444738444805, 0.0001339596148087438, 0.00011414336112993796, 0.00010993672726064533, 0.00010731809509521919, 0.00010252128893988221, 0.00010735523532849415, 0.00010320414830793895, 0.00010303710578251482, 0.00010400658628044099, 0.00010416088057527363, 0.00010679655095895034, 0.00010529451843959269, 0.0001027832087500262, 0.00010417165979348188, 0.00010525324144664987, 0.00010308768199505709, 0.00010504027695549606, 0.00010456677266350164, 0.00010458254651112815, 0.00010317071143631, 0.00010251217359878058, 0.0001027811330804321, 0.00010476095823755314, 0.00010260867802329731, 0.00010453255146021784, 0.00010342381164304295, 0.00010242981191682077, 0.00010571531930600869, 0.00010426791482607665, 0.00010339340001538773, 0.00010452509965053767, 0.00010310333152629432, 0.00010392157719831412, 0.00010342782485982244, 0.00010379789386866845, 0.0001044294881900789, 0.00010516847587815995, 0.00010505657149184955, 0.000104239870944262, 0.00010312997888944793, 0.00010632011194190933, 0.00010610629793258365, 0.00010443846669414662, 0.0001066016794835386, 0.00010444771979800458, 0.00010392425027452855, 0.00010387391504924194, 0.000104560441555754, 0.00010299984779528358, 0.00010424487653092185, 0.00010204709256843413, 0.00010285932470637302, 0.00010448090577170244, 0.00010253785985806546, 0.00010535710046491117, 0.00010365014693089882, 0.00010433329404817479, 0.00010434379853465957, 0.00010411370555078763, 0.00010684590468853613, 0.00010315967209710603, 0.00010675805102625428, 0.00010496874367131557, 0.00010801362749506348, 0.00010387103420709161, 0.00010460336140690966, 0.00010531650904517155], "tot_time": 100.81311249732971, "tot_iterations": 504, "rho": [0.0001, 6.666666666666667e-05, 0.0001, 0.00015000000000000001, 0.00022500000000000002, 0.0003375, 0.00050625, 0.000759375, 0.0011390624999999999, 0.0017085937499999998, 0.0025628906249999996, 0.0017085937499999996, 0.0025628906249999996, 0.0038443359374999994, 0.00576650390625, 0.008649755859375, 0.0129746337890625, 0.01946195068359375, 0.012974633789062499, 0.01946195068359375, 0.012974633789062499, 0.01946195068359375, 0.012974633789062499, 0.008649755859374999, 0.008649755859374999, 0.012974633789062499, 0.008649755859374999, 0.005766503906249999, 0.003844335937499999, 0.002562890624999999, 0.0017085937499999994, 0.0011390624999999995, 0.0007593749999999996, 0.0005062499999999998, 0.0003374999999999998, 0.0005062499999999998, 0.0007593749999999996, 0.0005062499999999998, 0.0003374999999999998, 0.0005062499999999998, 0.0003374999999999998, 0.00022499999999999986, 0.0001499999999999999, 0.0001499999999999999, 9.999999999999994e-05, 6.666666666666662e-05, 6.666666666666662e-05, 4.4444444444444406e-05, 6.666666666666662e-05, 4.4444444444444406e-05, 4.4444444444444406e-05, 4.4444444444444406e-05, 6.666666666666662e-05, 4.4444444444444406e-05, 2.9629629629629603e-05, 4.4444444444444406e-05, 2.9629629629629603e-05, 2.9629629629629603e-05, 1.9753086419753066e-05, 1.3168724279835376e-05, 8.77914951989025e-06, 1.3168724279835376e-05, 8.77914951989025e-06, 8.77914951989025e-06, 8.77914951989025e-06, 1.3168724279835376e-05, 8.77914951989025e-06, 1.3168724279835376e-05, 1.3168724279835376e-05, 8.77914951989025e-06, 5.8527663465935e-06, 5.8527663465935e-06, 5.8527663465935e-06, 3.901844231062333e-06, 3.901844231062333e-06, 5.8527663465935e-06, 5.8527663465935e-06, 5.8527663465935e-06, 5.8527663465935e-06, 5.8527663465935e-06, 3.901844231062333e-06, 2.6012294873748884e-06, 1.734152991583259e-06, 1.734152991583259e-06, 1.1561019943888392e-06, 1.1561019943888392e-06, 1e-06, 1e-06, 1.5e-06, 1e-06, 1.5e-06, 1e-06, 1e-06, 1e-06, 1e-06, 1e-06, 1.5e-06, 1.5e-06, 1e-06, 1e-06, 1.5e-06, 1e-06, 1e-06, 1.5e-06, 1.5e-06, 1e-06, 1e-06, 1e-06, 1e-06, 1.5e-06, 1e-06, 1e-06, 1e-06, 1.5e-06, 1.5e-06, 1e-06, 1.5e-06, 1e-06, 1e-06, 1e-06, 1e-06, 1e-06, 1e-06, 1e-06, 1e-06, 1e-06, 1e-06, 1e-06, 1.5e-06, 2.25e-06, 2.25e-06, 1.5e-06, 1e-06, 1.5e-06, 1e-06, 1e-06, 1e-06, 1e-06, 1e-06, 1e-06, 1e-06, 1e-06, 1e-06, 1e-06, 1.5e-06, 2.25e-06, 1.5e-06, 1e-06, 1e-06, 1e-06, 1.5e-06, 2.25e-06, 1.5e-06, 1e-06, 1e-06, 1e-06, 1e-06, 1.5e-06, 2.25e-06, 1.5e-06, 2.25e-06, 1.5e-06, 1e-06, 1e-06, 1e-06, 1e-06, 1e-06, 1e-06, 1e-06, 1e-06, 1.5e-06, 1e-06, 1e-06, 1.5e-06, 1e-06, 1e-06, 1.5e-06, 2.25e-06, 1.5e-06, 1e-06, 1e-06, 1.5e-06, 1e-06, 1e-06, 1.5e-06, 2.25e-06, 2.25e-06, 2.25e-06, 1.5e-06, 1e-06, 1e-06, 1e-06, 1e-06, 1e-06, 1e-06, 1e-06, 1e-06, 1.5e-06, 1e-06, 1e-06, 1e-06, 1e-06, 1e-06, 1e-06, 1e-06, 1e-06, 1e-06, 1e-06, 1e-06, 1e-06, 1.5e-06, 1e-06, 1e-06, 1e-06, 1e-06, 1e-06, 1e-06, 1e-06, 1e-06, 1e-06, 1.5e-06, 1e-06, 1e-06, 1e-06, 1e-06, 1e-06, 1e-06, 1e-06, 1e-06, 1e-06, 1e-06, 1e-06, 1e-06, 1e-06, 1e-06, 1e-06, 1.5e-06, 1e-06, 1.5e-06, 2.25e-06, 1.5e-06, 2.25e-06, 3.375e-06, 2.2499999999999996e-06, 3.3749999999999995e-06, 2.2499999999999996e-06, 3.3749999999999995e-06, 3.3749999999999995e-06, 2.2499999999999996e-06, 1.4999999999999996e-06, 1e-06, 1e-06, 1e-06, 1e-06, 1e-06, 1e-06, 1e-06, 1e-06, 1e-06, 1e-06, 1e-06, 1.5e-06, 1e-06, 1e-06, 1e-06, 1e-06, 1.5e-06, 1e-06, 1e-06, 1e-06, 1e-06, 1.5e-06, 1.5e-06, 1e-06, 1e-06, 1e-06, 1.5e-06, 1e-06, 1e-06, 1e-06, 1e-06, 1e-06, 1e-06, 1e-06, 1.5e-06, 2.25e-06, 2.25e-06, 1.5e-06, 2.25e-06, 1.5e-06, 2.25e-06, 1.5e-06, 1e-06, 1e-06, 1e-06, 1e-06, 1e-06, 1e-06, 1e-06, 1e-06, 1e-06, 1e-06, 1e-06, 1e-06, 1e-06, 1e-06, 1e-06, 1e-06, 1e-06, 1e-06, 1e-06, 1e-06, 1e-06, 1e-06, 1e-06, 1e-06, 1e-06, 1.5e-06, 1e-06, 1e-06, 1e-06, 1e-06, 1e-06, 1.5e-06, 1.5e-06, 2.25e-06, 1.5e-06, 1e-06, 1e-06, 1e-06, 1e-06, 1e-06, 1e-06, 1e-06, 1e-06, 1e-06, 1e-06, 1e-06, 1e-06, 1e-06, 1e-06, 1e-06, 1e-06, 1e-06, 1e-06, 1e-06, 1.5e-06, 1e-06, 1.5e-06, 1.5e-06, 1e-06, 1e-06, 1e-06, 1e-06, 1e-06, 1e-06, 1e-06, 1e-06, 1e-06, 1e-06, 1e-06, 1e-06, 1e-06, 1.5e-06, 1e-06, 1e-06, 1.5e-06, 1.5e-06, 2.25e-06, 1.5e-06, 1e-06, 1e-06, 1e-06, 1e-06, 1e-06, 1e-06, 1.5e-06, 1e-06, 1e-06, 1e-06, 1e-06, 1e-06, 1e-06, 1e-06, 1e-06, 1e-06, 1e-06, 1.5e-06, 1e-06, 1e-06, 1e-06, 1e-06, 1.5e-06, 1e-06, 1e-06, 1e-06, 1e-06, 1e-06, 1e-06, 1e-06, 1e-06, 1e-06, 1e-06, 1e-06, 1e-06, 1e-06, 1e-06, 1.5e-06, 1e-06, 1e-06, 1e-06, 1e-06, 1.5e-06, 1e-06, 1e-06, 1e-06, 1e-06, 