{"avg_loss": [0.8311627296358892, 0.35308649867769776, 0.19944482736763672, 0.06602650186455304, 0.00502108432382707, 0.0006202171637174072, 0.00022187539861806937, 0.00013844437963605902, 0.00011617522968940693, 0.00010988971053533892, 0.00010797236309333055, 0.000108043342895936, 0.00010683149902891318, 0.00010645680277777241, 0.00010762733368004997, 0.00010579291012683756, 0.00010509981486831192, 0.00010611804503703408, 0.00010488503235247216, 0.00010560835794493886, 0.00010561594292145322, 0.00010484424245370269, 0.00010487051763021665, 0.00010452498414164276, 0.00010463105649290291, 0.00010557871854177298, 0.00010462923081708652, 0.00010498350833709129, 0.00010482924287675917, 0.00010465860797604174, 0.0001045787455915842, 0.00010476802246042417, 0.00010544249727190278, 0.00010490848157831219, 0.0001037127358632651, 0.00010621548563283384, 0.00010771165546444238, 0.00010404351175853168, 0.00010486884071848832, 0.00010386019497722393, 0.00010477447812106509, 0.00010508512235005034, 0.00010481640998701785, 0.00010423962388170552, 0.00010601435817166396, 0.00010373518938765874, 0.00010430977033115483, 0.00010619988010280462, 0.0001046298135321401, 0.00010477538809436685, 0.00010383127097147664, 0.00010463547890447612, 0.00010425339373861779, 0.00010362131744901135, 0.00010561291699315928, 0.00010377960572314997, 0.0001040234133768209, 0.00010466140400074683, 0.00010378344360388439, 0.00010372679259140574, 0.00010445782042040757, 0.00010394775381650145, 0.0001057602326468294, 0.000103849091443747, 0.000104851035832779, 0.00010544836559939564], "test_loss": [0.44347099275271884, 0.2766732336794985, 0.10046000002605207, 0.015977161561056778, 0.001031639893308284, 0.000267954969599228, 0.00015128597153619259, 0.00012002953059846077, 0.00010816208579517274, 0.00010779924465952399, 0.00011404628083651603, 0.0001066677167374091, 0.00010536074754017796, 0.00010640016308910164, 0.00010708891022878734, 0.00010554809658693169, 0.0001080167895457921, 0.00010418612160516971, 0.00010347606486171544, 0.00010283359938644787, 0.00010366062517364394, 0.0001035191783580452, 0.00010302789056519148, 0.00010412687664314074, 0.00010324484495421776, 0.0001030749444041759, 0.00010366052770449617, 0.00010318509960959102, 0.00010413652125362477, 0.00010587942511585332, 0.00010761553578439144, 0.00010426851824189922, 0.00010320218516993164, 0.00010306021263231682, 0.00010410498721986398, 0.00010477228289806967, 0.00010426430542832731, 0.0001051448831333988, 0.0001028607156175154, 0.00010409486349930419, 0.00010720121996006857, 0.00010549363615495585, 0.00010274142455801416, 0.00010445926087936832, 0.00010413763196639284, 0.00010373975973371067, 0.00010459441724653628, 0.00010432382645649173, 0.00010622049201862479, 0.00010363383468989685, 0.00010301292108902583, 0.0001042533293361538, 0.00010342054997709077, 0.00010479738111880921, 0.00010367231378095714, 0.00010377955372166368, 0.00010303260626994965, 0.00010446224885240676, 0.0001031158039643796, 0.00010325000130274384, 0.00010292451209977027, 0.00010403085859933289, 0.00010262628562317334, 0.00010367890940378022, 0.00010475464457188871, 0.00010462211993190225], "tot_time": 100.7097373008728, "tot_iterations": 462, "rho": [0.0001, 6.666666666666667e-05, 0.0001, 0.00015000000000000001, 0.00022500000000000002, 0.0003375, 0.00050625, 0.000759375, 0.0011390624999999999, 0.0017085937499999998, 0.0025628906249999996, 0.0038443359374999994, 0.00576650390625, 0.008649755859375, 0.0129746337890625, 0.008649755859375, 0.0129746337890625, 0.01946195068359375, 0.029192926025390625, 0.043789389038085935, 0.0656840835571289, 0.043789389038085935, 0.0656840835571289, 0.043789389038085935, 0.02919292602539062, 0.019461950683593746, 0.012974633789062497, 0.012974633789062497, 0.012974633789062497, 0.008649755859374997, 0.005766503906249998, 0.0038443359374999986, 0.0025628906249999988, 0.0017085937499999992, 0.0011390624999999995, 0.0017085937499999992, 0.0011390624999999995, 0.0007593749999999996, 0.0005062499999999998, 0.0003374999999999998, 0.0003374999999999998, 0.0005062499999999998, 0.0003374999999999998, 0.00022499999999999986, 0.0001499999999999999, 0.00022499999999999986, 0.0001499999999999999, 9.999999999999994e-05, 0.0001499999999999999, 9.999999999999994e-05, 9.999999999999994e-05, 6.666666666666662e-05, 4.4444444444444406e-05, 6.666666666666662e-05, 6.666666666666662e-05, 4.4444444444444406e-05, 4.4444444444444406e-05, 6.666666666666662e-05, 4.4444444444444406e-05, 2.9629629629629603e-05, 4.4444444444444406e-05, 2.9629629629629603e-05, 1.9753086419753066e-05, 2.96296296296296e-05, 4.44444444444444e-05, 6.66666666666666e-05, 4.44444444444444e-05, 4.44444444444444e-05, 2.96296296296296e-05, 4.44444444444444e-05, 2.96296296296296e-05, 4.44444444444444e-05, 2.96296296296296e-05, 4.44444444444444e-05, 2.96296296296296e-05, 2.96296296296296e-05, 4.44444444444444e-05, 4.44444444444444e-05, 2.96296296296296e-05, 4.44444444444444e-05, 2.96296296296296e-05, 1.9753086419753066e-05, 2.96296296296296e-05, 1.9753086419753066e-05, 1.3168724279835376e-05, 1.9753086419753066e-05, 1.9753086419753066e-05, 1.3168724279835376e-05, 1.9753086419753066e-05, 2.96296296296296e-05, 2.96296296296296e-05, 1.9753086419753066e-05, 2.96296296296296e-05, 1.9753086419753066e-05, 1.9753086419753066e-05, 1.9753086419753066e-05, 1.3168724279835376e-05, 1.9753086419753066e-05, 2.96296296296296e-05, 1.9753086419753066e-05, 1.3168724279835376e-05, 8.77914951989025e-06, 8.77914951989025e-06, 1.3168724279835376e-05, 1.9753086419753066e-05, 2.96296296296296e-05, 4.44444444444444e-05, 2.96296296296296e-05, 1.9753086419753066e-05, 1.3168724279835376e-05, 8.77914951989025e-06, 8.77914951989025e-06, 8.77914951989025e-06, 1.3168724279835376e-05, 8.77914951989025e-06, 8.77914951989025e-06, 5.8527663465935e-06, 8.779149519890249e-06, 1.3168724279835373e-05, 1.3168724279835373e-05, 1.3168724279835373e-05, 8.779149519890249e-06, 5.852766346593499e-06, 3.901844231062332e-06, 5.852766346593498e-06, 3.901844231062332e-06, 5.852766346593498e-06, 5.852766346593498e-06, 3.901844231062332e-06, 3.901844231062332e-06, 5.852766346593498e-06, 3.901844231062332e-06, 5.852766346593498e-06, 3.901844231062332e-06, 5.852766346593498e-06, 8.779149519890247e-06, 5.852766346593498e-06, 3.901844231062332e-06, 5.852766346593498e-06, 3.901844231062332e-06, 5.852766346593498e-06, 3.901844231062332e-06, 5.852766346593498e-06, 8.779149519890247e-06, 8.779149519890247e-06, 1.316872427983537e-05, 8.779149519890245e-06, 1.3168724279835368e-05, 8.779149519890245e-06, 5.852766346593496e-06, 5.852766346593496e-06, 5.852766346593496e-06, 8.779149519890245e-06, 8.779149519890245e-06, 1.3168724279835368e-05, 8.779149519890245e-06, 5.852766346593496e-06, 3.90184423106233e-06, 3.90184423106233e-06, 5.8527663465934954e-06, 8.779149519890244e-06, 5.8527663465934954e-06, 3.90184423106233e-06, 3.90184423106233e-06, 2.6012294873748867e-06, 1.7341529915832577e-06, 1.1561019943888384e-06, 1e-06, 1.5e-06, 1e-06, 1e-06, 1e-06, 1e-06, 1.5e-06, 2.25e-06, 1.5e-06, 2.25e-06, 3.375e-06, 5.062499999999999e-06, 5.062499999999999e-06, 3.3749999999999995e-06, 3.3749999999999995e-06, 5.062499999999999e-06, 3.3749999999999995e-06, 5.062499999999999e-06, 3.3749999999999995e-06, 3.3749999999999995e-06, 5.062499999999999e-06, 3.3749999999999995e-06, 2.2499999999999996e-06, 3.3749999999999995e-06, 5.062499999999999e-06, 3.3749999999999995e-06, 3.3749999999999995e-06, 2.2499999999999996e-06, 1.4999999999999996e-06, 1e-06, 1e-06, 1.5e-06, 1e-06, 1e-06, 1e-06, 1e-06, 1.5e-06, 2.25e-06, 3.375e-06, 2.2499999999999996e-06, 1.4999999999999996e-06, 1.4999999999999996e-06, 1.4999999999999996e-06, 2.2499999999999996e-06, 3.3749999999999995e-06, 2.2499999999999996e-06, 3.3749999999999995e-06, 2.2499999999999996e-06, 2.2499999999999996e-06, 1.4999999999999996e-06, 1.4999999999999996e-06, 1e-06, 1e-06, 1.5e-06, 1.5e-06, 1.5e-06, 2.25e-06, 3.375e-06, 5.062499999999999e-06, 5.062499999999999e-06, 5.062499999999999e-06, 3.3749999999999995e-06, 