{"avg_loss": [0.9646988988238011, 0.5069246093937142, 0.5078082867209547, 0.5068125004584381, 0.5057251143166234, 0.5066392898847366, 0.5074557911994584, 0.5058660902510412, 0.5065524401433872, 0.5080939479970564, 0.50546485570311, 0.5073993733769914, 0.5077887700387455, 0.5076954646769063, 0.5079457367279426, 0.503962501640599, 0.5057586464108357, 0.5060537026586881, 0.5081685545439864, 0.5015840348075832, 0.5056712441518136, 0.49893794086938054, 0.49628800209896445, 0.49828082848121014, 0.4994603175405012, 0.49681756264227533, 0.49131224522663314, 0.48729057445912727, 0.48439156035552733, 0.48463275801433886, 0.4841937684133722, 0.48219816589064307, 0.4799245791789918, 0.47661255168072797, 0.4777248528691684, 0.4749406462897577, 0.4735474591739065, 0.4692041819852279, 0.4662886578794793, 0.4643517955027687, 0.46440416532669815, 0.4636841276225468, 0.4605262857673056, 0.46202935925611177, 0.4615257726945665, 0.46232463858978934, 0.4647084460923879, 0.4588309158806333, 0.4569359698385239, 0.4544223047552639, 0.45752293311596587, 0.4533091640605826, 0.45180688834489363, 0.45023111300219176, 0.44715730617149785, 0.4506958911936163, 0.44095985855716313, 0.4372775565541289, 0.4300787341251456, 0.4285729498035617, 0.4280951695901978, 0.4265477013168027, 0.4231849254324106, 0.4233308330665989, 0.4206760859649187, 0.41833022915400575, 0.41245796748403685, 0.41361844274528875, 0.4070143667483531, 0.40296687213486077, 0.3995501867401434, 0.3978594373739921, 0.39515064085502466, 0.39101522967904545, 0.3874749001064597, 0.3827014956228948, 0.37943598600210066, 0.3746163765524284, 0.3748236920977588, 0.37135182908767245, 0.37043532657981143, 0.37351896373384186, 0.36773842283740743, 0.3693012752157364, 0.3672119193246813], "test_loss": [0.4999419320417011, 0.5018659079968185, 0.5004877150271958, 0.4998469074784875, 0.5027966393253445, 0.50027318800167, 0.5010837645527565, 0.500932108639496, 0.5008412615047183, 0.4992339329304927, 0.4976977588978529, 0.5002429872729546, 0.49772691860902857, 0.5117212276471567, 0.49873192620165907, 0.5012545598602134, 0.5061365479020377, 0.4934775461999738, 0.49300535609694407, 0.4982691548676391, 0.49826360681306164, 0.49249016554207947, 0.49174404617629097, 0.4948951360043923, 0.49480074014987324, 0.4877964685875291, 0.48272880534526863, 0.477204424142303, 0.47899252263827946, 0.4848811551798841, 0.4715062220450675, 0.47064786593977737, 0.4669634044764477, 0.46850947906692947, 0.46624589172148173, 0.46663744401672785, 0.46221449117944424, 0.4624374013797563, 0.46012664964318467, 0.4548284511657698, 0.452862224718678, 0.4553683394752649, 0.45389075879389446, 0.45359705716860044, 0.45094744041109874, 0.448051480619097, 0.4513954276855057, 0.44684913116060215, 0.4473048142801355, 0.45381830629809733, 0.44281739963396155, 0.44652889256271505, 0.4392043503283572, 0.4356870741070492, 0.43426714662292587, 0.4328573994990115, 0.42665733883769946, 0.42546403941083083, 0.42189469652299827, 0.4286138956423779, 0.4293132497915695, 0.4199317929308034, 0.417289179380094, 0.4220348609450205, 0.41562256773807343, 0.4101923257963632, 0.4100344453708909, 0.40549549470778934, 0.39866805175752384, 0.39601978002611493, 0.39204813194132504, 0.38904462348072466, 0.38763726753500444, 0.3813846357588227, 0.37812767255487906, 0.3763285729848434, 0.3701268205649475, 0.3693059440485425, 0.3732051419870693, 0.36733920000988785, 0.3798373831297519, 0.3684757901448034, 0.37288420384018406, 0.3641573346431231, 0.3621401079236651], "tot_time": 102.18140888214111, "tot_iterations": 595, "rho": [0.0001, 0.0001, 6.666666666666667e-05, 0.0001, 0.00015000000000000001, 0.00022500000000000002, 0.0003375, 0.00050625, 0.000759375, 0.00050625, 0.000759375, 0.0011390624999999999, 0.0011390624999999999, 0.0007593749999999999, 0.0011390624999999999, 0.0011390624999999999, 0.0007593749999999999, 0.0007593749999999999, 0.0005062499999999999, 0.0007593749999999999, 0.0005062499999999999, 0.0005062499999999999, 0.0003374999999999999, 0.0005062499999999999, 0.0005062499999999999, 0.0005062499999999999, 0.0003374999999999999, 0.0005062499999999999, 0.0007593749999999999, 0.0011390624999999999, 0.0017085937499999998, 0.0011390624999999999, 0.0011390624999999999, 0.0017085937499999998, 0.0011390624999999999, 0.0017085937499999998, 0.0011390624999999999, 0.0017085937499999998, 0.0011390624999999999, 0.0011390624999999999, 0.0017085937499999998, 0.0011390624999999999, 0.0007593749999999999, 0.0007593749999999999, 0.0011390624999999999, 0.0007593749999999999, 0.0011390624999999999, 0.0017085937499999998, 0.0025628906249999996, 0.0017085937499999996, 0.0017085937499999996, 0.0011390624999999997, 0.0017085937499999996, 0.0017085937499999996, 0.0011390624999999997, 0.0017085937499999996, 0.0011390624999999997, 0.0011390624999999997, 0.0017085937499999996, 0.0025628906249999996, 0.0017085937499999996, 0.0011390624999999997, 0.0007593749999999997, 0.0011390624999999997, 0.0011390624999999997, 0.0007593749999999997, 0.0005062499999999998, 0.0007593749999999996, 0.0007593749999999996, 0.0007593749999999996, 0.0011390624999999995, 0.0007593749999999996, 0.0005062499999999998, 0.0005062499999999998, 0.0003374999999999998, 0.0005062499999999998, 0.0007593749999999996, 0.0011390624999999995, 0.0011390624999999995, 0.0011390624999999995, 0.0017085937499999992, 0.0017085937499999992, 0.0017085937499999992, 0.0011390624999999995, 0.0017085937499999992, 0.0011390624999999995, 0.0017085937499999992, 0.0025628906249999988, 0.0025628906249999988, 0.0017085937499999992, 0.0011390624999999995, 0.0017085937499999992, 0.0011390624999999995, 0.0011390624999999995, 0.0017085937499999992, 0.0011390624999999995, 0.0017085937499999992, 0.0011390624999999995, 0.0011390624999999995, 0.0011390624999999995, 0.0007593749999999996, 0.0011390624999999995, 0.0007593749999999996, 0.0011390624999999995, 0.0011390624999999995, 0.0007593749999999996, 0.0011390624999999995, 0.0017085937499999992, 0.0025628906249999988, 0.003844335937499998, 0.0025628906249999988, 0.0017085937499999992, 0.0011390624999999995, 0.0017085937499999992, 0.0025628906249999988, 0.0017085937499999992, 0.0011390624999999995, 0.0017085937499999992, 0.0017085937499999992, 0.0017085937499999992, 0.0011390624999999995, 0.0011390624999999995, 0.0011390624999999995, 0.0007593749999999996, 0.0011390624999999995, 0.0011390624999999995, 0.0017085937499999992, 0.0011390624999999995, 0.0011390624999999995, 0.0011390624999999995, 0.0011390624999999995, 0.0017085937499999992, 0.0017085937499999992, 0.0011390624999999995, 0.0017085937499999992, 0.0025628906249999988, 0.0017085937499999992, 0.0025628906249999988, 0.0017085937499999992, 0.0011390624999999995, 0.0017085937499999992, 0.0017085937499999992, 0.0017085937499999992, 0.0011390624999999995, 0.0017085937499999992, 0.0011390624999999995, 0.0007593749999999996, 0.0007593749999999996, 0.0007593749999999996, 0.0011390624999999995, 0.0011390624999999995, 0.0017085937499999992, 0.0025628906249999988, 0.0017085937499999992, 0.0017085937499999992, 0.0017085937499999992, 0.0025628906249999988, 0.003844335937499998, 0.0025628906249999988, 0.003844335937499998, 0.0025628906249999988, 0.0017085937499999992, 0.0017085937499999992, 0.0025628906249999988, 0.003844335937499998, 0.0025628906249999988, 0.003844335937499998, 0.0025628906249999988, 0.0025628906249999988, 0.0017085937499999992, 0.0011390624999999995, 0.0017085937499999992, 0.0025628906249999988, 0.0017085937499999992, 0.0017085937499999992, 0.0017085937499999992, 0.0025628906249999988, 0.0017085937499999992, 0.0025628906249999988, 0.0017085937499999992, 0.0017085937499999992, 0.0025628906249999988, 0.003844335937499998, 0.0025628906249999988, 0.0025628906249999988, 0.003844335937499998, 0.0025628906249999988, 0.0025628906249999988, 0.0025628906249999988, 0.0025628906249999988, 0.0025628906249999988, 0.0025628906249999988, 0.003844335937499998, 0.005766503906249997, 0.0038443359374999977, 0.0025628906249999983, 0.0038443359374999977, 0.005766503906249996, 