{"avg_loss": [2.098428228467557, 1.2924408797869604, 0.7764643052593715, 0.6865611715346908, 0.6385922956423425, 0.6062163518140139, 0.5758363942367313, 0.5585151725128022, 0.5429170289131301, 0.52417450907602, 0.5127076871677271, 0.5052744243821309, 0.4878897959370298, 0.48279354388878704, 0.4723086884874593, 0.47020883735937946, 0.460901750207604, 0.45014912134753776, 0.44387771879165955, 0.43877935168247756, 0.43585395928804443, 0.4297559706049798, 0.4253443960050713, 0.4224857991791312, 0.4167995148218165, 0.414327599429598, 0.4134947626750734, 0.4088371036099744, 0.40974301229361904, 0.3990974552788437, 0.3981856343206599, 0.3941013874445268, 0.39477438187701414, 0.3861466977231308, 0.3858281833463319, 0.3832479238318822, 0.3863090527163474, 0.37860180213103417, 0.38050634349260654, 0.3728471795532727, 0.3764823442104897, 0.368727302428059, 0.3664459839963727, 0.3697992620474521, 0.3667103592372386, 0.3650123109410674, 0.35936130075304384, 0.36007773336873, 0.3614449302182508, 0.35283290904000875, 0.3586478264513048, 0.3521255272362528, 0.3539018222897983, 0.35212071666862016, 0.3480872882535552, 0.34841415048648444, 0.34675807828934035, 0.34280853467087435, 0.34700129037502386, 0.34148710125560733, 0.34353028751054226, 0.3412741879980415, 0.33818544288643454, 0.332749806722073, 0.3365244916954916, 0.33361367851257456, 0.3340229227054703, 0.3291809665888175, 0.33032674115108696, 0.3321839038844603, 0.3269536969573291, 0.33218102956079637, 0.32507476658797346, 0.32360251505584264, 0.32372074546586665, 0.32306040418777593, 0.32470780776347424, 0.3181965839593526, 0.3222476282932344, 0.3180473411059906, 0.31727730186256237, 0.3182939786151748, 0.31463432152329013, 0.3152279171695496, 0.3149650625497339, 0.31400233479197076, 0.31444110534034664, 0.3121738419513863, 0.3107476563639456, 0.3074024751409952, 0.3106536079392864, 0.3073513544311612, 0.3090854958862233, 0.31002835676379026, 0.3059975761840362, 0.30432032157828337, 0.3039037878247393, 0.30813391661534784, 0.3001042390877796, 0.30243685938387604], "acc": [0.29205, 0.5990666666666667, 0.7260333333333332, 0.7482333333333333, 0.7626833333333334, 0.7758500000000003, 0.7887999999999998, 0.7944, 0.8016333333333335, 0.8076166666666665, 0.81345, 0.8153833333333337, 0.8229166666666663, 0.8249333333333333, 0.8283166666666667, 0.8292833333333334, 0.8333500000000001, 0.8376666666666666, 0.8403166666666664, 0.8402833333333334, 0.8422999999999999, 0.8457, 0.8461166666666666, 0.8475166666666663, 0.8493833333333336, 0.8503, 0.8489666666666665, 0.8520166666666665, 0.850683333333333, 0.8556833333333332, 0.8557999999999999, 0.8574333333333333, 0.8568333333333332, 0.8609833333333334, 0.8605166666666665, 0.8609166666666663, 0.8588166666666665, 0.8631166666666663, 0.8617333333333334, 0.8660000000000001, 0.8635499999999998, 0.8661, 0.8682333333333332, 0.8649833333333332, 0.8662166666666662, 0.8664166666666664, 0.8692166666666666, 0.8690833333333333, 0.8680333333333332, 0.8709833333333333, 0.8690499999999998, 0.8717333333333334, 0.8713833333333335, 0.8718833333333331, 0.8728000000000002, 0.8730333333333333, 0.8735499999999998, 0.8759833333333333, 0.8738999999999998, 0.8752833333333332, 0.8749166666666671, 0.8755666666666669, 0.8762166666666666, 0.8797, 0.8771333333333333, 0.8790333333333332, 0.8777833333333334, 0.8808500000000002, 0.8803333333333334, 0.8786500000000002, 0.8810666666666669, 0.8794000000000001, 0.88275, 0.8830833333333339, 0.8817499999999998, 0.8817500000000003, 0.8819500000000001, 0.8850333333333336, 0.8824333333333334, 0.8835833333333334, 0.8852500000000004, 0.8831833333333339, 0.8861000000000004, 0.8851833333333334, 0.885666666666667, 0.8855833333333332, 0.8862500000000001, 0.8869166666666665, 0.8881333333333334, 0.8885833333333334, 0.8863833333333333, 0.88875, 0.8868833333333335, 0.8878833333333336, 0.8894000000000003, 0.889666666666667, 0.8894000000000004, 0.8879000000000004, 0.8920833333333335, 0.8900000000000001], "test_acc": [0.4494, 0.7049, 0.7226, 0.741, 0.7566, 0.7813, 0.7843, 0.7982, 0.8028, 0.8114, 0.7966, 0.8159, 0.8083, 0.8231, 0.8258, 0.828, 0.8309, 0.818, 0.8327, 0.8336, 0.8383, 0.828, 0.8363, 0.8417, 0.8398, 0.8294, 0.8472, 0.843, 0.8455, 0.8455, 0.8377, 0.8496, 0.8472, 0.8497, 0.8546, 0.8534, 0.8561, 0.8494, 0.857, 0.8587, 0.8562, 0.8545, 0.8499, 0.8601, 0.8569, 0.8519, 0.8585, 0.8626, 0.8519, 0.8609, 0.8597, 0.8611, 0.8576, 0.8625, 0.8652, 0.8661, 0.8654, 0.8542, 0.8625, 0.8623, 0.846, 0.8675, 0.8668, 0.8664, 0.8693, 0.867, 0.8683, 0.8706, 0.8681, 0.8684, 0.8661, 0.8705, 0.8677, 0.8683, 0.8717, 0.8717, 0.8728, 0.8735, 0.8732, 0.8743, 0.8729, 0.8713, 0.8716, 0.8709, 0.8742, 0.865, 0.8728, 0.8735, 0.8685, 0.8681, 0.8762, 0.8729, 0.875, 0.8736, 0.8748, 0.8721, 0.8724, 0.875, 0.875, 0.8748], "tot_time": 323.76117277145386, "tot_iterations": 6000, "tot_epochs": 100}