{"avg_loss": [0.8393334051990424, 0.41645135438063335, 0.17693481198530875, 0.026253307778718624, 0.0006044041724313644, 0.00017309415208779702, 0.0001276522114785436, 0.00011394503477258205, 0.00010726448885046013, 0.00010697673210553768, 0.00010619889305468516, 0.00010519810106698619, 0.00010559978445226189, 0.00010458627904631598, 0.00010407551206467118, 0.00010522242136524745, 0.00010636553426539695, 0.0001042964354731515, 0.0001055247282097053, 0.00010389169280866397, 0.00010382949266855187, 0.00010460300858410485, 0.00010447437931798749, 0.00010441746904467171, 0.0001052852903995526, 0.00010373997488768458, 0.00010330414738771728, 0.00010510921319658933, 0.00010593234519792502, 0.00010456627823308196, 0.0001048349965426236, 0.00010408538932287627, 0.00010381842306203622, 0.00010457766389360842, 0.00010537797822968946, 0.0001039695594818555, 0.0001037959616300968, 0.00010491371044644067, 0.00010571181162631476, 0.00010433935917746921, 0.00010414167943332033, 0.00010339414562240632, 0.00010401650859615025, 0.00010422696882529297, 0.00010429323479986999, 0.00010380254914179782, 0.00010447020793923589, 0.00010462917209597091, 0.0001045489060735254, 0.00010412316097247216, 0.00010343533976054876, 0.00010427978398840605, 0.0001043376839589724, 0.00010346421418387739, 0.00010379345032434995, 0.0001048435422272002, 0.00010513552071603263, 0.0001040523635424175, 0.00010455351385107581, 0.00010364727963093643, 0.00010335327057192843, 0.00010489743563085361, 0.00010505586161635304, 0.00010398108711035118, 0.00010477849779670088, 0.00010465654458562777, 0.00010423371810433622, 0.00010569308034425145, 0.00010430723763601895, 0.00010659540638414636, 0.00010373611772432853], "test_loss": [0.4435218503535731, 0.27023167039701523, 0.06147481933814994, 0.0016651157522986626, 0.000204444738444805, 0.0001339596148087438, 0.00011413979946060161, 0.00010988073975217548, 0.00010581952855316427, 0.00010240944135930701, 0.00010394111982652045, 0.00010311361051439559, 0.0001029897076919945, 0.0001039204714845486, 0.00010412862458619245, 0.00010825939264748123, 0.000105801544700477, 0.00010267510861621897, 0.00010411040924305694, 0.00010522839507666637, 0.00010312865015766451, 0.00010529816114737963, 0.00010503403059931672, 0.00010453266638788434, 0.0001034363421990508, 0.00010255278624075716, 0.0001027123952173401, 0.00010375126739649204, 0.00010276097584661787, 0.00010421576656929532, 0.00010338766117394408, 0.0001024504373601738, 0.00010552906067094128, 0.00011174530218362678, 0.00010443038218066323, 0.00010446350470384517, 0.00010304462216185445, 0.00010433821554651518, 0.00010327284417315565, 0.00010377503210310873, 0.0001043394244766954, 0.00010526617186632719, 0.00010511326443798404, 0.00010425334837758582, 0.00010306542731533042, 0.00010570116090977411, 0.00010835486175956438, 0.00010322915845190416, 0.00010655866965784542, 0.00010445053432396687, 0.00010375852308162817, 0.00010379787250810709, 0.0001043132697822956, 0.00010249158902267499, 0.00010443648400961715, 0.00010208774214904243, 0.00010286508758599522, 0.00010445810888257943, 0.0001025304559138174, 0.00010547739544920036, 0.00010395611976307238, 0.00010454138908549295, 0.00010443431592967208, 0.00010418381402302222, 0.00010553809057006045, 0.00010347392171129879, 0.0001074671701945991, 0.00010498119490520186, 0.00010793443682694491, 0.00010364325405012772, 0.0001045391722468765], "tot_time": 100.89353966712952, "tot_iterations": 497, "rho": [0.0001, 6.666666666666667e-05, 0.0001, 0.00015000000000000001, 0.00022500000000000002, 0.0003375, 0.00050625, 0.000759375, 0.0011390624999999999, 0.0017085937499999998, 0.0025628906249999996, 0.0017085937499999996, 0.0025628906249999996, 0.0038443359374999994, 0.00576650390625, 0.008649755859375, 0.0129746337890625, 0.01946195068359375, 0.012974633789062499, 0.01946195068359375, 0.012974633789062499, 0.01946195068359375, 0.012974633789062499, 0.008649755859374999, 0.008649755859374999, 0.012974633789062499, 0.008649755859374999, 0.005766503906249999, 0.003844335937499999, 0.002562890624999999, 0.0017085937499999994, 0.0011390624999999995, 0.0007593749999999996, 0.0005062499999999998, 0.0003374999999999998, 0.0005062499999999998, 0.0007593749999999996, 0.0005062499999999998, 0.0003374999999999998, 0.0005062499999999998, 0.0003374999999999998, 0.00022499999999999986, 0.0001499999999999999, 0.0001499999999999999, 9.999999999999994e-05, 6.666666666666662e-05, 6.666666666666662e-05, 4.4444444444444406e-05, 6.666666666666662e-05, 4.4444444444444406e-05, 4.4444444444444406e-05, 4.4444444444444406e-05, 6.666666666666662e-05, 4.4444444444444406e-05, 2.9629629629629603e-05, 4.4444444444444406e-05, 2.9629629629629603e-05, 2.9629629629629603e-05, 1.9753086419753066e-05, 1.3168724279835376e-05, 8.77914951989025e-06, 1.3168724279835376e-05, 8.77914951989025e-06, 1.3168724279835376e-05, 1.3168724279835376e-05, 1.9753086419753066e-05, 1.3168724279835376e-05, 1.3168724279835376e-05, 1.3168724279835376e-05, 8.77914951989025e-06, 5.8527663465935e-06, 3.901844231062333e-06, 3.901844231062333e-06, 2.6012294873748884e-06, 3.901844231062333e-06, 5.8527663465935e-06, 5.8527663465935e-06, 8.779149519890249e-06, 8.779149519890249e-06, 1.3168724279835373e-05, 8.779149519890249e-06, 5.852766346593499e-06, 3.901844231062332e-06, 3.901844231062332e-06, 2.601229487374888e-06, 2.601229487374888e-06, 1.7341529915832585e-06, 1.7341529915832585e-06, 2.601229487374888e-06, 1.7341529915832585e-06, 2.601229487374888e-06, 1.7341529915832585e-06, 1.156101994388839e-06, 1e-06, 1e-06, 1e-06, 1.5e-06, 1.5e-06, 1e-06, 1e-06, 1.5e-06, 1e-06, 1e-06, 1.5e-06, 1.5e-06, 1e-06, 1e-06, 1e-06, 1e-06, 1.5e-06, 1.5e-06, 1e-06, 1.5e-06, 1.5e-06, 1.5e-06, 1e-06, 1e-06, 1.5e-06, 1e-06, 1e-06, 1e-06, 1e-06, 1e-06, 1e-06, 1e-06, 1e-06, 1e-06, 1e-06, 1.5e-06, 1.5e-06, 1.5e-06, 1e-06, 1e-06, 1.5e-06, 1e-06, 1e-06, 1e-06, 1e-06, 1e-06, 1e-06, 1e-06, 1e-06, 1e-06, 1e-06, 1e-06, 1.5e-06, 1e-06, 1e-06, 1e-06, 1e-06, 1e-06, 1e-06, 1e-06, 1e-06, 1e-06, 1.5e-06, 1.5e-06, 2.25e-06, 2.25e-06, 1.5e-06, 2.25e-06, 3.375e-06, 5.062499999999999e-06, 3.3749999999999995e-06, 3.3749999999999995e-06, 2.2499999999999996e-06, 1.4999999999999996e-06, 1e-06, 1e-06, 1e-06, 1.5e-06, 2.25e-06, 1.5e-06, 2.25e-06, 1.5e-06, 1e-06, 1.5e-06, 2.25e-06, 1.5e-06, 1e-06, 1e-06, 1.5e-06, 1e-06, 1e-06, 1.5e-06, 2.25e-06, 1.5e-06, 1e-06, 1e-06, 1e-06, 1e-06, 1e-06, 1e-06, 1e-06, 1.5e-06, 1e-06, 1.5e-06, 1.5e-06, 2.25e-06, 1.5e-06, 1e-06, 1.5e-06, 1.5e-06, 1e-06, 1e-06, 1e-06, 1e-06, 1e-06, 1e-06, 1e-06, 1.5e-06, 1e-06, 1e-06, 1e-06, 1e-06, 1e-06, 1e-06, 1e-06, 1e-06, 1e-06, 1.5e-06, 1e-06, 1e-06, 1e-06, 1e-06, 1e-06, 1e-06, 1e-06, 1e-06, 1.5e-06, 1e-06, 1e-06, 1e-06, 1e-06, 1e-06, 1e-06, 1.5e-06, 1.5e-06, 2.25e-06, 1.5e-06, 1e-06, 1.5e-06, 1e-06, 1e-06, 1.5e-06, 1.5e-06, 2.25e-06, 1.5e-06, 1e-06, 1e-06, 1e-06, 1e-06, 1e-06, 1e-06, 1e-06, 1e-06, 1e-06, 1e-06, 1e-06, 1e-06, 1e-06, 1.5e-06, 1e-06, 1e-06, 1e-06, 1e-06, 1.5e-06, 2.25e-06, 2.25e-06, 2.25e-06, 3.375e-06, 5.062499999999999e-06, 3.3749999999999995e-06, 2.2499999999999996e-06, 3.3749999999999995e-06, 2.2499999999999996e-06, 3.3749999999999995e-06, 2.2499999999999996e-06, 1.4999999999999996e-06, 1e-06, 1e-06, 1e-06, 1e-06, 1e-06, 1.5e-06, 2.25e-06, 2.25e-06, 1.5e-06, 2.25e-06, 3.375e-06, 2.2499999999999996e-06, 1.4999999999999996e-06, 1e-06, 1e-06, 1e-06, 1e-06, 1e-06, 1.5e-06, 1e-06, 1e-06, 1e-06, 1e-06, 1e-06, 1e-06, 1e-06, 1e-06, 1e-06, 1e-06, 1e-06, 1e-06, 1e-06, 1e-06, 1e-06, 1e-06, 1e-06, 1e-06, 1e-06, 1e-06, 1e-06, 1e-06, 1e-06, 1e-06, 1e-06, 1.5e-06, 1e-06, 1.5e-06, 1e-06, 1e-06, 1e-06, 1.5e-06, 1e-06, 1e-06, 1e-06, 1.5e-06, 1e-06, 1e-06, 1e-06, 1e-06, 1e-06, 1e-06, 1e-06, 1e-06, 1e-06, 1e-06, 1e-06, 1e-06, 1.5e-06, 1e-06, 1.5e-06, 2.25e-06, 1.5e-06, 1e-06, 1e-06, 1e-06, 1e-06, 1e-06, 1e-06, 1e-06, 1e-06, 1e-06, 1e-06, 1.5e-06, 1e-06, 1.5e-06, 2.25e-06, 1.5e-06, 2.25e-06, 1.5e-06, 2.25e-06, 1.5e-06, 2.25e-06, 1.5e-06, 1e-06, 1e-06, 1e-06, 1e-06, 1.5e-06, 1e-06, 1.5e-06, 1e-06, 1e-06, 1.5e-06, 