{"avg_loss": [0.8393334051990424, 0.41645135438063335, 0.17693481198530875, 0.02625328671962581, 0.0006040551939249922, 0.00018341507314328028, 0.0001416718283044276, 0.00012640763219030416, 0.00012229594188887329, 0.00011790338063402755, 0.00011628821229422604, 0.00011391381113995926, 0.00011323723184262134, 0.00011214579604801432, 0.00011082466219395747, 0.00010961997010787409, 0.00010930181345123204, 0.00010855071882158205, 0.00010897495140825236, 0.0001078147415928713, 0.00010713870780674258, 0.00010673009252218866, 0.00010635855039044241, 0.00010629144976227346, 0.00010615595008113647, 0.00010607989366083561, 0.00010552890768830964, 0.00010648425739760733, 0.00010583155294225258, 0.0001058925479712164, 0.00010603809877146428, 0.00010495220365511146, 0.00010513022858030271, 0.00010523068610760287, 0.00010530200271322694, 0.00010514181141220876, 0.00010460291007403795, 0.00010460785717758027, 0.00010503941230792934, 0.00010482839051895775, 0.0001051693384837537, 0.00010447695982536194, 0.00010492149464521383, 0.00010471955874135727, 0.00010487517772789015, 0.00010458064525402895, 0.00010452710279102742, 0.00010508280741633901, 0.00010454658766859357, 0.00010462374045307279, 0.00010402293843414146, 0.00010428620558744659, 0.00010451341321223683, 0.00010413820654721775, 0.00010441794178585411, 0.00010504171598012806, 0.00010477024338944742, 0.00010468988739713846, 0.00010453438150453543, 0.00010419980099460172, 0.00010437088257368581, 0.00010502070096105562, 0.00010494808809225788, 0.00010407801816529078, 0.0001045788037410234, 0.0001044912931202189, 0.00010455524581107828, 0.00010451580183843141, 0.00010407584253131613, 0.00010468661140412848, 0.00010409354065187905, 0.0001041020037660424, 0.00010476584426120053, 0.00010415111328897916, 0.00010439483924995271, 0.00010425471183025097, 0.00010397232816286908, 0.00010344401603697369, 0.00010416587630863082, 0.00010374869098437647, 0.00010363708094420506, 0.00010364155286146714, 0.00010350229588442797, 0.00010380628382876685, 0.00010510211450958946, 0.00010437529440827237, 0.00010448047858076465, 0.00010393400289354429, 0.00010407888392239973, 0.00010372303884253072], "test_loss": [0.4435218503535731, 0.27023167039701523, 0.06147481933814994, 0.0016651057241266996, 0.0002154710522719701, 0.00014282779020707116, 0.00012829564493060548, 0.00012195834475112423, 0.00011954196213345225, 0.00011364803756919212, 0.00011351783929184504, 0.00011107328693791464, 0.00011048659047114649, 0.00010919643233779388, 0.0001097528182504864, 0.00010893079855551885, 0.00010887461487948889, 0.00010654083319443012, 0.00010770897393475907, 0.00010861630441009304, 0.00010653264592744616, 0.0001071071554364313, 0.0001060795585648577, 0.00010512271767371619, 0.00010584271152560086, 0.00010466226230380066, 0.0001047272230341208, 0.00010453371688513528, 0.00010485973222806591, 0.00010644308559812644, 0.00010500244432063188, 0.00010421913322032395, 0.0001058621478294689, 0.0001063986790720644, 0.00010451228252119038, 0.00010484730437451643, 0.00010414297839650869, 0.00010597080482766598, 0.00010437863348282743, 0.00010457872028464569, 0.0001054960564368179, 0.00010417771035329901, 0.00010547039848484724, 0.0001054680526612032, 0.00010344162000092483, 0.00010381689317158218, 0.00010459182553981176, 0.00010396256301995822, 0.00010569907638348823, 0.00010509916620620164, 0.00010432233556888604, 0.00010375059500752846, 0.00010458686311271475, 0.00010297895379266556, 0.00010328399894767349, 0.00010267271123112428, 0.00010349205669685483, 0.00010518401709778325, 0.00010319671291318022, 0.00010526630516194316, 0.0001042240807708977, 0.00010429533553216003, 0.00010475169640991971, 0.0001045541569959074, 0.00010526512549523664, 0.00010505549221538446, 0.00010540311457495, 0.00010432103037109169, 0.00010464661686256815, 0.00010420702083425376, 0.00010476455105886465, 0.00010604888540981185, 0.00010308630493726936, 0.00010292712160679542, 0.00010337367435228272, 0.0001031391293919478, 0.0001030588204696378, 0.00010497307942679931, 0.00010398478335472783, 0.00010388520387702695, 0.00010390269478767245, 0.00010409713764406553, 0.00010314132930501274, 0.00010306319481118689, 0.00010469434313991073, 0.0001029264869087485, 0.00010373082348214474, 0.00010560846017755087, 0.00010330730344729773, 0.00010309665157705646], "tot_time": 100.44069385528564, "tot_iterations": 630,