{"avg_loss": [1.1137292149903906, 0.5860780532658628, 0.5040149986760822, 0.4586766971027774, 0.4308822031339285, 0.4117001845975141, 0.39209268496983846, 0.37993589436221953, 0.3626735785324371, 0.35673208032481657, 0.3466557020807612, 0.3324653256953921, 0.33496919483409077, 0.32190805872372413, 0.31842622311930524, 0.3104755121036939, 0.30759493488535017, 0.301071020943237, 0.30258575441051666, 0.2933024731197422, 0.28841134711721667, 0.2828725061993589, 0.28511362322714434, 0.28035534795444156, 0.2795635134352362, 0.2742803448291246, 0.2703666568050896, 0.26631360436806706, 0.26709788846338134, 0.2623643890395486, 0.2612774006907353, 0.2586233029439425, 0.25515186399842477, 0.2603732488745893, 0.24890353310348087, 0.24932438060750592, 0.24680310987420384, 0.25027393535314274, 0.23792740731657983, 0.2374723658779764, 0.2369284857411662, 0.23666357073848782, 0.2328779021798919, 0.23156714280674018, 0.23538779836822546, 0.22405693922682499, 0.2277237419463856, 0.2269105244995049, 0.22687725461319655, 0.22254785106406055, 0.22145919206483375, 0.21973719601952224, 0.2158664606974306, 0.2157509511813066, 0.2428549669016434, 0.21324963945170558, 0.21051489950405958, 0.20354999949772748, 0.20830251992277007, 0.20675921093227226, 0.20625473660498403, 0.204729062569794, 0.20555423447286744, 0.20353504560772942, 0.20230580895715197, 0.19806707985037725, 0.19653482124068514, 0.19620415263293847, 0.1930708157214675, 0.1988377748139806, 0.18498409103966987, 0.18646136476911673, 0.1897186904435818, 0.1925190000562526, 0.18352936947978934, 0.17806375230922045, 0.17984598458000878, 0.1810542584493589, 0.18455341033989292, 0.17670597509637467, 0.18267897486138834, 0.17692284550042384, 0.17126530660121717, 0.17586913144176067, 0.17397050331956102, 0.1749465889898765, 0.23265988125746126, 0.17999486812970258, 0.1659718324109014, 0.168187140555891, 0.16218844976365296, 0.16460251106462406, 0.16875646114686751, 0.16018771966972362, 0.16211927202270832, 0.16363109471689655, 0.1532549863927276, 0.15981654390869465, 0.15597738149950008, 0.16146430281254792], "acc": [0.5923333333333332, 0.7763499999999998, 0.8125166666666666, 0.8301333333333331, 0.8403333333333333, 0.8477999999999997, 0.85535, 0.8592833333333334, 0.8652999999999998, 0.8684999999999998, 0.8716333333333333, 0.8763999999999998, 0.8762833333333333, 0.8805166666666667, 0.8822833333333333, 0.8848666666666668, 0.8859666666666669, 0.8885333333333334, 0.8869666666666666, 0.8914833333333334, 0.8932166666666668, 0.8949166666666669, 0.8940500000000002, 0.8955666666666671, 0.8965999999999998, 0.897866666666667, 0.9000500000000002, 0.9019166666666666, 0.901116666666667, 0.9027166666666667, 0.9037500000000004, 0.9036166666666666, 0.9049166666666667, 0.9036666666666667, 0.9067, 0.9084166666666669, 0.9086333333333332, 0.9058166666666667, 0.9115833333333334, 0.9115333333333335, 0.9124166666666667, 0.9122833333333331, 0.9134499999999998, 0.9134833333333335, 0.9124166666666664, 0.9171333333333336, 0.9156666666666667, 0.9149333333333336, 0.9159499999999998, 0.9170333333333331, 0.9174166666666665, 0.9173666666666663, 0.92025, 0.9193, 0.9138999999999999, 0.9214000000000001, 0.9218, 0.9244166666666664, 0.9219499999999995, 0.9231999999999995, 0.9233333333333331, 0.9237666666666663, 0.9240333333333333, 0.9246833333333334, 0.9241833333333334, 0.9269000000000001, 0.9263666666666663, 0.9273833333333333, 0.9281166666666664, 0.9256833333333333, 0.9305500000000001, 0.9309499999999998, 0.9291166666666663, 0.9279833333333333, 0.9311499999999998, 0.9333499999999998, 0.9325833333333334, 0.9315999999999999, 0.9314833333333332, 0.9350999999999999, 0.9314000000000002, 0.9341500000000001, 0.9363666666666668, 0.9343166666666665, 0.9351833333333329, 0.9339500000000001, 0.9222333333333339, 0.9321500000000001, 0.9384333333333338, 0.9369833333333334, 0.9392166666666668, 0.9388666666666668, 0.9366000000000002, 0.9404833333333333, 0.9386833333333335, 0.9386, 0.9434333333333336, 0.9403666666666666, 0.9417166666666668, 0.9392333333333334], "test_acc": [0.7074, 0.7959, 0.8152, 0.8064, 0.8424, 0.8485, 0.8514, 0.8591, 0.8611, 0.8686, 0.8488, 0.8607, 0.8699, 0.8637, 0.8634, 0.8701, 0.8757, 0.8751, 0.8735, 0.8806, 0.8754, 0.8767, 0.8799, 0.8636, 0.8835, 0.8851, 0.8878, 0.8713, 0.8772, 0.8841, 0.8856, 0.8832, 0.8891, 0.8833, 0.8787, 0.8827, 0.8875, 0.8801, 0.889, 0.8896, 0.8792, 0.8926, 0.8882, 0.8808, 0.8914, 0.8862, 0.8844, 0.8956, 0.8943, 0.8884, 0.8852, 0.8917, 0.8961, 0.8951, 0.8949, 0.8886, 0.8965, 0.8972, 0.8946, 0.8903, 0.8806, 0.8957, 0.8921, 0.8918, 0.8982, 0.8971, 0.8938, 0.8927, 0.8963, 0.8961, 0.8983, 0.897, 0.8858, 0.8969, 0.8931, 0.8962, 0.8941, 0.8959, 0.8865, 0.8762, 0.8983, 0.897, 0.8927, 0.8961, 0.8956, 0.8974, 0.8972, 0.8968, 0.897, 0.895, 0.8959, 0.8864, 0.8946, 0.8971, 0.8937, 0.893, 0.891, 0.896, 0.8949, 0.8958], "tot_time": 323.6297791004181, "tot_iterations": 6000, "tot_epochs": 100}