{"avg_loss": [0.23974892745508272, 0.015576969425247247, 0.013805793503378707, 0.013055040251675695, 0.013282142732694263, 0.012588354713881929, 0.012023273752486262, 0.011995383545494363, 0.012134509293894256, 0.012317137126497353, 0.011917291617469423, 0.011674847319375136, 0.012189428070881733, 0.012047516158619704, 0.011019139080285168, 0.012078216631895636, 0.011679573348977597, 0.011875002038312774, 0.013759854679104054, 0.012045800125198406, 0.011837989662854355, 0.010955674288692444, 0.010687372096782116, 0.01152549504320962, 0.011365591503369209, 0.010997750904693598, 0.011589541377934635, 0.010979636783231097, 0.010438571061225565, 0.010834444164211882, 0.010722329108866191, 0.012595473363884502, 0.011794093462825528, 0.011536064587905103, 0.01132809353037654, 0.011113284525350039, 0.011566893747704862, 0.010079121928849726, 0.010275190364849803, 0.011622223641828444, 0.011376185638306172], "test_loss": [0.01800364143630281, 0.016406950870351527, 0.012003555261793303, 0.016377241800397176, 0.009945883255133244, 0.010963572646532827, 0.012337098590184498, 0.010304462863497158, 0.012595672041020836, 0.00967029589557504, 0.010185641117139002, 0.010543907666119337, 0.009528518224463975, 0.011060127233661494, 0.009946261765094338, 0.010881685243270059, 0.012241002953596637, 0.010029757266913606, 0.010534945654892085, 0.010203755156095782, 0.013736385569028469, 0.010293521113299635, 0.010834364085578481, 0.010307185186072062, 0.01066493352831794, 0.012837156073611867, 0.01003952589181746, 0.010087698025190921, 0.010101056740409519, 0.009958735616077997, 0.012103336792014424, 0.012520436272025226, 0.01094087661617271, 0.010143305485167611, 0.00976823787023778, 0.010398525439787025, 0.010590169603608274, 0.009529821837546627, 0.0110246606498063, 0.010240997047732264, 0.011356166342347877], "tot_time": 10.221333026885986, "tot_iterations": 164, "rho": [0.0001, 0.00015000000000000001, 0.00022500000000000002, 0.0003375, 0.00050625, 0.000759375, 0.0011390624999999999, 0.0017085937499999998, 0.0017085937499999998, 0.0025628906249999996, 0.0017085937499999996, 0.0025628906249999996, 0.0017085937499999996, 0.0011390624999999997, 0.0007593749999999997, 0.0005062499999999998, 0.0005062499999999998, 0.0003374999999999998, 0.0005062499999999998, 0.0003374999999999998, 0.0005062499999999998, 0.0007593749999999996, 0.0011390624999999995, 0.0011390624999999995, 0.0007593749999999996, 0.0011390624999999995, 0.0007593749999999996, 0.0011390624999999995, 0.0017085937499999992, 0.0017085937499999992, 0.0017085937499999992, 0.0011390624999999995, 0.0007593749999999996, 0.0005062499999999998, 0.0005062499999999998, 0.0003374999999999998, 0.00022499999999999986, 0.0003374999999999998, 0.0003374999999999998, 0.00022499999999999986, 0.0001499999999999999, 0.00022499999999999986, 0.0001499999999999999, 0.0001499999999999999, 0.0001499999999999999, 9.999999999999994e-05, 9.999999999999994e-05, 0.0001499999999999999, 9.999999999999994e-05, 0.0001499999999999999, 0.00022499999999999986, 0.0003374999999999998, 0.00022499999999999986, 0.0001499999999999999, 0.0001499999999999999, 0.00022499999999999986, 0.0001499999999999999, 0.00022499999999999986, 0.00022499999999999986, 0.0001499999999999999, 0.00022499999999999986, 0.0001499999999999999, 0.0001499999999999999, 0.00022499999999999986, 0.0001499999999999999, 0.00022499999999999986, 0.00022499999999999986, 0.0003374999999999998, 0.0003374999999999998, 0.0005062499999999998, 0.0007593749999999996, 0.0011390624999999995, 0.0007593749999999996, 0.0011390624999999995, 0.0011390624999999995, 0.0007593749999999996, 0.0011390624999999995, 0.0017085937499999992, 0.0017085937499999992, 0.0017085937499999992, 0.0025628906249999988, 0.0017085937499999992, 0.0025628906249999988, 0.0017085937499999992, 0.0011390624999999995, 0.0007593749999999996, 0.0007593749999999996, 0.0005062499999999998, 0.0007593749999999996, 0.0011390624999999995, 0.0017085937499999992, 0.0011390624999999995, 0.0011390624999999995, 0.0007593749999999996, 0.0007593749999999996, 0.0011390624999999995, 0.0007593749999999996, 0.0007593749999999996, 0.0011390624999999995, 0.0007593749999999996, 0.0011390624999999995, 0.0007593749999999996, 0.0011390624999999995, 0.0007593749999999996, 0.0011390624999999995, 0.0007593749999999996, 0.0007593749999999996, 0.0005062499999999998, 0.0007593749999999996, 0.0007593749999999996, 0.0005062499999999998, 0.0007593749999999996, 0.0005062499999999998, 0.0007593749999999996, 0.0011390624999999995, 0.0017085937499999992, 0.0011390624999999995, 0.0017085937499999992, 0.0025628906249999988, 0.0017085937499999992, 0.0025628906249999988, 0.0017085937499999992, 0.0017085937499999992, 0.0017085937499999992, 0.0025628906249999988, 0.0017085937499999992, 0.0017085937499999992, 0.0025628906249999988, 0.0025628906249999988, 0.0025628906249999988, 0.0017085937499999992, 0.0017085937499999992, 0.0025628906249999988, 0.003844335937499998, 0.0025628906249999988, 0.0025628906249999988, 0.003844335937499998, 0.003844335937499998, 0.005766503906249997, 0.0038443359374999977, 0.005766503906249996, 0.0038443359374999973, 0.0038443359374999973, 0.0038443359374999973, 0.002562890624999998, 0.002562890624999998, 0.002562890624999998, 0.003844335937499997, 0.002562890624999998, 0.0017085937499999985, 0.002562890624999998, 0.0017085937499999985, 0.001139062499999999, 0.0017085937499999985, 0.001139062499999999, 0.0017085937499999985, 0.0017085937499999985, 0.002562890624999998, 0.003844335937499997, 0.003844335937499997, 0.002562890624999998, 0.002562890624999998, 0.002562890624999998, 0.003844335937499997], "alpha": [0.5, 0.5, 0.25, 0.125, 0.25, 0.25, 0.5, 1.0, 0.5, 1.0, 0.5, 1.0, 1.0, 1.0, 1.0, 1.0, 1.0, 1.0, 1.0, 0.5, 0.25, 0.5, 1.0, 1.0, 0.5, 1.0, 0.5, 1.0, 1.0, 1.0, 1.0, 1.0, 1.0, 1.0, 1.0, 1.0, 0.5, 1.0, 1.0, 1.0, 0.5, 1.0, 1.0, 1.0, 1.0, 1.0, 0.5, 1.0, 0.5, 1.0, 0.5, 1.0, 1.0, 1.0, 0.125, 1.0, 0.5, 1.0, 1.0, 0.5, 1.0, 1.0, 0.125, 1.0, 0.5, 1.0, 0.5, 1.0, 0.5, 1.0, 0.5, 1.0, 0.5, 1.0, 1.0, 0.5, 0.5, 1.0, 1.0, 0.5, 1.0, 0.5, 1.0, 1.0, 1.0, 1.0, 1.0, 0.5, 0.5, 0.25, 1.0, 1.0, 1.0, 1.0, 0.25, 1.0, 1.0, 1.0, 1.0, 0.5, 1.0, 0.5, 1.0, 0.5, 1.0, 1.0, 1.0, 0.5, 1.0, 1.0, 0.5, 1.0, 0.5, 0.5, 0.5, 1.0, 0.25, 0.5, 1.0, 0.5, 1.0, 1.0, 1.0, 0.5, 1.0, 1.0, 0.5, 1.0, 1.0, 1.0, 1.0, 0.5, 1.0, 1.0, 1.0, 0.5, 1.0, 0.25, 1.0, 0.5, 1.0, 1.0, 1.0, 1.0, 1.0, 1.0, 0.5, 1.0, 1.0, 0.5, 1.0, 1.0, 0.5, 1.0, 0.5, 1.0, 0.5, 0.5, 1.0, 1.0, 1.0, 1.0, 0.5, 1.0]}