{"avg_loss": [0.8122069733954175, 0.04708322472593094, 0.02728905381210834, 0.021184506589825732, 0.015016423463593968, 0.011880544683297665, 0.011451704904534163, 0.011235549342287569, 0.011001777738144975, 0.009920947236574334, 0.009876085579630668, 0.009860978761700584, 0.009848154244910708, 0.009836326936727301, 0.009824683460882394, 0.00981369615088335, 0.00980289229404155, 0.009792580916166081, 0.009782444930552692, 0.009772697524294856, 0.009763114669754323, 0.009753843906824027, 0.009744728141691797, 0.009735864617449547, 0.009727149130469348, 0.009718637321755135, 0.00971027006731325, 0.009702065630600427, 0.009694006369419974, 0.009686073846536419, 0.009678291810458518, 0.009670602665696627, 0.00966307326824139, 0.0096556032418925, 0.009648303479699943, 0.009641028936661527, 0.009633932044646661, 0.009626826536188085, 0.009619899304801012, 0.009612932370881098, 0.009606138474582766, 0.00959927982568513, 0.00959258457873667, 0.009585806949116794, 0.009579181039039741, 0.009572461374037833, 0.009565878222050244, 0.009559194375825282, 0.009552622025178393, 0.009545944877055802, 0.009539327075120941, 0.009532602359639448, 0.00952580063897736, 0.00951889229651301, 0.009511420519183904, 0.009503850784495187, 0.009492583225003655, 0.009481339592867304, 0.009371570996491507, 0.00925731882786804, 0.00925047371293438, 0.00924377814302302, 0.009237313085948433, 0.00923088648935784, 0.009224566305493013, 0.009218275231852752, 0.009212068074937957, 0.009205885738160518, 0.00919977963942814, 0.009193694677785805, 0.009187682521931024, 0.009181687910978651, 0.009175764314758694, 0.009169854795002992, 0.009164015243998649, 0.00915818651136496, 0.009152427086014625, 0.00914667547681448, 0.009140992750510885, 0.009135315091690438, 0.009129706075315627, 0.00912409959559364, 0.009118561687480937, 0.009113023951167858, 0.009107554880519066, 0.009102083728832306, 0.00909668149144916], "test_loss": [0.051157189222166624, 0.03308567239335545, 0.024923810404708806, 0.016631313194733516, 0.012475531208776213, 0.011508312368792285, 0.01108047622071713, 0.01070374248647697, 0.010107060196270723, 0.010078415388333418, 0.009892343284008119, 0.010065469350227103, 0.00987030173034491, 0.010037868163653232, 0.009848273465339882, 0.010014157392052078, 0.009829115049370053, 0.009992906060656562, 0.00981204230230137, 0.009973470640918202, 0.009796446269747088, 0.009955437929511342, 0.009781982506057224, 0.009938481399941673, 0.009768481313827715, 0.00992229062527509, 0.009755911616318025, 0.009906523174296503, 0.009744369362309609, 0.009890770155506991, 0.00973405849410006, 0.009874587212742455, 0.009725199512109284, 0.009857628881342992, 0.009717842266207394, 0.009839864082131623, 0.009711642265526909, 0.009821695821216744, 0.009706256592945167, 0.009803794943226472, 0.009700649959389912, 0.009786782461181026, 0.009694560371379387, 0.0097709613958951, 0.009687793133503321, 0.00975630249286897, 0.009680355388243732, 0.009742504836335061, 0.009672332279854062, 0.00972900772106338, 0.009663795046854304, 0.009714768326249689, 0.00965469343542098, 0.009697164562294986, 0.009644497184586313, 0.009665266058483927, 0.009629218692951405, 0.009623038360693307, 0.00946645021810394, 0.00953811956341966, 0.009463164376152985, 0.009526768793768733, 0.009457423697453386, 0.009516718020732451, 0.00945148265198451, 0.009507014019065646, 0.009445497244516909, 0.009497506960957714, 0.009439493785669202, 0.009488188537325725, 0.009433463887252483, 0.009479090012132627, 0.0094273845975057, 0.009470253038701382, 0.00942122785348871, 0.00946171873289302, 0.009414966633172843, 0.009453522088864021, 0.009408579222002297, 0.009445688474476894, 0.0094020518460409, 0.00943823135637103, 0.009395380092137962, 0.009431151175284636, 0.009388569399572232, 0.009424435178032058, 0.009381634684768506], "tot_time": 10.013765096664429, "tot_iterations": 87, "rho": [0.0001, 6.666666666666667e-05, 0.0001, 0.00015000000000000001, 0.00015000000000000001, 0.00022500000000000002, 0.0003375, 0.00050625, 0.000759375, 0.00050625, 0.00033749999999999996, 0.00022499999999999997, 0.00014999999999999996, 9.999999999999996e-05, 6.666666666666664e-05, 4.4444444444444426e-05, 2.9629629629629616e-05, 1.9753086419753076e-05, 1.3168724279835383e-05, 8.779149519890255e-06, 5.852766346593503e-06, 3.901844231062335e-06, 2.60122948737489e-06, 1.73415299158326e-06, 1.1561019943888399e-06, 1e-06, 1e-06, 1e-06, 1e-06, 1e-06, 1e-06, 1e-06, 1e-06, 1e-06, 1e-06, 1e-06, 1e-06, 1e-06, 1e-06, 1e-06, 1e-06, 1e-06, 1e-06, 1e-06, 1e-06, 1e-06, 1e-06, 1e-06, 1e-06, 1e-06, 1e-06, 1e-06, 1e-06, 1e-06, 1e-06, 1e-06, 1e-06, 1e-06, 1e-06, 1e-06, 1e-06, 1e-06, 1e-06, 1e-06, 1e-06, 1e-06, 1e-06, 1e-06, 1e-06, 1e-06, 1e-06, 1e-06, 1e-06, 1e-06, 1e-06, 1e-06, 1e-06, 1e-06, 1e-06, 1e-06, 1e-06, 1e-06, 1e-06, 1e-06, 1e-06, 1e-06, 1e-06], "alpha": [1.0, 0.5, 0.25, 1.0, 0.25, 0.25, 0.25, 0.5, 1.0, 1.0, 1.0, 1.0, 1.0, 1.0, 1.0, 1.0, 1.0, 1.0, 1.0, 1.0, 1.0, 1.0, 1.0, 1.0, 1.0, 1.0, 1.0, 1.0, 1.0, 1.0, 1.0, 1.0, 1.0, 1.0, 1.0, 1.0, 1.0, 1.0, 1.0, 1.0, 1.0, 1.0, 1.0, 1.0, 1.0, 1.0, 1.0, 1.0, 1.0, 1.0, 1.0, 1.0, 1.0, 1.0, 1.0, 1.0, 1.0, 1.0, 1.0, 1.0, 1.0, 1.0, 1.0, 1.0, 1.0, 1.0, 1.0, 1.0, 1.0, 1.0, 1.0, 1.0, 1.0, 1.0, 1.0, 1.0, 1.0, 1.0, 1.0, 1.0, 1.0, 1.0, 1.0, 1.0, 1.0, 1.0, 1.0]}